[19:18:44] [main/INFO] (cpw.mods.modlauncher.Launcher) ModLauncher running: args [--launchTarget, forgeclientuserdev, --version, 20.4.239, --assetIndex, 1.20.4-12, --assetsDir, C:\Users\James.M\.gradle\caches\fabric-loom\assets, --gameDir, ., --fml.neoForgeVersion, 20.4.239, --fml.fmlVersion, 2.0.17, --fml.mcVersion, 1.20.4, --fml.neoFormVersion, 20240627.114801]
[19:18:44] [main/INFO] (cpw.mods.modlauncher.Launcher) ModLauncher 10.0.9+10.0.9+main.dcd20f30 starting: java version 17.0.11 by Oracle Corporation; OS Windows 10 arch amd64 version 10.0
[19:18:44] [main/DEBUG] (cpw.mods.modlauncher.LaunchServiceHandler) Found launch services [minecraft,forgeclient,forgedatauserdev,testharness,forgeserverdev,forgeserveruserdev,forgeclientdev,forgeclientuserdev,forgeserver,forgedatadev]
[19:18:44] [main/DEBUG] (cpw.mods.modlauncher.NameMappingServiceHandler) Found naming services : []
[19:18:44] [main/DEBUG] (cpw.mods.modlauncher.LaunchPluginHandler) Found launch plugins: [mixin,slf4jfixer,runtime_enum_extender,unprotect,accesstransformer,runtimedistcleaner]
[19:18:44] [main/DEBUG] (cpw.mods.modlauncher.TransformationServicesHandler) Discovering transformation services
[19:18:44] [main/DEBUG] (net.neoforged.fml.loading.FMLPaths) Path GAMEDIR is C:\Users\James.M\Documents\Dev\Eclipse\Modding\Veins\neoforge\run
[19:18:44] [main/DEBUG] (net.neoforged.fml.loading.FMLPaths) Path MODSDIR is C:\Users\James.M\Documents\Dev\Eclipse\Modding\Veins\neoforge\run\mods
[19:18:44] [main/DEBUG] (net.neoforged.fml.loading.FMLPaths) Path CONFIGDIR is C:\Users\James.M\Documents\Dev\Eclipse\Modding\Veins\neoforge\run\config
[19:18:44] [main/DEBUG] (net.neoforged.fml.loading.FMLPaths) Path FMLCONFIG is C:\Users\James.M\Documents\Dev\Eclipse\Modding\Veins\neoforge\run\config\fml.toml
[19:18:44] [main/DEBUG] (cpw.mods.modlauncher.TransformationServicesHandler) Found additional transformation services from discovery services: 
[19:18:44] [main/INFO] (net.neoforged.fml.loading.ImmediateWindowHandler) Loading ImmediateWindowProvider fmlearlywindow
[19:18:44] [main/INFO] (EARLYDISPLAY) Trying GL version 4.6
[19:18:44] [main/INFO] (EARLYDISPLAY) Requested GL version 4.6 got version 4.6
[19:18:44] [main/DEBUG] (cpw.mods.modlauncher.TransformationServicesHandler) Found transformer services : [mixin,mixin-synthetic-package,fml]
[19:18:44] [main/DEBUG] (cpw.mods.modlauncher.TransformationServicesHandler) Transformation services loading
[19:18:44] [main/DEBUG] (cpw.mods.modlauncher.TransformationServiceDecorator) Loading service mixin
[19:18:44] [main/DEBUG] (cpw.mods.modlauncher.TransformationServiceDecorator) Loaded service mixin
[19:18:44] [main/DEBUG] (cpw.mods.modlauncher.TransformationServiceDecorator) Loading service mixin-synthetic-package
[19:18:44] [main/DEBUG] (cpw.mods.modlauncher.TransformationServiceDecorator) Loaded service mixin-synthetic-package
[19:18:44] [main/DEBUG] (cpw.mods.modlauncher.TransformationServiceDecorator) Loading service fml
[19:18:44] [main/DEBUG] (net.neoforged.fml.loading.LauncherVersion) Found FMLLauncher version 2.0
[19:18:44] [main/DEBUG] (net.neoforged.fml.loading.FMLLoader) FML 2.0 loading
[19:18:44] [main/DEBUG] (net.neoforged.fml.loading.FMLLoader) FML found ModLauncher version : 10.0.9+10.0.9+main.dcd20f30
[19:18:44] [main/DEBUG] (net.neoforged.fml.loading.FMLLoader) FML found AccessTransformer version : 10.0.1+139da711
[19:18:44] [main/DEBUG] (net.neoforged.fml.loading.FMLLoader) FML found EventBus version : null
[19:18:44] [main/DEBUG] (net.neoforged.fml.loading.FMLLoader) Found Runtime Dist Cleaner
[19:18:44] [main/DEBUG] (net.neoforged.fml.loading.FMLLoader) FML found CoreMod version : 6.0.4+main.1ed25481
[19:18:44] [main/DEBUG] (net.neoforged.fml.loading.FMLLoader) Found ForgeSPI package implementation version 2.0
[19:18:44] [main/DEBUG] (net.neoforged.fml.loading.FMLLoader) Found ForgeSPI package specification 2
[19:18:44] [main/DEBUG] (cpw.mods.modlauncher.TransformationServiceDecorator) Loaded service fml
[19:18:44] [main/DEBUG] (cpw.mods.modlauncher.TransformationServicesHandler) Configuring option handling for services
[19:18:44] [main/DEBUG] (cpw.mods.modlauncher.TransformationServicesHandler) Transformation services initializing
[19:18:44] [main/DEBUG] (cpw.mods.modlauncher.TransformationServiceDecorator) Initializing transformation service mixin
[19:18:44] [main/DEBUG] (mixin) MixinService [ModLauncher] was successfully booted in cpw.mods.cl.ModuleClassLoader@949165f
[19:18:44] [main/INFO] (mixin) SpongePowered MIXIN Subsystem Version=0.8.5 Source=union:/C:/Users/James.M/.gradle/caches/modules-2/files-2.1/net.fabricmc/sponge-mixin/0.13.1+mixin.0.8.5/618f4dff860cf2d6b5196073b1a5f5e0a8591acb/sponge-mixin-0.13.1+mixin.0.8.5.jar%23102!/ Service=ModLauncher Env=CLIENT
[19:18:44] [main/DEBUG] (mixin) Initialising Mixin Platform Manager
[19:18:44] [main/DEBUG] (mixin) Adding mixin platform agents for container ModLauncher Root Container(ModLauncher:4f56a0a2)
[19:18:44] [main/DEBUG] (mixin) Instancing new MixinPlatformAgentMinecraftForge for ModLauncher Root Container(ModLauncher:4f56a0a2)
[19:18:44] [main/DEBUG] (mixin) MixinPlatformAgentMinecraftForge rejected container ModLauncher Root Container(ModLauncher:4f56a0a2)
[19:18:44] [main/DEBUG] (mixin) Instancing new MixinPlatformAgentDefault for ModLauncher Root Container(ModLauncher:4f56a0a2)
[19:18:44] [main/DEBUG] (mixin) MixinPlatformAgentDefault accepted container ModLauncher Root Container(ModLauncher:4f56a0a2)
[19:18:44] [main/DEBUG] (cpw.mods.modlauncher.TransformationServiceDecorator) Initialized transformation service mixin
[19:18:44] [main/DEBUG] (cpw.mods.modlauncher.TransformationServiceDecorator) Initializing transformation service mixin-synthetic-package
[19:18:44] [main/DEBUG] (cpw.mods.modlauncher.TransformationServiceDecorator) Initialized transformation service mixin-synthetic-package
[19:18:44] [main/DEBUG] (cpw.mods.modlauncher.TransformationServiceDecorator) Initializing transformation service fml
[19:18:44] [main/DEBUG] (net.neoforged.fml.loading.FMLServiceProvider) Setting up basic FML game directories
[19:18:44] [main/DEBUG] (net.neoforged.fml.loading.FMLPaths) Path GAMEDIR is C:\Users\James.M\Documents\Dev\Eclipse\Modding\Veins\neoforge\run
[19:18:44] [main/DEBUG] (net.neoforged.fml.loading.FMLPaths) Path MODSDIR is C:\Users\James.M\Documents\Dev\Eclipse\Modding\Veins\neoforge\run\mods
[19:18:44] [main/DEBUG] (net.neoforged.fml.loading.FMLPaths) Path CONFIGDIR is C:\Users\James.M\Documents\Dev\Eclipse\Modding\Veins\neoforge\run\config
[19:18:44] [main/DEBUG] (net.neoforged.fml.loading.FMLPaths) Path FMLCONFIG is C:\Users\James.M\Documents\Dev\Eclipse\Modding\Veins\neoforge\run\config\fml.toml
[19:18:44] [main/DEBUG] (net.neoforged.fml.loading.FMLServiceProvider) Loading configuration
[19:18:44] [main/DEBUG] (net.neoforged.fml.loading.FMLServiceProvider) Preparing ModFile
[19:18:44] [main/DEBUG] (net.neoforged.fml.loading.FMLServiceProvider) Preparing launch handler
[19:18:44] [main/DEBUG] (net.neoforged.fml.loading.FMLLoader) Using forgeclientuserdev as launch service
[19:18:44] [main/DEBUG] (net.neoforged.fml.loading.FMLLoader) Received command line version data  : VersionInfo[neoForgeVersion=20.4.239, fmlVersion=2.0.17, mcVersion=1.20.4, neoFormVersion=20240627.114801]
[19:18:44] [main/DEBUG] (net.neoforged.fml.common.asm.RuntimeDistCleaner) Configuring for Dist CLIENT
[19:18:44] [main/DEBUG] (cpw.mods.modlauncher.TransformationServiceDecorator) Initialized transformation service fml
[19:18:44] [main/DEBUG] (cpw.mods.modlauncher.NameMappingServiceHandler) Current naming domain is 'mcp'
[19:18:44] [main/DEBUG] (cpw.mods.modlauncher.NameMappingServiceHandler) Identified name mapping providers {}
[19:18:44] [main/DEBUG] (cpw.mods.modlauncher.TransformationServicesHandler) Transformation services begin scanning
[19:18:44] [main/DEBUG] (cpw.mods.modlauncher.TransformationServiceDecorator) Beginning scan trigger - transformation service mixin
[19:18:44] [main/DEBUG] (cpw.mods.modlauncher.TransformationServiceDecorator) End scan trigger - transformation service mixin
[19:18:44] [main/DEBUG] (cpw.mods.modlauncher.TransformationServiceDecorator) Beginning scan trigger - transformation service mixin-synthetic-package
[19:18:44] [main/DEBUG] (cpw.mods.modlauncher.TransformationServiceDecorator) End scan trigger - transformation service mixin-synthetic-package
[19:18:44] [main/DEBUG] (cpw.mods.modlauncher.TransformationServiceDecorator) Beginning scan trigger - transformation service fml
[19:18:44] [main/DEBUG] (net.neoforged.fml.loading.FMLServiceProvider) Initiating mod scan
[19:18:44] [main/DEBUG] (net.neoforged.fml.loading.FMLLoader) Scanning for Mod Locators
[19:18:44] [main/DEBUG] (net.neoforged.fml.loading.moddiscovery.ModListHandler) Found mod coordinates from lists: []
[19:18:44] [main/DEBUG] (net.neoforged.fml.loading.moddiscovery.ModDiscoverer) Found Mod Locators : (mods folder:2.0),(maven libs:2.0),(exploded directory:2.0),(minecraft:2.0),(userdev classpath:2.0),(builtin game layer libraries:2.0)
[19:18:44] [main/DEBUG] (net.neoforged.fml.loading.moddiscovery.ModDiscoverer) Found Dependency Locators : (JarInJar:2.0)
[19:18:44] [main/DEBUG] (net.neoforged.fml.loading.moddiscovery.ModDiscoverer) Scanning for mods and other resources to load. We know 6 ways to find mods
[19:18:44] [main/DEBUG] (net.neoforged.fml.loading.moddiscovery.ModDiscoverer) Trying locator {mods folder locator at C:\Users\James.M\Documents\Dev\Eclipse\Modding\Veins\neoforge\run\mods}
[19:18:44] [main/DEBUG] (net.neoforged.fml.loading.moddiscovery.ModsFolderLocator) Scanning mods dir C:\Users\James.M\Documents\Dev\Eclipse\Modding\Veins\neoforge\run\mods for mods
[19:18:44] [main/DEBUG] (net.neoforged.fml.loading.moddiscovery.ModDiscoverer) Locator {mods folder locator at C:\Users\James.M\Documents\Dev\Eclipse\Modding\Veins\neoforge\run\mods} found 0 candidates or errors
[19:18:44] [main/DEBUG] (net.neoforged.fml.loading.moddiscovery.ModDiscoverer) Locator {mods folder locator at C:\Users\James.M\Documents\Dev\Eclipse\Modding\Veins\neoforge\run\mods} found 0 valid mod files
[19:18:44] [main/DEBUG] (net.neoforged.fml.loading.moddiscovery.ModDiscoverer) Trying locator {Maven Directory locator for mods []}
[19:18:44] [main/DEBUG] (net.neoforged.fml.loading.moddiscovery.ModDiscoverer) Locator {Maven Directory locator for mods []} found 0 candidates or errors
[19:18:44] [main/DEBUG] (net.neoforged.fml.loading.moddiscovery.ModDiscoverer) Locator {Maven Directory locator for mods []} found 0 valid mod files
[19:18:44] [main/DEBUG] (net.neoforged.fml.loading.moddiscovery.ModDiscoverer) Trying locator {ExplodedDir locator}
[19:18:44] [main/DEBUG] (net.neoforged.fml.loading.moddiscovery.ModDiscoverer) Locator {ExplodedDir locator} found 0 candidates or errors
[19:18:44] [main/DEBUG] (net.neoforged.fml.loading.moddiscovery.ModDiscoverer) Locator {ExplodedDir locator} found 0 valid mod files
[19:18:44] [main/DEBUG] (net.neoforged.fml.loading.moddiscovery.ModDiscoverer) Trying locator net.neoforged.fml.loading.moddiscovery.MinecraftLocator@76cf849f
[19:18:44] [main/DEBUG] (net.neoforged.fml.loading.targets.CommonLaunchHandler) Got mod coordinates main%%C:\Users\James.M\Documents\Dev\Eclipse\Modding\Veins\neoforge\build\resources\main;main%%C:\Users\James.M\Documents\Dev\Eclipse\Modding\Veins\neoforge\build\classes\java\main from env
[19:18:44] [main/DEBUG] (net.neoforged.fml.loading.targets.CommonLaunchHandler) Found supplied mod coordinates [{main=[C:\Users\James.M\Documents\Dev\Eclipse\Modding\Veins\neoforge\build\resources\main, C:\Users\James.M\Documents\Dev\Eclipse\Modding\Veins\neoforge\build\classes\java\main]}]
[19:18:44] [pool-5-thread-1/INFO] (EARLYDISPLAY) GL info: NVIDIA GeForce RTX 3090 Ti/PCIe/SSE2 GL version 4.6.0 NVIDIA 572.16, NVIDIA Corporation
[19:18:44] [main/DEBUG] (net.neoforged.fml.loading.moddiscovery.ModFileInfo) Found valid mod file neoforge-20.4.239-minecraft-merged-1.20.4-loom.mappings.1_20_4.layered+hash.40359-v2-neoforge-20.4.239.jar with {minecraft} mods - versions {1.20.4}
[19:18:44] [main/DEBUG] (net.neoforged.fml.loading.moddiscovery.AbstractModProvider) Found META-INF/mods.toml mod of type null: [C:\Users\James.M\Documents\Dev\Eclipse\Modding\Veins\neoforge\build\resources\main, C:\Users\James.M\Documents\Dev\Eclipse\Modding\Veins\neoforge\build\classes\java\main]
[19:18:44] [main/DEBUG] (net.neoforged.fml.loading.moddiscovery.ModFileParser) Considering mod file candidate C:\Users\James.M\Documents\Dev\Eclipse\Modding\Veins\neoforge\build\resources\main
[19:18:44] [main/DEBUG] (net.neoforged.fml.loading.moddiscovery.ModFileInfo) Found valid mod file main with {veins} mods - versions {1.0.0}
[19:18:45] [main/DEBUG] (net.neoforged.fml.loading.moddiscovery.AbstractModProvider) Found META-INF/mods.toml mod of type null: []
[19:18:45] [main/DEBUG] (net.neoforged.fml.loading.moddiscovery.ModFileParser) Considering mod file candidate /
[19:18:45] [main/DEBUG] (net.neoforged.fml.loading.moddiscovery.ModFileInfo) Found valid mod file  with {neoforge} mods - versions {20.4.239}
[19:18:45] [main/DEBUG] (net.neoforged.fml.loading.moddiscovery.ModDiscoverer) Locator net.neoforged.fml.loading.moddiscovery.MinecraftLocator@76cf849f found 3 candidates or errors
[19:18:45] [main/DEBUG] (net.neoforged.fml.loading.moddiscovery.ModDiscoverer) Locator net.neoforged.fml.loading.moddiscovery.MinecraftLocator@76cf849f found 3 valid mod files
[19:18:45] [main/INFO] (net.neoforged.fml.loading.moddiscovery.ModDiscoverer) Found mod file "neoforge-20.4.239-minecraft-merged-1.20.4-loom.mappings.1_20_4.layered+hash.40359-v2-neoforge-20.4.239.jar" of type MOD with provider net.neoforged.fml.loading.moddiscovery.MinecraftLocator@76cf849f
[19:18:45] [main/INFO] (net.neoforged.fml.loading.moddiscovery.ModDiscoverer) Found mod file "main" of type MOD with provider net.neoforged.fml.loading.moddiscovery.MinecraftLocator@76cf849f
[19:18:45] [main/INFO] (net.neoforged.fml.loading.moddiscovery.ModDiscoverer) Found mod file "" of type MOD with provider net.neoforged.fml.loading.moddiscovery.MinecraftLocator@76cf849f
[19:18:45] [main/DEBUG] (net.neoforged.fml.loading.moddiscovery.ModDiscoverer) Trying locator net.neoforged.fml.loading.moddiscovery.ClasspathLocator@55880c
[19:18:45] [main/DEBUG] (net.neoforged.fml.loading.moddiscovery.AbstractModProvider) Found META-INF/mods.toml mod of type null: [C:\Users\James.M\Documents\Dev\Eclipse\Modding\Veins\.gradle\loom-cache\remapped_mods\loom_mappings_1_20_4_layered_hash_40359_v2_neoforge_20_4_239_forge\dev\architectury\architectury-neoforge\11.1.17\architectury-neoforge-11.1.17.jar]
[19:18:45] [main/DEBUG] (net.neoforged.fml.loading.moddiscovery.ModFileParser) Considering mod file candidate C:\Users\James.M\Documents\Dev\Eclipse\Modding\Veins\.gradle\loom-cache\remapped_mods\loom_mappings_1_20_4_layered_hash_40359_v2_neoforge_20_4_239_forge\dev\architectury\architectury-neoforge\11.1.17\architectury-neoforge-11.1.17.jar
[19:18:45] [main/DEBUG] (net.neoforged.fml.loading.moddiscovery.ModFileInfo) Found valid mod file architectury-neoforge-11.1.17.jar with {architectury} mods - versions {11.1.17}
[19:18:45] [main/DEBUG] (net.neoforged.fml.loading.moddiscovery.AbstractModProvider) Found META-INF/mods.toml mod of type null: [C:\Users\James.M\AppData\Local\Temp\16451508443301093386.jar]
[19:18:45] [main/DEBUG] (net.neoforged.fml.loading.moddiscovery.ModFileParser) Considering mod file candidate C:\Users\James.M\AppData\Local\Temp\16451508443301093386.jar
[19:18:45] [main/DEBUG] (net.neoforged.fml.loading.moddiscovery.ModFileInfo) Found valid mod file 16451508443301093386.jar with {generated_2c4877d} mods - versions {1}
[19:18:45] [main/DEBUG] (net.neoforged.fml.loading.moddiscovery.AbstractModProvider) Found META-INF/mods.toml mod of type null: [C:\Users\James.M\Documents\Dev\Eclipse\Modding\Veins\.gradle\loom-cache\remapped_mods\loom_mappings_1_20_4_layered_hash_40359_v2_neoforge_20_4_239_forge\dev\architectury\architectury-neoforge\11.1.17\architectury-neoforge-11.1.17.jar]
[19:18:45] [main/DEBUG] (net.neoforged.fml.loading.moddiscovery.ModFileParser) Considering mod file candidate C:\Users\James.M\Documents\Dev\Eclipse\Modding\Veins\.gradle\loom-cache\remapped_mods\loom_mappings_1_20_4_layered_hash_40359_v2_neoforge_20_4_239_forge\dev\architectury\architectury-neoforge\11.1.17\architectury-neoforge-11.1.17.jar
[19:18:45] [main/DEBUG] (net.neoforged.fml.loading.moddiscovery.ModFileInfo) Found valid mod file architectury-neoforge-11.1.17.jar with {architectury} mods - versions {11.1.17}
[19:18:45] [main/DEBUG] (net.neoforged.fml.loading.moddiscovery.AbstractModProvider) Found META-INF/mods.toml mod of type null: [C:\Users\James.M\AppData\Local\Temp\16451508443301093386.jar]
[19:18:45] [main/DEBUG] (net.neoforged.fml.loading.moddiscovery.ModFileParser) Considering mod file candidate C:\Users\James.M\AppData\Local\Temp\16451508443301093386.jar
[19:18:45] [main/DEBUG] (net.neoforged.fml.loading.moddiscovery.ModFileInfo) Found valid mod file 16451508443301093386.jar with {generated_2c4877d} mods - versions {1}
[19:18:45] [main/DEBUG] (net.neoforged.fml.loading.moddiscovery.ModDiscoverer) Locator net.neoforged.fml.loading.moddiscovery.ClasspathLocator@55880c found 8 candidates or errors
[19:18:45] [main/DEBUG] (net.neoforged.fml.loading.moddiscovery.ModDiscoverer) Locator net.neoforged.fml.loading.moddiscovery.ClasspathLocator@55880c found 4 invalid mod files
[19:18:45] [main/DEBUG] (net.neoforged.fml.loading.moddiscovery.ModDiscoverer) Locator net.neoforged.fml.loading.moddiscovery.ClasspathLocator@55880c found 4 valid mod files
[19:18:45] [main/INFO] (net.neoforged.fml.loading.moddiscovery.ModDiscoverer) Found mod file "architectury-neoforge-11.1.17.jar" of type MOD with provider net.neoforged.fml.loading.moddiscovery.ClasspathLocator@55880c
[19:18:45] [main/INFO] (net.neoforged.fml.loading.moddiscovery.ModDiscoverer) Found mod file "16451508443301093386.jar" of type MOD with provider net.neoforged.fml.loading.moddiscovery.ClasspathLocator@55880c
[19:18:45] [main/INFO] (net.neoforged.fml.loading.moddiscovery.ModDiscoverer) Found mod file "architectury-neoforge-11.1.17.jar" of type MOD with provider net.neoforged.fml.loading.moddiscovery.ClasspathLocator@55880c
[19:18:45] [main/INFO] (net.neoforged.fml.loading.moddiscovery.ModDiscoverer) Found mod file "16451508443301093386.jar" of type MOD with provider net.neoforged.fml.loading.moddiscovery.ClasspathLocator@55880c
[19:18:45] [main/DEBUG] (net.neoforged.fml.loading.moddiscovery.ModDiscoverer) Trying locator net.neoforged.fml.loading.moddiscovery.BuiltinGameLibraryLocator@41a18b54
[19:18:45] [main/DEBUG] (net.neoforged.fml.loading.moddiscovery.ModDiscoverer) Locator net.neoforged.fml.loading.moddiscovery.BuiltinGameLibraryLocator@41a18b54 found 0 candidates or errors
[19:18:45] [main/DEBUG] (net.neoforged.fml.loading.moddiscovery.ModDiscoverer) Locator net.neoforged.fml.loading.moddiscovery.BuiltinGameLibraryLocator@41a18b54 found 0 valid mod files
[19:18:45] [main/DEBUG] (net.neoforged.fml.loading.UniqueModListBuilder) Found 2 mods for first modid generated_2c4877d, selecting most recent based on version data
[19:18:45] [main/DEBUG] (net.neoforged.fml.loading.UniqueModListBuilder) Selected file 16451508443301093386.jar for modid generated_2c4877d with version 1
[19:18:45] [main/DEBUG] (net.neoforged.fml.loading.UniqueModListBuilder) Found 2 mods for first modid architectury, selecting most recent based on version data
[19:18:45] [main/DEBUG] (net.neoforged.fml.loading.UniqueModListBuilder) Selected file architectury-neoforge-11.1.17.jar for modid architectury with version 11.1.17
[19:18:45] [main/DEBUG] (net.neoforged.fml.loading.moddiscovery.ModDiscoverer) Successfully Loaded 5 mods. Attempting to load dependencies...
[19:18:45] [main/DEBUG] (net.neoforged.fml.loading.moddiscovery.ModDiscoverer) Trying locator net.neoforged.fml.loading.moddiscovery.JarInJarDependencyLocator@5c91b751
[19:18:45] [main/DEBUG] (net.neoforged.fml.loading.moddiscovery.AbstractModProvider) Found META-INF/MANIFEST.MF mod of type GAMELIBRARY: []
[19:18:45] [main/DEBUG] (net.neoforged.fml.loading.moddiscovery.AbstractModProvider) Found META-INF/MANIFEST.MF mod of type GAMELIBRARY: []
[19:18:45] [main/DEBUG] (net.neoforged.fml.loading.moddiscovery.AbstractModProvider) Found META-INF/MANIFEST.MF mod of type GAMELIBRARY: []
[19:18:45] [main/INFO] (net.neoforged.fml.loading.moddiscovery.JarInJarDependencyLocator) Found 1 dependencies adding them to mods collection
[19:18:45] [main/INFO] (net.neoforged.fml.loading.moddiscovery.ModDiscoverer) Found mod file "mixinextras-neoforge-0.3.5.jar" of type GAMELIBRARY with provider net.neoforged.fml.loading.moddiscovery.JarInJarDependencyLocator@5c91b751
[19:18:45] [main/DEBUG] (net.neoforged.fml.loading.moddiscovery.ModFileInfo) Found valid mod file neoforge-20.4.239-minecraft-merged-1.20.4-loom.mappings.1_20_4.layered+hash.40359-v2-neoforge-20.4.239.jar with {minecraft} mods - versions {1.20.4}
[19:18:45] [main/DEBUG] (net.neoforged.fml.loading.moddiscovery.ModFile) Loading mod file C:\Users\James.M\.gradle\caches\fabric-loom\minecraftMaven\net\minecraft\neoforge-20.4.239-minecraft-merged\1.20.4-loom.mappings.1_20_4.layered+hash.40359-v2-neoforge-20.4.239\neoforge-20.4.239-minecraft-merged-1.20.4-loom.mappings.1_20_4.layered+hash.40359-v2-neoforge-20.4.239.jar with languages [LanguageSpec[languageName=minecraft, acceptedVersions=1]]
[19:18:45] [main/DEBUG] (net.neoforged.fml.loading.moddiscovery.ModFileParser) Considering mod file candidate C:\Users\James.M\Documents\Dev\Eclipse\Modding\Veins\neoforge\build\resources\main
[19:18:45] [main/DEBUG] (net.neoforged.fml.loading.moddiscovery.ModFileInfo) Found valid mod file main with {veins} mods - versions {1.0.0}
[19:18:45] [main/DEBUG] (net.neoforged.fml.loading.moddiscovery.ModFile) Loading mod file C:\Users\James.M\Documents\Dev\Eclipse\Modding\Veins\neoforge\build\resources\main with languages [LanguageSpec[languageName=javafml, acceptedVersions=[2,)]]
[19:18:45] [main/DEBUG] (net.neoforged.fml.loading.moddiscovery.ModFile) Found mixin config veins.mixins.json
[19:18:45] [main/DEBUG] (net.neoforged.fml.loading.moddiscovery.ModFileParser) Considering mod file candidate C:\Users\James.M\AppData\Local\Temp\16451508443301093386.jar
[19:18:45] [main/DEBUG] (net.neoforged.fml.loading.moddiscovery.ModFileInfo) Found valid mod file 16451508443301093386.jar with {generated_2c4877d} mods - versions {1}
[19:18:45] [main/DEBUG] (net.neoforged.fml.loading.moddiscovery.ModFile) Loading mod file C:\Users\James.M\AppData\Local\Temp\16451508443301093386.jar with languages [LanguageSpec[languageName=javafml, acceptedVersions=[1,)]]
[19:18:45] [main/DEBUG] (net.neoforged.fml.loading.moddiscovery.ModFileParser) Considering mod file candidate C:\Users\James.M\Documents\Dev\Eclipse\Modding\Veins\.gradle\loom-cache\remapped_mods\loom_mappings_1_20_4_layered_hash_40359_v2_neoforge_20_4_239_forge\dev\architectury\architectury-neoforge\11.1.17\architectury-neoforge-11.1.17.jar
[19:18:45] [main/DEBUG] (net.neoforged.fml.loading.moddiscovery.ModFileInfo) Found valid mod file architectury-neoforge-11.1.17.jar with {architectury} mods - versions {11.1.17}
[19:18:45] [main/DEBUG] (net.neoforged.fml.loading.moddiscovery.ModFile) Loading mod file C:\Users\James.M\Documents\Dev\Eclipse\Modding\Veins\.gradle\loom-cache\remapped_mods\loom_mappings_1_20_4_layered_hash_40359_v2_neoforge_20_4_239_forge\dev\architectury\architectury-neoforge\11.1.17\architectury-neoforge-11.1.17.jar with languages [LanguageSpec[languageName=javafml, acceptedVersions=[1,)]]
[19:18:45] [main/DEBUG] (net.neoforged.fml.loading.moddiscovery.ModFile) Found mixin config architectury.mixins.json
[19:18:45] [main/DEBUG] (net.neoforged.fml.loading.moddiscovery.ModFile) Found mixin config architectury-common.mixins.json
[19:18:45] [main/DEBUG] (net.neoforged.fml.loading.moddiscovery.ModFileParser) Considering mod file candidate /
[19:18:45] [main/DEBUG] (net.neoforged.fml.loading.moddiscovery.ModFileInfo) Found valid mod file  with {neoforge} mods - versions {20.4.239}
[19:18:45] [main/DEBUG] (net.neoforged.fml.loading.moddiscovery.ModFile) Loading mod file / with languages [LanguageSpec[languageName=javafml, acceptedVersions=[1,]]]
[19:18:45] [main/DEBUG] (net.neoforged.fml.loading.moddiscovery.ModFileParser) Found coremod field_to_method with Javascript path coremods/field_to_method.js
[19:18:45] [main/DEBUG] (net.neoforged.fml.loading.moddiscovery.ModFileParser) Found coremod field_to_instanceof with Javascript path coremods/field_to_instanceof.js
[19:18:45] [main/DEBUG] (net.neoforged.fml.loading.moddiscovery.ModFileParser) Found coremod add_bouncer_method with Javascript path coremods/add_bouncer_method.js
[19:18:45] [main/DEBUG] (net.neoforged.fml.loading.moddiscovery.ModFileParser) Found coremod method_redirector with Javascript path coremods/method_redirector.js
[19:18:45] [main/DEBUG] (net.neoforged.fml.loading.moddiscovery.ModFile) Found coremod coremods/field_to_method.js
[19:18:45] [main/DEBUG] (net.neoforged.fml.loading.moddiscovery.ModFile) Found coremod coremods/field_to_instanceof.js
[19:18:45] [main/DEBUG] (net.neoforged.fml.loading.moddiscovery.ModFile) Found coremod coremods/add_bouncer_method.js
[19:18:45] [main/DEBUG] (net.neoforged.fml.loading.moddiscovery.ModFile) Found coremod coremods/method_redirector.js
[19:18:45] [main/DEBUG] (net.neoforged.fml.loading.moddiscovery.ModFile) Loading mod file  with languages []
[19:18:45] [main/DEBUG] (net.neoforged.fml.loading.moddiscovery.ModValidator) Found 6 mod files with 5 mods
[19:18:45] [main/DEBUG] (cpw.mods.modlauncher.TransformationServiceDecorator) End scan trigger - transformation service fml
[19:18:45] [main/DEBUG] (net.neoforged.fml.loading.LanguageLoadingProvider) Found 3 language providers
[19:18:45] [main/DEBUG] (net.neoforged.fml.loading.LanguageLoadingProvider) Found language provider javafml, version 2.0
[19:18:45] [main/DEBUG] (net.neoforged.fml.loading.LanguageLoadingProvider) Found language provider lowcodefml, version 2.0
[19:18:45] [main/DEBUG] (net.neoforged.fml.loading.LanguageLoadingProvider) Found language provider minecraft, version 2.0
[19:18:45] [main/DEBUG] (net.neoforged.fml.loading.ModSorter) Configured system mods: [minecraft, neoforge]
[19:18:45] [main/DEBUG] (net.neoforged.fml.loading.ModSorter) Found system mod: minecraft
[19:18:45] [main/DEBUG] (net.neoforged.fml.loading.ModSorter) Found system mod: neoforge
[19:18:45] [main/DEBUG] (net.neoforged.fml.loading.ModSorter) Found 5 mod requirements (5 mandatory, 0 optional)
[19:18:45] [main/DEBUG] (net.neoforged.fml.loading.ModSorter) Found 0 mod requirements missing (0 mandatory, 0 optional)
[19:18:45] [main/DEBUG] (net.neoforged.fml.loading.FMLLoader) Adding Access Transformer in C:\Users\James.M\.gradle\caches\fabric-loom\minecraftMaven\net\minecraft\neoforge-20.4.239-minecraft-merged\1.20.4-loom.mappings.1_20_4.layered+hash.40359-v2-neoforge-20.4.239\neoforge-20.4.239-minecraft-merged-1.20.4-loom.mappings.1_20_4.layered+hash.40359-v2-neoforge-20.4.239.jar
[19:18:45] [main/DEBUG] (AXFORM) Loading access transformer accesstransformer.cfg
[19:18:45] [main/DEBUG] (AXFORM) Loaded access transformer accesstransformer.cfg
[19:18:45] [main/DEBUG] (net.neoforged.fml.loading.FMLLoader) Adding Access Transformer in C:\Users\James.M\Documents\Dev\Eclipse\Modding\Veins\.gradle\loom-cache\remapped_mods\loom_mappings_1_20_4_layered_hash_40359_v2_neoforge_20_4_239_forge\dev\architectury\architectury-neoforge\11.1.17\architectury-neoforge-11.1.17.jar
[19:18:45] [main/DEBUG] (AXFORM) Loading access transformer accesstransformer.cfg
[19:18:45] [main/DEBUG] (AXFORM) Loaded access transformer accesstransformer.cfg
[19:18:45] [main/DEBUG] (net.neoforged.fml.loading.FMLLoader) Adding Access Transformer in /
[19:18:45] [main/DEBUG] (AXFORM) Loading access transformer accesstransformer.cfg
[19:18:45] [main/DEBUG] (AXFORM) Loaded access transformer accesstransformer.cfg
[19:18:45] [main/DEBUG] (mixin) Adding mixin platform agents for container net.neoforged.fml.loading.mixin.FMLMixinContainerHandle@7bb3cbb4
[19:18:45] [main/DEBUG] (mixin) Instancing new MixinPlatformAgentMinecraftForge for net.neoforged.fml.loading.mixin.FMLMixinContainerHandle@7bb3cbb4
[19:18:45] [main/DEBUG] (mixin) MixinPlatformAgentMinecraftForge rejected container net.neoforged.fml.loading.mixin.FMLMixinContainerHandle@7bb3cbb4
[19:18:45] [main/DEBUG] (mixin) Instancing new MixinPlatformAgentDefault for net.neoforged.fml.loading.mixin.FMLMixinContainerHandle@7bb3cbb4
[19:18:45] [main/DEBUG] (mixin) MixinPlatformAgentDefault accepted container net.neoforged.fml.loading.mixin.FMLMixinContainerHandle@7bb3cbb4
[19:18:45] [main/DEBUG] (mixin) Instancing new FMLMixinPlatformAgent for net.neoforged.fml.loading.mixin.FMLMixinContainerHandle@7bb3cbb4
[19:18:45] [main/DEBUG] (mixin) FMLMixinPlatformAgent accepted container net.neoforged.fml.loading.mixin.FMLMixinContainerHandle@7bb3cbb4
[19:18:45] [main/DEBUG] (cpw.mods.modlauncher.TransformationServicesHandler) Transformation services loading transformers
[19:18:45] [background-scan-handler-4/DEBUG] (net.neoforged.fml.loading.moddiscovery.MinecraftLocator) Scan started: Mod File: /
[19:18:45] [background-scan-handler-1/DEBUG] (net.neoforged.fml.loading.moddiscovery.AbstractJarFileModProvider) Scan started: Mod File: C:\Users\James.M\AppData\Local\Temp\16451508443301093386.jar
[19:18:45] [background-scan-handler-3/DEBUG] (net.neoforged.fml.loading.moddiscovery.MinecraftLocator) Scan started: Mod File: C:\Users\James.M\Documents\Dev\Eclipse\Modding\Veins\neoforge\build\resources\main
[19:18:45] [background-scan-handler-0/DEBUG] (net.neoforged.fml.loading.moddiscovery.MinecraftLocator) Scan started: Mod File: C:\Users\James.M\.gradle\caches\fabric-loom\minecraftMaven\net\minecraft\neoforge-20.4.239-minecraft-merged\1.20.4-loom.mappings.1_20_4.layered+hash.40359-v2-neoforge-20.4.239\neoforge-20.4.239-minecraft-merged-1.20.4-loom.mappings.1_20_4.layered+hash.40359-v2-neoforge-20.4.239.jar
[19:18:45] [background-scan-handler-2/DEBUG] (net.neoforged.fml.loading.moddiscovery.AbstractJarFileModProvider) Scan started: Mod File: C:\Users\James.M\Documents\Dev\Eclipse\Modding\Veins\.gradle\loom-cache\remapped_mods\loom_mappings_1_20_4_layered_hash_40359_v2_neoforge_20_4_239_forge\dev\architectury\architectury-neoforge\11.1.17\architectury-neoforge-11.1.17.jar
[19:18:45] [main/DEBUG] (cpw.mods.modlauncher.TransformationServiceDecorator) Initializing transformers for transformation service mixin
[19:18:45] [main/DEBUG] (cpw.mods.modlauncher.TransformationServiceDecorator) Initialized transformers for transformation service mixin
[19:18:45] [main/DEBUG] (cpw.mods.modlauncher.TransformationServiceDecorator) Initializing transformers for transformation service mixin-synthetic-package
[19:18:45] [main/DEBUG] (cpw.mods.modlauncher.TransformationServiceDecorator) Initialized transformers for transformation service mixin-synthetic-package
[19:18:45] [main/DEBUG] (cpw.mods.modlauncher.TransformationServiceDecorator) Initializing transformers for transformation service fml
[19:18:45] [main/DEBUG] (net.neoforged.fml.loading.FMLServiceProvider) Loading coremod transformers
[19:18:45] [main/DEBUG] (net.neoforged.coremod.CoreModEngine) Loading CoreMod from coremods/field_to_method.js
[19:18:45] [background-scan-handler-3/DEBUG] (net.neoforged.fml.loading.moddiscovery.MinecraftLocator) Scan finished: Mod File: C:\Users\James.M\Documents\Dev\Eclipse\Modding\Veins\neoforge\build\resources\main
[19:18:45] [background-scan-handler-1/DEBUG] (net.neoforged.fml.loading.moddiscovery.AbstractJarFileModProvider) Scan finished: Mod File: C:\Users\James.M\AppData\Local\Temp\16451508443301093386.jar
[19:18:45] [background-scan-handler-3/DEBUG] (net.neoforged.fml.loading.moddiscovery.Scanner) Scanning C:\Users\James.M\Documents\Dev\Eclipse\Modding\Veins\neoforge\build\resources\main with language loader javafml
[19:18:45] [background-scan-handler-1/DEBUG] (net.neoforged.fml.loading.moddiscovery.Scanner) Scanning C:\Users\James.M\AppData\Local\Temp\16451508443301093386.jar with language loader javafml
[19:18:45] [background-scan-handler-3/DEBUG] (net.neoforged.fml.javafmlmod.FMLJavaModLanguageProvider) Found @Mod class com.fluffy.neoforge.VeinsNeoForge with id veins
[19:18:45] [background-scan-handler-1/DEBUG] (net.neoforged.fml.javafmlmod.FMLJavaModLanguageProvider) Found @Mod class generatedgenerated_2c4877d.generated_2c4877d with id generated_2c4877d
[19:18:45] [background-scan-handler-2/DEBUG] (net.neoforged.fml.loading.moddiscovery.AbstractJarFileModProvider) Scan finished: Mod File: C:\Users\James.M\Documents\Dev\Eclipse\Modding\Veins\.gradle\loom-cache\remapped_mods\loom_mappings_1_20_4_layered_hash_40359_v2_neoforge_20_4_239_forge\dev\architectury\architectury-neoforge\11.1.17\architectury-neoforge-11.1.17.jar
[19:18:45] [background-scan-handler-2/DEBUG] (net.neoforged.fml.loading.moddiscovery.Scanner) Scanning C:\Users\James.M\Documents\Dev\Eclipse\Modding\Veins\.gradle\loom-cache\remapped_mods\loom_mappings_1_20_4_layered_hash_40359_v2_neoforge_20_4_239_forge\dev\architectury\architectury-neoforge\11.1.17\architectury-neoforge-11.1.17.jar with language loader javafml
[19:18:45] [background-scan-handler-2/DEBUG] (net.neoforged.fml.javafmlmod.FMLJavaModLanguageProvider) Found @Mod class dev.architectury.neoforge.ArchitecturyNeoForge with id architectury
[19:18:45] [background-scan-handler-4/DEBUG] (net.neoforged.fml.loading.moddiscovery.MinecraftLocator) Scan finished: Mod File: /
[19:18:45] [background-scan-handler-4/DEBUG] (net.neoforged.fml.loading.moddiscovery.Scanner) Scanning / with language loader javafml
[19:18:45] [background-scan-handler-4/DEBUG] (net.neoforged.fml.javafmlmod.FMLJavaModLanguageProvider) Found @Mod class net.neoforged.neoforge.common.NeoForgeMod with id neoforge
[19:18:45] [main/DEBUG] (net.neoforged.coremod.CoreModEngine) CoreMod loaded successfully
[19:18:45] [main/DEBUG] (net.neoforged.coremod.CoreModEngine) Loading CoreMod from coremods/field_to_instanceof.js
[19:18:45] [main/DEBUG] (net.neoforged.coremod.CoreModEngine) CoreMod loaded successfully
[19:18:45] [main/DEBUG] (net.neoforged.coremod.CoreModEngine) Loading CoreMod from coremods/add_bouncer_method.js
[19:18:45] [main/DEBUG] (net.neoforged.coremod.CoreModEngine) CoreMod loaded successfully
[19:18:45] [main/DEBUG] (net.neoforged.coremod.CoreModEngine) Loading CoreMod from coremods/method_redirector.js
[19:18:45] [main/DEBUG] (net.neoforged.coremod.CoreModEngine) CoreMod loaded successfully
[19:18:45] [main/DEBUG] (cpw.mods.modlauncher.TransformStore) Adding transformer net.neoforged.coremod.transformer.CoreModClassTransformer@2a9464d9 to Target : CLASS {Lnet/minecraft/world/level/biome/Biome;} {} {V}
[19:18:45] [main/DEBUG] (cpw.mods.modlauncher.TransformStore) Adding transformer net.neoforged.coremod.transformer.CoreModClassTransformer@2caf6813 to Target : CLASS {Lnet/minecraft/world/level/levelgen/structure/Structure;} {} {V}
[19:18:45] [main/DEBUG] (cpw.mods.modlauncher.TransformStore) Adding transformer net.neoforged.coremod.transformer.CoreModClassTransformer@434896b0 to Target : CLASS {Lnet/minecraft/world/level/block/LiquidBlock;} {} {V}
[19:18:45] [main/DEBUG] (cpw.mods.modlauncher.TransformStore) Adding transformer net.neoforged.coremod.transformer.CoreModClassTransformer@2e5d40a4 to Target : CLASS {Lnet/minecraft/world/item/BucketItem;} {} {V}
[19:18:45] [main/DEBUG] (cpw.mods.modlauncher.TransformStore) Adding transformer net.neoforged.coremod.transformer.CoreModClassTransformer@56aacc7b to Target : CLASS {Lnet/minecraft/world/level/block/StairBlock;} {} {V}
[19:18:45] [main/DEBUG] (cpw.mods.modlauncher.TransformStore) Adding transformer net.neoforged.coremod.transformer.CoreModClassTransformer@112d94d to Target : CLASS {Lnet/minecraft/world/level/block/FlowerPotBlock;} {} {V}
[19:18:45] [main/DEBUG] (cpw.mods.modlauncher.TransformStore) Adding transformer net.neoforged.coremod.transformer.CoreModClassTransformer@6e832c9 to Target : CLASS {Lnet/minecraft/network/play/client/CClientSettingsPacket;} {} {V}
[19:18:45] [main/DEBUG] (cpw.mods.modlauncher.TransformStore) Adding transformer net.neoforged.coremod.transformer.CoreModClassTransformer@42f40ad0 to Target : CLASS {Lnet/minecraft/world/level/NaturalSpawner;} {} {V}
[19:18:45] [main/DEBUG] (cpw.mods.modlauncher.TransformStore) Adding transformer net.neoforged.coremod.transformer.CoreModClassTransformer@42f40ad0 to Target : CLASS {Lnet/minecraft/world/level/levelgen/structure/structures/WoodlandMansionPieces$WoodlandMansionPiece;} {} {V}
[19:18:45] [main/DEBUG] (cpw.mods.modlauncher.TransformStore) Adding transformer net.neoforged.coremod.transformer.CoreModClassTransformer@42f40ad0 to Target : CLASS {Lnet/minecraft/server/commands/RaidCommand;} {} {V}
[19:18:45] [main/DEBUG] (cpw.mods.modlauncher.TransformStore) Adding transformer net.neoforged.coremod.transformer.CoreModClassTransformer@42f40ad0 to Target : CLASS {Lnet/minecraft/world/entity/monster/Spider;} {} {V}
[19:18:45] [main/DEBUG] (cpw.mods.modlauncher.TransformStore) Adding transformer net.neoforged.coremod.transformer.CoreModClassTransformer@42f40ad0 to Target : CLASS {Lnet/minecraft/world/entity/monster/Zombie;} {} {V}
[19:18:45] [main/DEBUG] (cpw.mods.modlauncher.TransformStore) Adding transformer net.neoforged.coremod.transformer.CoreModClassTransformer@42f40ad0 to Target : CLASS {Lnet/minecraft/world/entity/monster/Strider;} {} {V}
[19:18:45] [main/DEBUG] (cpw.mods.modlauncher.TransformStore) Adding transformer net.neoforged.coremod.transformer.CoreModClassTransformer@42f40ad0 to Target : CLASS {Lnet/minecraft/world/level/levelgen/structure/structures/OceanMonumentPieces$OceanMonumentPiece;} {} {V}
[19:18:45] [main/DEBUG] (cpw.mods.modlauncher.TransformStore) Adding transformer net.neoforged.coremod.transformer.CoreModClassTransformer@42f40ad0 to Target : CLASS {Lnet/minecraft/world/entity/ai/village/VillageSiege;} {} {V}
[19:18:45] [main/DEBUG] (cpw.mods.modlauncher.TransformStore) Adding transformer net.neoforged.coremod.transformer.CoreModClassTransformer@42f40ad0 to Target : CLASS {Lnet/minecraft/world/entity/animal/horse/SkeletonTrapGoal;} {} {V}
[19:18:45] [main/DEBUG] (cpw.mods.modlauncher.TransformStore) Adding transformer net.neoforged.coremod.transformer.CoreModClassTransformer@42f40ad0 to Target : CLASS {Lnet/minecraft/world/level/levelgen/structure/templatesystem/StructureTemplate;} {} {V}
[19:18:45] [main/DEBUG] (cpw.mods.modlauncher.TransformStore) Adding transformer net.neoforged.coremod.transformer.CoreModClassTransformer@42f40ad0 to Target : CLASS {Lnet/minecraft/world/entity/monster/Evoker$EvokerSummonSpellGoal;} {} {V}
[19:18:45] [main/DEBUG] (cpw.mods.modlauncher.TransformStore) Adding transformer net.neoforged.coremod.transformer.CoreModClassTransformer@42f40ad0 to Target : CLASS {Lnet/minecraft/world/level/levelgen/structure/structures/SwampHutPiece;} {} {V}
[19:18:45] [main/DEBUG] (cpw.mods.modlauncher.TransformStore) Adding transformer net.neoforged.coremod.transformer.CoreModClassTransformer@42f40ad0 to Target : CLASS {Lnet/minecraft/world/entity/EntityType;} {} {V}
[19:18:45] [main/DEBUG] (cpw.mods.modlauncher.TransformStore) Adding transformer net.neoforged.coremod.transformer.CoreModClassTransformer@42f40ad0 to Target : CLASS {Lnet/minecraft/server/commands/SummonCommand;} {} {V}
[19:18:45] [main/DEBUG] (cpw.mods.modlauncher.TransformStore) Adding transformer net.neoforged.coremod.transformer.CoreModClassTransformer@42f40ad0 to Target : CLASS {Lnet/minecraft/world/level/levelgen/PatrolSpawner;} {} {V}
[19:18:45] [main/DEBUG] (cpw.mods.modlauncher.TransformStore) Adding transformer net.neoforged.coremod.transformer.CoreModClassTransformer@42f40ad0 to Target : CLASS {Lnet/minecraft/world/level/levelgen/structure/structures/OceanRuinPieces$OceanRuinPiece;} {} {V}
[19:18:45] [main/DEBUG] (cpw.mods.modlauncher.TransformStore) Adding transformer net.neoforged.coremod.transformer.CoreModClassTransformer@42f40ad0 to Target : CLASS {Lnet/minecraft/world/entity/npc/Villager;} {} {V}
[19:18:45] [main/DEBUG] (cpw.mods.modlauncher.TransformStore) Adding transformer net.neoforged.coremod.transformer.CoreModClassTransformer@42f40ad0 to Target : CLASS {Lnet/minecraft/world/level/levelgen/PhantomSpawner;} {} {V}
[19:18:45] [main/DEBUG] (cpw.mods.modlauncher.TransformStore) Adding transformer net.neoforged.coremod.transformer.CoreModClassTransformer@42f40ad0 to Target : CLASS {Lnet/minecraft/world/entity/monster/ZombieVillager;} {} {V}
[19:18:45] [main/DEBUG] (cpw.mods.modlauncher.TransformStore) Adding transformer net.neoforged.coremod.transformer.CoreModClassTransformer@42f40ad0 to Target : CLASS {Lnet/minecraft/world/entity/raid/Raid;} {} {V}
[19:18:45] [main/DEBUG] (cpw.mods.modlauncher.TransformStore) Adding transformer net.neoforged.coremod.transformer.CoreModClassTransformer@42f40ad0 to Target : CLASS {Lnet/minecraft/world/entity/animal/frog/Tadpole;} {} {V}
[19:18:45] [main/DEBUG] (cpw.mods.modlauncher.TransformStore) Adding transformer net.neoforged.coremod.transformer.CoreModClassTransformer@42f40ad0 to Target : CLASS {Lnet/minecraft/world/entity/npc/CatSpawner;} {} {V}
[19:18:45] [main/DEBUG] (cpw.mods.modlauncher.TransformationServiceDecorator) Initialized transformers for transformation service fml
[19:18:45] [main/DEBUG] (mixin) Processing prepare() for PlatformAgent[MixinPlatformAgentDefault:ModLauncher Root Container(ModLauncher:4f56a0a2)]
[19:18:45] [main/DEBUG] (mixin) Processing prepare() for PlatformAgent[MixinPlatformAgentDefault:net.neoforged.fml.loading.mixin.FMLMixinContainerHandle@7bb3cbb4]
[19:18:45] [main/DEBUG] (mixin) Processing prepare() for PlatformAgent[FMLMixinPlatformAgent:null]
[19:18:45] [main/DEBUG] (mixin) Compatibility level JAVA_17 specified by veins.mixins.json is higher than the maximum level supported by this version of mixin (JAVA_13).
[19:18:45] [main/INFO] (mixin) Compatibility level set to JAVA_17
[19:18:45] [main/DEBUG] (mixin) Processing launch tasks for PlatformAgent[MixinPlatformAgentDefault:ModLauncher Root Container(ModLauncher:4f56a0a2)]
[19:18:45] [main/DEBUG] (mixin) Adding mixin platform agents for container SecureJarResource(mixinsynthetic)
[19:18:45] [main/DEBUG] (mixin) Instancing new MixinPlatformAgentMinecraftForge for SecureJarResource(mixinsynthetic)
[19:18:45] [main/DEBUG] (mixin) MixinPlatformAgentMinecraftForge rejected container SecureJarResource(mixinsynthetic)
[19:18:45] [main/DEBUG] (mixin) Instancing new MixinPlatformAgentDefault for SecureJarResource(mixinsynthetic)
[19:18:45] [main/DEBUG] (mixin) MixinPlatformAgentDefault accepted container SecureJarResource(mixinsynthetic)
[19:18:45] [main/DEBUG] (mixin) Instancing new FMLMixinPlatformAgent for SecureJarResource(mixinsynthetic)
[19:18:45] [main/DEBUG] (mixin) FMLMixinPlatformAgent rejected container SecureJarResource(mixinsynthetic)
[19:18:45] [main/DEBUG] (mixin) Processing prepare() for PlatformAgent[MixinPlatformAgentDefault:SecureJarResource(mixinsynthetic)]
[19:18:45] [main/DEBUG] (mixin) Adding mixin platform agents for container SecureJarResource(minecraft)
[19:18:45] [main/DEBUG] (mixin) Instancing new MixinPlatformAgentMinecraftForge for SecureJarResource(minecraft)
[19:18:45] [main/DEBUG] (mixin) MixinPlatformAgentMinecraftForge rejected container SecureJarResource(minecraft)
[19:18:45] [main/DEBUG] (mixin) Instancing new MixinPlatformAgentDefault for SecureJarResource(minecraft)
[19:18:45] [main/DEBUG] (mixin) MixinPlatformAgentDefault accepted container SecureJarResource(minecraft)
[19:18:45] [main/DEBUG] (mixin) Instancing new FMLMixinPlatformAgent for SecureJarResource(minecraft)
[19:18:45] [main/DEBUG] (mixin) FMLMixinPlatformAgent rejected container SecureJarResource(minecraft)
[19:18:45] [main/DEBUG] (mixin) Processing prepare() for PlatformAgent[MixinPlatformAgentDefault:SecureJarResource(minecraft)]
[19:18:45] [main/DEBUG] (mixin) Adding mixin platform agents for container SecureJarResource(generated_2c4877d)
[19:18:45] [main/DEBUG] (mixin) Instancing new MixinPlatformAgentMinecraftForge for SecureJarResource(generated_2c4877d)
[19:18:45] [main/DEBUG] (mixin) MixinPlatformAgentMinecraftForge rejected container SecureJarResource(generated_2c4877d)
[19:18:45] [main/DEBUG] (mixin) Instancing new MixinPlatformAgentDefault for SecureJarResource(generated_2c4877d)
[19:18:45] [main/DEBUG] (mixin) MixinPlatformAgentDefault accepted container SecureJarResource(generated_2c4877d)
[19:18:45] [main/DEBUG] (mixin) Instancing new FMLMixinPlatformAgent for SecureJarResource(generated_2c4877d)
[19:18:45] [main/DEBUG] (mixin) FMLMixinPlatformAgent rejected container SecureJarResource(generated_2c4877d)
[19:18:45] [main/DEBUG] (mixin) Processing prepare() for PlatformAgent[MixinPlatformAgentDefault:SecureJarResource(generated_2c4877d)]
[19:18:45] [main/DEBUG] (mixin) Adding mixin platform agents for container SecureJarResource(architectury)
[19:18:45] [main/DEBUG] (mixin) Instancing new MixinPlatformAgentMinecraftForge for SecureJarResource(architectury)
[19:18:45] [main/DEBUG] (mixin) MixinPlatformAgentMinecraftForge rejected container SecureJarResource(architectury)
[19:18:45] [main/DEBUG] (mixin) Instancing new MixinPlatformAgentDefault for SecureJarResource(architectury)
[19:18:45] [main/DEBUG] (mixin) MixinPlatformAgentDefault accepted container SecureJarResource(architectury)
[19:18:45] [main/DEBUG] (mixin) Instancing new FMLMixinPlatformAgent for SecureJarResource(architectury)
[19:18:45] [main/DEBUG] (mixin) FMLMixinPlatformAgent rejected container SecureJarResource(architectury)
[19:18:45] [main/DEBUG] (mixin) Processing prepare() for PlatformAgent[MixinPlatformAgentDefault:SecureJarResource(architectury)]
[19:18:45] [main/DEBUG] (mixin) Adding mixin platform agents for container SecureJarResource(veins)
[19:18:45] [main/DEBUG] (mixin) Instancing new MixinPlatformAgentMinecraftForge for SecureJarResource(veins)
[19:18:45] [main/DEBUG] (mixin) MixinPlatformAgentMinecraftForge rejected container SecureJarResource(veins)
[19:18:45] [main/DEBUG] (mixin) Instancing new MixinPlatformAgentDefault for SecureJarResource(veins)
[19:18:45] [main/DEBUG] (mixin) MixinPlatformAgentDefault accepted container SecureJarResource(veins)
[19:18:45] [main/DEBUG] (mixin) Instancing new FMLMixinPlatformAgent for SecureJarResource(veins)
[19:18:45] [main/DEBUG] (mixin) FMLMixinPlatformAgent rejected container SecureJarResource(veins)
[19:18:45] [main/DEBUG] (mixin) Processing prepare() for PlatformAgent[MixinPlatformAgentDefault:SecureJarResource(veins)]
[19:18:45] [main/DEBUG] (mixin) Adding mixin platform agents for container SecureJarResource(neoforge)
[19:18:45] [main/DEBUG] (mixin) Instancing new MixinPlatformAgentMinecraftForge for SecureJarResource(neoforge)
[19:18:45] [main/DEBUG] (mixin) MixinPlatformAgentMinecraftForge rejected container SecureJarResource(neoforge)
[19:18:45] [main/DEBUG] (mixin) Instancing new MixinPlatformAgentDefault for SecureJarResource(neoforge)
[19:18:45] [main/DEBUG] (mixin) MixinPlatformAgentDefault accepted container SecureJarResource(neoforge)
[19:18:45] [main/DEBUG] (mixin) Instancing new FMLMixinPlatformAgent for SecureJarResource(neoforge)
[19:18:45] [main/DEBUG] (mixin) FMLMixinPlatformAgent rejected container SecureJarResource(neoforge)
[19:18:45] [main/DEBUG] (mixin) Processing prepare() for PlatformAgent[MixinPlatformAgentDefault:SecureJarResource(neoforge)]
[19:18:45] [main/DEBUG] (mixin) Adding mixin platform agents for container SecureJarResource(mixinextras.neoforge)
[19:18:45] [main/DEBUG] (mixin) Instancing new MixinPlatformAgentMinecraftForge for SecureJarResource(mixinextras.neoforge)
[19:18:45] [main/DEBUG] (mixin) MixinPlatformAgentMinecraftForge rejected container SecureJarResource(mixinextras.neoforge)
[19:18:45] [main/DEBUG] (mixin) Instancing new MixinPlatformAgentDefault for SecureJarResource(mixinextras.neoforge)
[19:18:45] [main/DEBUG] (mixin) MixinPlatformAgentDefault accepted container SecureJarResource(mixinextras.neoforge)
[19:18:45] [main/DEBUG] (mixin) Instancing new FMLMixinPlatformAgent for SecureJarResource(mixinextras.neoforge)
[19:18:45] [main/DEBUG] (mixin) FMLMixinPlatformAgent rejected container SecureJarResource(mixinextras.neoforge)
[19:18:45] [main/DEBUG] (mixin) Processing prepare() for PlatformAgent[MixinPlatformAgentDefault:SecureJarResource(mixinextras.neoforge)]
[19:18:45] [main/DEBUG] (mixin) Registering mixin config: mixinextras.init.mixins.json
[19:18:45] [main/DEBUG] (mixin) inject() running with 9 agents
[19:18:45] [main/DEBUG] (mixin) Processing inject() for PlatformAgent[MixinPlatformAgentDefault:ModLauncher Root Container(ModLauncher:4f56a0a2)]
[19:18:45] [main/DEBUG] (mixin) Processing inject() for PlatformAgent[MixinPlatformAgentDefault:net.neoforged.fml.loading.mixin.FMLMixinContainerHandle@7bb3cbb4]
[19:18:45] [main/DEBUG] (mixin) Processing inject() for PlatformAgent[FMLMixinPlatformAgent:null]
[19:18:45] [main/DEBUG] (mixin) Processing inject() for PlatformAgent[MixinPlatformAgentDefault:SecureJarResource(mixinsynthetic)]
[19:18:45] [main/DEBUG] (mixin) Processing inject() for PlatformAgent[MixinPlatformAgentDefault:SecureJarResource(minecraft)]
[19:18:45] [main/DEBUG] (mixin) Processing inject() for PlatformAgent[MixinPlatformAgentDefault:SecureJarResource(generated_2c4877d)]
[19:18:45] [main/DEBUG] (mixin) Processing inject() for PlatformAgent[MixinPlatformAgentDefault:SecureJarResource(architectury)]
[19:18:45] [main/DEBUG] (mixin) Processing inject() for PlatformAgent[MixinPlatformAgentDefault:SecureJarResource(veins)]
[19:18:45] [main/DEBUG] (mixin) Processing inject() for PlatformAgent[MixinPlatformAgentDefault:SecureJarResource(neoforge)]
[19:18:45] [main/DEBUG] (mixin) Processing inject() for PlatformAgent[MixinPlatformAgentDefault:SecureJarResource(mixinextras.neoforge)]
[19:18:45] [main/INFO] (cpw.mods.modlauncher.LaunchServiceHandler) Launching target 'forgeclientuserdev' with arguments [--version, 20.4.239, --gameDir, ., --assetsDir, C:\Users\James.M\.gradle\caches\fabric-loom\assets, --assetIndex, 1.20.4-12]
[19:18:45] [main/INFO] (unprotect) Found 7774 Minecraft classes
[19:18:45] [main/DEBUG] (cpw.mods.modlauncher.LaunchPluginHandler) LaunchPluginService {AFTER=[org.spongepowered.asm.launch.MixinLaunchPlugin@5a1c0bcc, net.neoforged.fml.common.asm.RuntimeEnumExtender@2799f9a, net.neoforged.fml.common.asm.RuntimeDistCleaner@5f27d271]}
[19:18:45] [main/DEBUG] (cpw.mods.modlauncher.LaunchPluginHandler) Final flags state for net.neoforged.neoforge.client.loading.NeoForgeLoadingOverlay is 0
[19:18:45] [main/DEBUG] (cpw.mods.modlauncher.LaunchPluginHandler) LauncherPluginService mixin offering transform net.neoforged.neoforge.client.loading.NeoForgeLoadingOverlay
[19:18:45] [main/DEBUG] (mixin) Error cleaning class output directory: .mixin.out
[19:18:45] [main/DEBUG] (mixin) Preparing mixins for MixinEnvironment[DEFAULT]
[19:18:45] [main/DEBUG] (mixin) Selecting config architectury.mixins.json
[19:18:45] [main/DEBUG] (cpw.mods.modlauncher.LaunchPluginHandler) LaunchPluginService {AFTER=[org.spongepowered.asm.launch.MixinLaunchPlugin@5a1c0bcc, net.neoforged.fml.common.asm.RuntimeEnumExtender@2799f9a, net.neoforged.fml.common.asm.RuntimeDistCleaner@5f27d271]}
[19:18:45] [main/DEBUG] (cpw.mods.modlauncher.LaunchPluginHandler) Final flags state for dev.architectury.plugin.forge.ArchitecturyMixinPlugin is 0
[19:18:45] [main/DEBUG] (cpw.mods.modlauncher.LaunchPluginHandler) LauncherPluginService mixin offering transform dev.architectury.plugin.forge.ArchitecturyMixinPlugin
[19:18:45] [main/DEBUG] (cpw.mods.modlauncher.LaunchPluginHandler) LauncherPluginService runtime_enum_extender offering transform dev.architectury.plugin.forge.ArchitecturyMixinPlugin
[19:18:45] [main/DEBUG] (cpw.mods.modlauncher.LaunchPluginHandler) LauncherPluginService runtimedistcleaner offering transform dev.architectury.plugin.forge.ArchitecturyMixinPlugin
[19:18:45] [main/DEBUG] (cpw.mods.modlauncher.LaunchPluginHandler) Final flags state for dev.architectury.plugin.forge.ArchitecturyMixinPlugin is 0
[19:18:45] [main/DEBUG] (mixin) Selecting config architectury-common.mixins.json
[19:18:45] [main/DEBUG] (mixin) Selecting config veins.mixins.json
[19:18:45] [main/DEBUG] (mixin) Selecting config mixinextras.init.mixins.json
[19:18:45] [main/DEBUG] (cpw.mods.modlauncher.LaunchPluginHandler) LaunchPluginService {AFTER=[org.spongepowered.asm.launch.MixinLaunchPlugin@5a1c0bcc, net.neoforged.fml.common.asm.RuntimeEnumExtender@2799f9a, net.neoforged.fml.common.asm.RuntimeDistCleaner@5f27d271]}
[19:18:45] [main/DEBUG] (cpw.mods.modlauncher.LaunchPluginHandler) Final flags state for com.llamalad7.mixinextras.platform.neoforge.MixinExtrasConfigPlugin is 0
[19:18:45] [main/DEBUG] (cpw.mods.modlauncher.LaunchPluginHandler) LauncherPluginService mixin offering transform com.llamalad7.mixinextras.platform.neoforge.MixinExtrasConfigPlugin
[19:18:45] [main/DEBUG] (cpw.mods.modlauncher.LaunchPluginHandler) LauncherPluginService runtime_enum_extender offering transform com.llamalad7.mixinextras.platform.neoforge.MixinExtrasConfigPlugin
[19:18:45] [main/DEBUG] (cpw.mods.modlauncher.LaunchPluginHandler) LauncherPluginService runtimedistcleaner offering transform com.llamalad7.mixinextras.platform.neoforge.MixinExtrasConfigPlugin
[19:18:45] [main/DEBUG] (cpw.mods.modlauncher.LaunchPluginHandler) Final flags state for com.llamalad7.mixinextras.platform.neoforge.MixinExtrasConfigPlugin is 0
[19:18:45] [main/DEBUG] (cpw.mods.modlauncher.LaunchPluginHandler) LaunchPluginService {AFTER=[org.spongepowered.asm.launch.MixinLaunchPlugin@5a1c0bcc, net.neoforged.fml.common.asm.RuntimeEnumExtender@2799f9a, net.neoforged.fml.common.asm.RuntimeDistCleaner@5f27d271]}
[19:18:45] [main/DEBUG] (cpw.mods.modlauncher.LaunchPluginHandler) Final flags state for com.llamalad7.mixinextras.MixinExtrasBootstrap is 0
[19:18:45] [main/DEBUG] (cpw.mods.modlauncher.LaunchPluginHandler) LauncherPluginService mixin offering transform com.llamalad7.mixinextras.MixinExtrasBootstrap
[19:18:45] [main/DEBUG] (cpw.mods.modlauncher.LaunchPluginHandler) LauncherPluginService runtime_enum_extender offering transform com.llamalad7.mixinextras.MixinExtrasBootstrap
[19:18:45] [main/DEBUG] (cpw.mods.modlauncher.LaunchPluginHandler) LauncherPluginService runtimedistcleaner offering transform com.llamalad7.mixinextras.MixinExtrasBootstrap
[19:18:45] [main/DEBUG] (cpw.mods.modlauncher.LaunchPluginHandler) Final flags state for com.llamalad7.mixinextras.MixinExtrasBootstrap is 0
[19:18:45] [main/DEBUG] (cpw.mods.modlauncher.LaunchPluginHandler) LaunchPluginService {AFTER=[org.spongepowered.asm.launch.MixinLaunchPlugin@5a1c0bcc, net.neoforged.fml.common.asm.RuntimeEnumExtender@2799f9a, net.neoforged.fml.common.asm.RuntimeDistCleaner@5f27d271]}
[19:18:45] [main/DEBUG] (cpw.mods.modlauncher.LaunchPluginHandler) Final flags state for com.llamalad7.mixinextras.service.MixinExtrasService is 0
[19:18:45] [main/DEBUG] (cpw.mods.modlauncher.LaunchPluginHandler) LauncherPluginService mixin offering transform com.llamalad7.mixinextras.service.MixinExtrasService
[19:18:45] [main/DEBUG] (cpw.mods.modlauncher.LaunchPluginHandler) LauncherPluginService runtime_enum_extender offering transform com.llamalad7.mixinextras.service.MixinExtrasService
[19:18:45] [main/DEBUG] (cpw.mods.modlauncher.LaunchPluginHandler) LauncherPluginService runtimedistcleaner offering transform com.llamalad7.mixinextras.service.MixinExtrasService
[19:18:45] [main/DEBUG] (cpw.mods.modlauncher.LaunchPluginHandler) Final flags state for com.llamalad7.mixinextras.service.MixinExtrasService is 0
[19:18:45] [main/DEBUG] (cpw.mods.modlauncher.LaunchPluginHandler) LaunchPluginService {AFTER=[org.spongepowered.asm.launch.MixinLaunchPlugin@5a1c0bcc, net.neoforged.fml.common.asm.RuntimeEnumExtender@2799f9a, net.neoforged.fml.common.asm.RuntimeDistCleaner@5f27d271]}
[19:18:45] [main/DEBUG] (cpw.mods.modlauncher.LaunchPluginHandler) Final flags state for com.llamalad7.mixinextras.utils.Blackboard is 0
[19:18:45] [main/DEBUG] (cpw.mods.modlauncher.LaunchPluginHandler) LauncherPluginService mixin offering transform com.llamalad7.mixinextras.utils.Blackboard
[19:18:45] [main/DEBUG] (cpw.mods.modlauncher.LaunchPluginHandler) LauncherPluginService runtime_enum_extender offering transform com.llamalad7.mixinextras.utils.Blackboard
[19:18:45] [main/DEBUG] (cpw.mods.modlauncher.LaunchPluginHandler) LauncherPluginService runtimedistcleaner offering transform com.llamalad7.mixinextras.utils.Blackboard
[19:18:45] [main/DEBUG] (cpw.mods.modlauncher.LaunchPluginHandler) Final flags state for com.llamalad7.mixinextras.utils.Blackboard is 0
[19:18:45] [main/DEBUG] (cpw.mods.modlauncher.LaunchPluginHandler) LaunchPluginService {AFTER=[org.spongepowered.asm.launch.MixinLaunchPlugin@5a1c0bcc, net.neoforged.fml.common.asm.RuntimeEnumExtender@2799f9a, net.neoforged.fml.common.asm.RuntimeDistCleaner@5f27d271]}
[19:18:45] [main/DEBUG] (cpw.mods.modlauncher.LaunchPluginHandler) Final flags state for com.llamalad7.mixinextras.service.MixinExtrasServiceImpl is 0
[19:18:45] [main/DEBUG] (cpw.mods.modlauncher.LaunchPluginHandler) LauncherPluginService mixin offering transform com.llamalad7.mixinextras.service.MixinExtrasServiceImpl
[19:18:45] [main/DEBUG] (cpw.mods.modlauncher.LaunchPluginHandler) LauncherPluginService runtime_enum_extender offering transform com.llamalad7.mixinextras.service.MixinExtrasServiceImpl
[19:18:45] [main/DEBUG] (cpw.mods.modlauncher.LaunchPluginHandler) LauncherPluginService runtimedistcleaner offering transform com.llamalad7.mixinextras.service.MixinExtrasServiceImpl
[19:18:45] [main/DEBUG] (cpw.mods.modlauncher.LaunchPluginHandler) Final flags state for com.llamalad7.mixinextras.service.MixinExtrasServiceImpl is 0
[19:18:45] [main/DEBUG] (cpw.mods.modlauncher.LaunchPluginHandler) LaunchPluginService {AFTER=[org.spongepowered.asm.launch.MixinLaunchPlugin@5a1c0bcc, net.neoforged.fml.common.asm.RuntimeEnumExtender@2799f9a, net.neoforged.fml.common.asm.RuntimeDistCleaner@5f27d271]}
[19:18:45] [main/DEBUG] (cpw.mods.modlauncher.LaunchPluginHandler) Final flags state for com.llamalad7.mixinextras.utils.MixinExtrasLogger is 0
[19:18:45] [main/DEBUG] (cpw.mods.modlauncher.LaunchPluginHandler) LauncherPluginService mixin offering transform com.llamalad7.mixinextras.utils.MixinExtrasLogger
[19:18:45] [main/DEBUG] (cpw.mods.modlauncher.LaunchPluginHandler) LauncherPluginService runtime_enum_extender offering transform com.llamalad7.mixinextras.utils.MixinExtrasLogger
[19:18:45] [main/DEBUG] (cpw.mods.modlauncher.LaunchPluginHandler) LauncherPluginService runtimedistcleaner offering transform com.llamalad7.mixinextras.utils.MixinExtrasLogger
[19:18:45] [main/DEBUG] (cpw.mods.modlauncher.LaunchPluginHandler) Final flags state for com.llamalad7.mixinextras.utils.MixinExtrasLogger is 0
[19:18:45] [main/DEBUG] (cpw.mods.modlauncher.LaunchPluginHandler) LaunchPluginService {AFTER=[org.spongepowered.asm.launch.MixinLaunchPlugin@5a1c0bcc, net.neoforged.fml.common.asm.RuntimeEnumExtender@2799f9a, net.neoforged.fml.common.asm.RuntimeDistCleaner@5f27d271]}
[19:18:45] [main/DEBUG] (cpw.mods.modlauncher.LaunchPluginHandler) Final flags state for com.llamalad7.mixinextras.lib.apache.commons.StringUtils is 0
[19:18:45] [main/DEBUG] (cpw.mods.modlauncher.LaunchPluginHandler) LauncherPluginService mixin offering transform com.llamalad7.mixinextras.lib.apache.commons.StringUtils
[19:18:45] [main/DEBUG] (cpw.mods.modlauncher.LaunchPluginHandler) LauncherPluginService runtime_enum_extender offering transform com.llamalad7.mixinextras.lib.apache.commons.StringUtils
[19:18:45] [main/DEBUG] (cpw.mods.modlauncher.LaunchPluginHandler) LauncherPluginService runtimedistcleaner offering transform com.llamalad7.mixinextras.lib.apache.commons.StringUtils
[19:18:45] [main/DEBUG] (cpw.mods.modlauncher.LaunchPluginHandler) Final flags state for com.llamalad7.mixinextras.lib.apache.commons.StringUtils is 0
[19:18:45] [main/DEBUG] (cpw.mods.modlauncher.LaunchPluginHandler) LaunchPluginService {AFTER=[org.spongepowered.asm.launch.MixinLaunchPlugin@5a1c0bcc, net.neoforged.fml.common.asm.RuntimeEnumExtender@2799f9a, net.neoforged.fml.common.asm.RuntimeDistCleaner@5f27d271]}
[19:18:45] [main/DEBUG] (cpw.mods.modlauncher.LaunchPluginHandler) Final flags state for com.llamalad7.mixinextras.service.Versioned is 0
[19:18:45] [main/DEBUG] (cpw.mods.modlauncher.LaunchPluginHandler) LauncherPluginService mixin offering transform com.llamalad7.mixinextras.service.Versioned
[19:18:45] [main/DEBUG] (cpw.mods.modlauncher.LaunchPluginHandler) LauncherPluginService runtime_enum_extender offering transform com.llamalad7.mixinextras.service.Versioned
[19:18:45] [main/DEBUG] (cpw.mods.modlauncher.LaunchPluginHandler) LauncherPluginService runtimedistcleaner offering transform com.llamalad7.mixinextras.service.Versioned
[19:18:45] [main/DEBUG] (cpw.mods.modlauncher.LaunchPluginHandler) Final flags state for com.llamalad7.mixinextras.service.Versioned is 0
[19:18:45] [main/DEBUG] (cpw.mods.modlauncher.LaunchPluginHandler) LaunchPluginService {AFTER=[org.spongepowered.asm.launch.MixinLaunchPlugin@5a1c0bcc, net.neoforged.fml.common.asm.RuntimeEnumExtender@2799f9a, net.neoforged.fml.common.asm.RuntimeDistCleaner@5f27d271]}
[19:18:45] [main/DEBUG] (cpw.mods.modlauncher.LaunchPluginHandler) Final flags state for com.llamalad7.mixinextras.service.MixinExtrasVersion is 0
[19:18:45] [main/DEBUG] (cpw.mods.modlauncher.LaunchPluginHandler) LauncherPluginService mixin offering transform com.llamalad7.mixinextras.service.MixinExtrasVersion
[19:18:45] [main/DEBUG] (cpw.mods.modlauncher.LaunchPluginHandler) LauncherPluginService runtime_enum_extender offering transform com.llamalad7.mixinextras.service.MixinExtrasVersion
[19:18:45] [main/DEBUG] (cpw.mods.modlauncher.LaunchPluginHandler) LauncherPluginService runtimedistcleaner offering transform com.llamalad7.mixinextras.service.MixinExtrasVersion
[19:18:45] [main/DEBUG] (cpw.mods.modlauncher.LaunchPluginHandler) Final flags state for com.llamalad7.mixinextras.service.MixinExtrasVersion is 0
[19:18:45] [main/DEBUG] (cpw.mods.modlauncher.LaunchPluginHandler) LaunchPluginService {AFTER=[org.spongepowered.asm.launch.MixinLaunchPlugin@5a1c0bcc, net.neoforged.fml.common.asm.RuntimeEnumExtender@2799f9a, net.neoforged.fml.common.asm.RuntimeDistCleaner@5f27d271]}
[19:18:45] [main/DEBUG] (cpw.mods.modlauncher.LaunchPluginHandler) Final flags state for com.llamalad7.mixinextras.transformer.MixinTransformerExtension is 0
[19:18:45] [main/DEBUG] (cpw.mods.modlauncher.LaunchPluginHandler) LauncherPluginService mixin offering transform com.llamalad7.mixinextras.transformer.MixinTransformerExtension
[19:18:45] [main/DEBUG] (cpw.mods.modlauncher.LaunchPluginHandler) LauncherPluginService runtime_enum_extender offering transform com.llamalad7.mixinextras.transformer.MixinTransformerExtension
[19:18:45] [main/DEBUG] (cpw.mods.modlauncher.LaunchPluginHandler) LauncherPluginService runtimedistcleaner offering transform com.llamalad7.mixinextras.transformer.MixinTransformerExtension
[19:18:45] [main/DEBUG] (cpw.mods.modlauncher.LaunchPluginHandler) Final flags state for com.llamalad7.mixinextras.transformer.MixinTransformerExtension is 0
[19:18:45] [main/DEBUG] (cpw.mods.modlauncher.LaunchPluginHandler) LaunchPluginService {AFTER=[org.spongepowered.asm.launch.MixinLaunchPlugin@5a1c0bcc, net.neoforged.fml.common.asm.RuntimeEnumExtender@2799f9a, net.neoforged.fml.common.asm.RuntimeDistCleaner@5f27d271]}
[19:18:45] [main/DEBUG] (cpw.mods.modlauncher.LaunchPluginHandler) Final flags state for com.llamalad7.mixinextras.transformer.MixinTransformer is 0
[19:18:45] [main/DEBUG] (cpw.mods.modlauncher.LaunchPluginHandler) LauncherPluginService mixin offering transform com.llamalad7.mixinextras.transformer.MixinTransformer
[19:18:45] [main/DEBUG] (cpw.mods.modlauncher.LaunchPluginHandler) LauncherPluginService runtime_enum_extender offering transform com.llamalad7.mixinextras.transformer.MixinTransformer
[19:18:45] [main/DEBUG] (cpw.mods.modlauncher.LaunchPluginHandler) LauncherPluginService runtimedistcleaner offering transform com.llamalad7.mixinextras.transformer.MixinTransformer
[19:18:45] [main/DEBUG] (cpw.mods.modlauncher.LaunchPluginHandler) Final flags state for com.llamalad7.mixinextras.transformer.MixinTransformer is 0
[19:18:45] [main/DEBUG] (cpw.mods.modlauncher.LaunchPluginHandler) LaunchPluginService {AFTER=[org.spongepowered.asm.launch.MixinLaunchPlugin@5a1c0bcc, net.neoforged.fml.common.asm.RuntimeEnumExtender@2799f9a, net.neoforged.fml.common.asm.RuntimeDistCleaner@5f27d271]}
[19:18:45] [main/DEBUG] (cpw.mods.modlauncher.LaunchPluginHandler) Final flags state for com.llamalad7.mixinextras.wrapper.factory.FactoryRedirectWrapperMixinTransformer is 0
[19:18:45] [main/DEBUG] (cpw.mods.modlauncher.LaunchPluginHandler) LauncherPluginService mixin offering transform com.llamalad7.mixinextras.wrapper.factory.FactoryRedirectWrapperMixinTransformer
[19:18:45] [main/DEBUG] (cpw.mods.modlauncher.LaunchPluginHandler) LauncherPluginService runtime_enum_extender offering transform com.llamalad7.mixinextras.wrapper.factory.FactoryRedirectWrapperMixinTransformer
[19:18:45] [main/DEBUG] (cpw.mods.modlauncher.LaunchPluginHandler) LauncherPluginService runtimedistcleaner offering transform com.llamalad7.mixinextras.wrapper.factory.FactoryRedirectWrapperMixinTransformer
[19:18:45] [main/DEBUG] (cpw.mods.modlauncher.LaunchPluginHandler) Final flags state for com.llamalad7.mixinextras.wrapper.factory.FactoryRedirectWrapperMixinTransformer is 0
[19:18:45] [main/DEBUG] (cpw.mods.modlauncher.LaunchPluginHandler) LaunchPluginService {AFTER=[org.spongepowered.asm.launch.MixinLaunchPlugin@5a1c0bcc, net.neoforged.fml.common.asm.RuntimeEnumExtender@2799f9a, net.neoforged.fml.common.asm.RuntimeDistCleaner@5f27d271]}
[19:18:45] [main/DEBUG] (cpw.mods.modlauncher.LaunchPluginHandler) Final flags state for com.llamalad7.mixinextras.sugar.impl.SugarMixinTransformer is 0
[19:18:45] [main/DEBUG] (cpw.mods.modlauncher.LaunchPluginHandler) LauncherPluginService mixin offering transform com.llamalad7.mixinextras.sugar.impl.SugarMixinTransformer
[19:18:45] [main/DEBUG] (cpw.mods.modlauncher.LaunchPluginHandler) LauncherPluginService runtime_enum_extender offering transform com.llamalad7.mixinextras.sugar.impl.SugarMixinTransformer
[19:18:45] [main/DEBUG] (cpw.mods.modlauncher.LaunchPluginHandler) LauncherPluginService runtimedistcleaner offering transform com.llamalad7.mixinextras.sugar.impl.SugarMixinTransformer
[19:18:45] [main/DEBUG] (cpw.mods.modlauncher.LaunchPluginHandler) Final flags state for com.llamalad7.mixinextras.sugar.impl.SugarMixinTransformer is 0
[19:18:45] [main/DEBUG] (cpw.mods.modlauncher.LaunchPluginHandler) LaunchPluginService {AFTER=[org.spongepowered.asm.launch.MixinLaunchPlugin@5a1c0bcc, net.neoforged.fml.common.asm.RuntimeEnumExtender@2799f9a, net.neoforged.fml.common.asm.RuntimeDistCleaner@5f27d271]}
[19:18:45] [main/DEBUG] (cpw.mods.modlauncher.LaunchPluginHandler) Final flags state for com.llamalad7.mixinextras.service.ServiceInitializationExtension is 0
[19:18:45] [main/DEBUG] (cpw.mods.modlauncher.LaunchPluginHandler) LauncherPluginService mixin offering transform com.llamalad7.mixinextras.service.ServiceInitializationExtension
[19:18:45] [main/DEBUG] (cpw.mods.modlauncher.LaunchPluginHandler) LauncherPluginService runtime_enum_extender offering transform com.llamalad7.mixinextras.service.ServiceInitializationExtension
[19:18:45] [main/DEBUG] (cpw.mods.modlauncher.LaunchPluginHandler) LauncherPluginService runtimedistcleaner offering transform com.llamalad7.mixinextras.service.ServiceInitializationExtension
[19:18:45] [main/DEBUG] (cpw.mods.modlauncher.LaunchPluginHandler) Final flags state for com.llamalad7.mixinextras.service.ServiceInitializationExtension is 0
[19:18:45] [main/DEBUG] (cpw.mods.modlauncher.LaunchPluginHandler) LaunchPluginService {AFTER=[org.spongepowered.asm.launch.MixinLaunchPlugin@5a1c0bcc, net.neoforged.fml.common.asm.RuntimeEnumExtender@2799f9a, net.neoforged.fml.common.asm.RuntimeDistCleaner@5f27d271]}
[19:18:45] [main/DEBUG] (cpw.mods.modlauncher.LaunchPluginHandler) Final flags state for com.llamalad7.mixinextras.injector.LateInjectionApplicatorExtension is 0
[19:18:45] [main/DEBUG] (cpw.mods.modlauncher.LaunchPluginHandler) LauncherPluginService mixin offering transform com.llamalad7.mixinextras.injector.LateInjectionApplicatorExtension
[19:18:45] [main/DEBUG] (cpw.mods.modlauncher.LaunchPluginHandler) LauncherPluginService runtime_enum_extender offering transform com.llamalad7.mixinextras.injector.LateInjectionApplicatorExtension
[19:18:45] [main/DEBUG] (cpw.mods.modlauncher.LaunchPluginHandler) LauncherPluginService runtimedistcleaner offering transform com.llamalad7.mixinextras.injector.LateInjectionApplicatorExtension
[19:18:45] [main/DEBUG] (cpw.mods.modlauncher.LaunchPluginHandler) Final flags state for com.llamalad7.mixinextras.injector.LateInjectionApplicatorExtension is 0
[19:18:45] [main/DEBUG] (cpw.mods.modlauncher.LaunchPluginHandler) LaunchPluginService {AFTER=[org.spongepowered.asm.launch.MixinLaunchPlugin@5a1c0bcc, net.neoforged.fml.common.asm.RuntimeEnumExtender@2799f9a, net.neoforged.fml.common.asm.RuntimeDistCleaner@5f27d271]}
[19:18:45] [main/DEBUG] (cpw.mods.modlauncher.LaunchPluginHandler) Final flags state for com.llamalad7.mixinextras.sugar.impl.SugarPostProcessingExtension is 0
[19:18:45] [main/DEBUG] (cpw.mods.modlauncher.LaunchPluginHandler) LauncherPluginService mixin offering transform com.llamalad7.mixinextras.sugar.impl.SugarPostProcessingExtension
[19:18:45] [main/DEBUG] (cpw.mods.modlauncher.LaunchPluginHandler) LauncherPluginService runtime_enum_extender offering transform com.llamalad7.mixinextras.sugar.impl.SugarPostProcessingExtension
[19:18:45] [main/DEBUG] (cpw.mods.modlauncher.LaunchPluginHandler) LauncherPluginService runtimedistcleaner offering transform com.llamalad7.mixinextras.sugar.impl.SugarPostProcessingExtension
[19:18:45] [main/DEBUG] (cpw.mods.modlauncher.LaunchPluginHandler) Final flags state for com.llamalad7.mixinextras.sugar.impl.SugarPostProcessingExtension is 0
[19:18:45] [main/DEBUG] (cpw.mods.modlauncher.LaunchPluginHandler) LaunchPluginService {AFTER=[org.spongepowered.asm.launch.MixinLaunchPlugin@5a1c0bcc, net.neoforged.fml.common.asm.RuntimeEnumExtender@2799f9a, net.neoforged.fml.common.asm.RuntimeDistCleaner@5f27d271]}
[19:18:45] [main/DEBUG] (cpw.mods.modlauncher.LaunchPluginHandler) Final flags state for com.llamalad7.mixinextras.injector.ModifyExpressionValueInjectionInfo is 0
[19:18:45] [main/DEBUG] (cpw.mods.modlauncher.LaunchPluginHandler) LauncherPluginService mixin offering transform com.llamalad7.mixinextras.injector.ModifyExpressionValueInjectionInfo
[19:18:45] [main/DEBUG] (cpw.mods.modlauncher.LaunchPluginHandler) LauncherPluginService runtime_enum_extender offering transform com.llamalad7.mixinextras.injector.ModifyExpressionValueInjectionInfo
[19:18:45] [main/DEBUG] (cpw.mods.modlauncher.LaunchPluginHandler) LauncherPluginService runtimedistcleaner offering transform com.llamalad7.mixinextras.injector.ModifyExpressionValueInjectionInfo
[19:18:45] [main/DEBUG] (cpw.mods.modlauncher.LaunchPluginHandler) Final flags state for com.llamalad7.mixinextras.injector.ModifyExpressionValueInjectionInfo is 0
[19:18:45] [main/DEBUG] (cpw.mods.modlauncher.LaunchPluginHandler) LaunchPluginService {AFTER=[org.spongepowered.asm.launch.MixinLaunchPlugin@5a1c0bcc, net.neoforged.fml.common.asm.RuntimeEnumExtender@2799f9a, net.neoforged.fml.common.asm.RuntimeDistCleaner@5f27d271]}
[19:18:45] [main/DEBUG] (cpw.mods.modlauncher.LaunchPluginHandler) Final flags state for com.llamalad7.mixinextras.injector.MixinExtrasInjectionInfo is 0
[19:18:45] [main/DEBUG] (cpw.mods.modlauncher.LaunchPluginHandler) LauncherPluginService mixin offering transform com.llamalad7.mixinextras.injector.MixinExtrasInjectionInfo
[19:18:45] [main/DEBUG] (cpw.mods.modlauncher.LaunchPluginHandler) LauncherPluginService runtime_enum_extender offering transform com.llamalad7.mixinextras.injector.MixinExtrasInjectionInfo
[19:18:45] [main/DEBUG] (cpw.mods.modlauncher.LaunchPluginHandler) LauncherPluginService runtimedistcleaner offering transform com.llamalad7.mixinextras.injector.MixinExtrasInjectionInfo
[19:18:45] [main/DEBUG] (cpw.mods.modlauncher.LaunchPluginHandler) Final flags state for com.llamalad7.mixinextras.injector.MixinExtrasInjectionInfo is 0
[19:18:45] [main/DEBUG] (cpw.mods.modlauncher.LaunchPluginHandler) LaunchPluginService {AFTER=[org.spongepowered.asm.launch.MixinLaunchPlugin@5a1c0bcc, net.neoforged.fml.common.asm.RuntimeEnumExtender@2799f9a, net.neoforged.fml.common.asm.RuntimeDistCleaner@5f27d271]}
[19:18:45] [main/DEBUG] (cpw.mods.modlauncher.LaunchPluginHandler) Final flags state for com.llamalad7.mixinextras.injector.ModifyReceiverInjectionInfo is 0
[19:18:45] [main/DEBUG] (cpw.mods.modlauncher.LaunchPluginHandler) LauncherPluginService mixin offering transform com.llamalad7.mixinextras.injector.ModifyReceiverInjectionInfo
[19:18:45] [main/DEBUG] (cpw.mods.modlauncher.LaunchPluginHandler) LauncherPluginService runtime_enum_extender offering transform com.llamalad7.mixinextras.injector.ModifyReceiverInjectionInfo
[19:18:45] [main/DEBUG] (cpw.mods.modlauncher.LaunchPluginHandler) LauncherPluginService runtimedistcleaner offering transform com.llamalad7.mixinextras.injector.ModifyReceiverInjectionInfo
[19:18:45] [main/DEBUG] (cpw.mods.modlauncher.LaunchPluginHandler) Final flags state for com.llamalad7.mixinextras.injector.ModifyReceiverInjectionInfo is 0
[19:18:45] [main/DEBUG] (cpw.mods.modlauncher.LaunchPluginHandler) LaunchPluginService {AFTER=[org.spongepowered.asm.launch.MixinLaunchPlugin@5a1c0bcc, net.neoforged.fml.common.asm.RuntimeEnumExtender@2799f9a, net.neoforged.fml.common.asm.RuntimeDistCleaner@5f27d271]}
[19:18:45] [main/DEBUG] (cpw.mods.modlauncher.LaunchPluginHandler) Final flags state for com.llamalad7.mixinextras.injector.ModifyReturnValueInjectionInfo is 0
[19:18:45] [main/DEBUG] (cpw.mods.modlauncher.LaunchPluginHandler) LauncherPluginService mixin offering transform com.llamalad7.mixinextras.injector.ModifyReturnValueInjectionInfo
[19:18:45] [main/DEBUG] (cpw.mods.modlauncher.LaunchPluginHandler) LauncherPluginService runtime_enum_extender offering transform com.llamalad7.mixinextras.injector.ModifyReturnValueInjectionInfo
[19:18:45] [main/DEBUG] (cpw.mods.modlauncher.LaunchPluginHandler) LauncherPluginService runtimedistcleaner offering transform com.llamalad7.mixinextras.injector.ModifyReturnValueInjectionInfo
[19:18:45] [main/DEBUG] (cpw.mods.modlauncher.LaunchPluginHandler) Final flags state for com.llamalad7.mixinextras.injector.ModifyReturnValueInjectionInfo is 0
[19:18:45] [main/DEBUG] (cpw.mods.modlauncher.LaunchPluginHandler) LaunchPluginService {AFTER=[org.spongepowered.asm.launch.MixinLaunchPlugin@5a1c0bcc, net.neoforged.fml.common.asm.RuntimeEnumExtender@2799f9a, net.neoforged.fml.common.asm.RuntimeDistCleaner@5f27d271]}
[19:18:45] [main/DEBUG] (cpw.mods.modlauncher.LaunchPluginHandler) Final flags state for com.llamalad7.mixinextras.injector.wrapoperation.WrapOperationInjectionInfo is 0
[19:18:45] [main/DEBUG] (cpw.mods.modlauncher.LaunchPluginHandler) LauncherPluginService mixin offering transform com.llamalad7.mixinextras.injector.wrapoperation.WrapOperationInjectionInfo
[19:18:45] [main/DEBUG] (cpw.mods.modlauncher.LaunchPluginHandler) LauncherPluginService runtime_enum_extender offering transform com.llamalad7.mixinextras.injector.wrapoperation.WrapOperationInjectionInfo
[19:18:45] [main/DEBUG] (cpw.mods.modlauncher.LaunchPluginHandler) LauncherPluginService runtimedistcleaner offering transform com.llamalad7.mixinextras.injector.wrapoperation.WrapOperationInjectionInfo
[19:18:45] [main/DEBUG] (cpw.mods.modlauncher.LaunchPluginHandler) Final flags state for com.llamalad7.mixinextras.injector.wrapoperation.WrapOperationInjectionInfo is 0
[19:18:45] [main/DEBUG] (cpw.mods.modlauncher.LaunchPluginHandler) LaunchPluginService {AFTER=[org.spongepowered.asm.launch.MixinLaunchPlugin@5a1c0bcc, net.neoforged.fml.common.asm.RuntimeEnumExtender@2799f9a, net.neoforged.fml.common.asm.RuntimeDistCleaner@5f27d271]}
[19:18:45] [main/DEBUG] (cpw.mods.modlauncher.LaunchPluginHandler) Final flags state for com.llamalad7.mixinextras.injector.MixinExtrasLateInjectionInfo is 0
[19:18:45] [main/DEBUG] (cpw.mods.modlauncher.LaunchPluginHandler) LauncherPluginService mixin offering transform com.llamalad7.mixinextras.injector.MixinExtrasLateInjectionInfo
[19:18:45] [main/DEBUG] (cpw.mods.modlauncher.LaunchPluginHandler) LauncherPluginService runtime_enum_extender offering transform com.llamalad7.mixinextras.injector.MixinExtrasLateInjectionInfo
[19:18:45] [main/DEBUG] (cpw.mods.modlauncher.LaunchPluginHandler) LauncherPluginService runtimedistcleaner offering transform com.llamalad7.mixinextras.injector.MixinExtrasLateInjectionInfo
[19:18:45] [main/DEBUG] (cpw.mods.modlauncher.LaunchPluginHandler) Final flags state for com.llamalad7.mixinextras.injector.MixinExtrasLateInjectionInfo is 0
[19:18:45] [main/DEBUG] (cpw.mods.modlauncher.LaunchPluginHandler) LaunchPluginService {AFTER=[org.spongepowered.asm.launch.MixinLaunchPlugin@5a1c0bcc, net.neoforged.fml.common.asm.RuntimeEnumExtender@2799f9a, net.neoforged.fml.common.asm.RuntimeDistCleaner@5f27d271]}
[19:18:45] [main/DEBUG] (cpw.mods.modlauncher.LaunchPluginHandler) Final flags state for com.llamalad7.mixinextras.injector.LateApplyingInjectorInfo is 0
[19:18:45] [main/DEBUG] (cpw.mods.modlauncher.LaunchPluginHandler) LauncherPluginService mixin offering transform com.llamalad7.mixinextras.injector.LateApplyingInjectorInfo
[19:18:45] [main/DEBUG] (cpw.mods.modlauncher.LaunchPluginHandler) LauncherPluginService runtime_enum_extender offering transform com.llamalad7.mixinextras.injector.LateApplyingInjectorInfo
[19:18:45] [main/DEBUG] (cpw.mods.modlauncher.LaunchPluginHandler) LauncherPluginService runtimedistcleaner offering transform com.llamalad7.mixinextras.injector.LateApplyingInjectorInfo
[19:18:45] [main/DEBUG] (cpw.mods.modlauncher.LaunchPluginHandler) Final flags state for com.llamalad7.mixinextras.injector.LateApplyingInjectorInfo is 0
[19:18:45] [main/DEBUG] (cpw.mods.modlauncher.LaunchPluginHandler) LaunchPluginService {AFTER=[org.spongepowered.asm.launch.MixinLaunchPlugin@5a1c0bcc, net.neoforged.fml.common.asm.RuntimeEnumExtender@2799f9a, net.neoforged.fml.common.asm.RuntimeDistCleaner@5f27d271]}
[19:18:45] [main/DEBUG] (cpw.mods.modlauncher.LaunchPluginHandler) Final flags state for com.llamalad7.mixinextras.injector.WrapWithConditionV1InjectionInfo is 0
[19:18:45] [main/DEBUG] (cpw.mods.modlauncher.LaunchPluginHandler) LauncherPluginService mixin offering transform com.llamalad7.mixinextras.injector.WrapWithConditionV1InjectionInfo
[19:18:45] [main/DEBUG] (cpw.mods.modlauncher.LaunchPluginHandler) LauncherPluginService runtime_enum_extender offering transform com.llamalad7.mixinextras.injector.WrapWithConditionV1InjectionInfo
[19:18:45] [main/DEBUG] (cpw.mods.modlauncher.LaunchPluginHandler) LauncherPluginService runtimedistcleaner offering transform com.llamalad7.mixinextras.injector.WrapWithConditionV1InjectionInfo
[19:18:45] [main/DEBUG] (cpw.mods.modlauncher.LaunchPluginHandler) Final flags state for com.llamalad7.mixinextras.injector.WrapWithConditionV1InjectionInfo is 0
[19:18:45] [main/DEBUG] (cpw.mods.modlauncher.LaunchPluginHandler) LaunchPluginService {AFTER=[org.spongepowered.asm.launch.MixinLaunchPlugin@5a1c0bcc, net.neoforged.fml.common.asm.RuntimeEnumExtender@2799f9a, net.neoforged.fml.common.asm.RuntimeDistCleaner@5f27d271]}
[19:18:45] [main/DEBUG] (cpw.mods.modlauncher.LaunchPluginHandler) Final flags state for com.llamalad7.mixinextras.injector.v2.WrapWithConditionInjectionInfo is 0
[19:18:45] [main/DEBUG] (cpw.mods.modlauncher.LaunchPluginHandler) LauncherPluginService mixin offering transform com.llamalad7.mixinextras.injector.v2.WrapWithConditionInjectionInfo
[19:18:45] [main/DEBUG] (cpw.mods.modlauncher.LaunchPluginHandler) LauncherPluginService runtime_enum_extender offering transform com.llamalad7.mixinextras.injector.v2.WrapWithConditionInjectionInfo
[19:18:45] [main/DEBUG] (cpw.mods.modlauncher.LaunchPluginHandler) LauncherPluginService runtimedistcleaner offering transform com.llamalad7.mixinextras.injector.v2.WrapWithConditionInjectionInfo
[19:18:45] [main/DEBUG] (cpw.mods.modlauncher.LaunchPluginHandler) Final flags state for com.llamalad7.mixinextras.injector.v2.WrapWithConditionInjectionInfo is 0
[19:18:45] [main/DEBUG] (cpw.mods.modlauncher.LaunchPluginHandler) LaunchPluginService {AFTER=[org.spongepowered.asm.launch.MixinLaunchPlugin@5a1c0bcc, net.neoforged.fml.common.asm.RuntimeEnumExtender@2799f9a, net.neoforged.fml.common.asm.RuntimeDistCleaner@5f27d271]}
[19:18:45] [main/DEBUG] (cpw.mods.modlauncher.LaunchPluginHandler) Final flags state for com.llamalad7.mixinextras.sugar.impl.SugarWrapperInjectionInfo is 0
[19:18:45] [main/DEBUG] (cpw.mods.modlauncher.LaunchPluginHandler) LauncherPluginService mixin offering transform com.llamalad7.mixinextras.sugar.impl.SugarWrapperInjectionInfo
[19:18:45] [main/DEBUG] (cpw.mods.modlauncher.LaunchPluginHandler) LauncherPluginService runtime_enum_extender offering transform com.llamalad7.mixinextras.sugar.impl.SugarWrapperInjectionInfo
[19:18:45] [main/DEBUG] (cpw.mods.modlauncher.LaunchPluginHandler) LauncherPluginService runtimedistcleaner offering transform com.llamalad7.mixinextras.sugar.impl.SugarWrapperInjectionInfo
[19:18:45] [main/DEBUG] (cpw.mods.modlauncher.LaunchPluginHandler) Final flags state for com.llamalad7.mixinextras.sugar.impl.SugarWrapperInjectionInfo is 0
[19:18:45] [main/DEBUG] (cpw.mods.modlauncher.LaunchPluginHandler) LaunchPluginService {AFTER=[org.spongepowered.asm.launch.MixinLaunchPlugin@5a1c0bcc, net.neoforged.fml.common.asm.RuntimeEnumExtender@2799f9a, net.neoforged.fml.common.asm.RuntimeDistCleaner@5f27d271]}
[19:18:45] [main/DEBUG] (cpw.mods.modlauncher.LaunchPluginHandler) Final flags state for com.llamalad7.mixinextras.wrapper.WrapperInjectionInfo is 0
[19:18:45] [main/DEBUG] (cpw.mods.modlauncher.LaunchPluginHandler) LauncherPluginService mixin offering transform com.llamalad7.mixinextras.wrapper.WrapperInjectionInfo
[19:18:45] [main/DEBUG] (cpw.mods.modlauncher.LaunchPluginHandler) LauncherPluginService runtime_enum_extender offering transform com.llamalad7.mixinextras.wrapper.WrapperInjectionInfo
[19:18:45] [main/DEBUG] (cpw.mods.modlauncher.LaunchPluginHandler) LauncherPluginService runtimedistcleaner offering transform com.llamalad7.mixinextras.wrapper.WrapperInjectionInfo
[19:18:45] [main/DEBUG] (cpw.mods.modlauncher.LaunchPluginHandler) Final flags state for com.llamalad7.mixinextras.wrapper.WrapperInjectionInfo is 0
[19:18:45] [main/DEBUG] (cpw.mods.modlauncher.LaunchPluginHandler) LaunchPluginService {AFTER=[org.spongepowered.asm.launch.MixinLaunchPlugin@5a1c0bcc, net.neoforged.fml.common.asm.RuntimeEnumExtender@2799f9a, net.neoforged.fml.common.asm.RuntimeDistCleaner@5f27d271]}
[19:18:45] [main/DEBUG] (cpw.mods.modlauncher.LaunchPluginHandler) Final flags state for com.llamalad7.mixinextras.wrapper.factory.FactoryRedirectWrapperInjectionInfo is 0
[19:18:45] [main/DEBUG] (cpw.mods.modlauncher.LaunchPluginHandler) LauncherPluginService mixin offering transform com.llamalad7.mixinextras.wrapper.factory.FactoryRedirectWrapperInjectionInfo
[19:18:45] [main/DEBUG] (cpw.mods.modlauncher.LaunchPluginHandler) LauncherPluginService runtime_enum_extender offering transform com.llamalad7.mixinextras.wrapper.factory.FactoryRedirectWrapperInjectionInfo
[19:18:45] [main/DEBUG] (cpw.mods.modlauncher.LaunchPluginHandler) LauncherPluginService runtimedistcleaner offering transform com.llamalad7.mixinextras.wrapper.factory.FactoryRedirectWrapperInjectionInfo
[19:18:45] [main/DEBUG] (cpw.mods.modlauncher.LaunchPluginHandler) Final flags state for com.llamalad7.mixinextras.wrapper.factory.FactoryRedirectWrapperInjectionInfo is 0
[19:18:45] [main/DEBUG] (MixinExtras|Service) com.llamalad7.mixinextras.service.MixinExtrasServiceImpl(version=0.3.5) is taking over from null
[19:18:45] [main/DEBUG] (cpw.mods.modlauncher.LaunchPluginHandler) LaunchPluginService {AFTER=[org.spongepowered.asm.launch.MixinLaunchPlugin@5a1c0bcc, net.neoforged.fml.common.asm.RuntimeEnumExtender@2799f9a, net.neoforged.fml.common.asm.RuntimeDistCleaner@5f27d271]}
[19:18:45] [main/DEBUG] (cpw.mods.modlauncher.LaunchPluginHandler) Final flags state for com.llamalad7.mixinextras.utils.MixinInternals is 0
[19:18:45] [main/DEBUG] (cpw.mods.modlauncher.LaunchPluginHandler) LauncherPluginService mixin offering transform com.llamalad7.mixinextras.utils.MixinInternals
[19:18:45] [main/DEBUG] (cpw.mods.modlauncher.LaunchPluginHandler) LauncherPluginService runtime_enum_extender offering transform com.llamalad7.mixinextras.utils.MixinInternals
[19:18:45] [main/DEBUG] (cpw.mods.modlauncher.LaunchPluginHandler) LauncherPluginService runtimedistcleaner offering transform com.llamalad7.mixinextras.utils.MixinInternals
[19:18:45] [main/DEBUG] (cpw.mods.modlauncher.LaunchPluginHandler) Final flags state for com.llamalad7.mixinextras.utils.MixinInternals is 0
[19:18:45] [main/DEBUG] (cpw.mods.modlauncher.LaunchPluginHandler) LaunchPluginService {AFTER=[org.spongepowered.asm.launch.MixinLaunchPlugin@5a1c0bcc, net.neoforged.fml.common.asm.RuntimeEnumExtender@2799f9a, net.neoforged.fml.common.asm.RuntimeDistCleaner@5f27d271]}
[19:18:45] [main/DEBUG] (cpw.mods.modlauncher.LaunchPluginHandler) Final flags state for com.llamalad7.mixinextras.utils.InternalField is 0
[19:18:45] [main/DEBUG] (cpw.mods.modlauncher.LaunchPluginHandler) LauncherPluginService mixin offering transform com.llamalad7.mixinextras.utils.InternalField
[19:18:45] [main/DEBUG] (cpw.mods.modlauncher.LaunchPluginHandler) LauncherPluginService runtime_enum_extender offering transform com.llamalad7.mixinextras.utils.InternalField
[19:18:45] [main/DEBUG] (cpw.mods.modlauncher.LaunchPluginHandler) LauncherPluginService runtimedistcleaner offering transform com.llamalad7.mixinextras.utils.InternalField
[19:18:45] [main/DEBUG] (cpw.mods.modlauncher.LaunchPluginHandler) Final flags state for com.llamalad7.mixinextras.utils.InternalField is 0
[19:18:45] [main/DEBUG] (cpw.mods.modlauncher.LaunchPluginHandler) LaunchPluginService {AFTER=[org.spongepowered.asm.launch.MixinLaunchPlugin@5a1c0bcc, net.neoforged.fml.common.asm.RuntimeEnumExtender@2799f9a, net.neoforged.fml.common.asm.RuntimeDistCleaner@5f27d271]}
[19:18:45] [main/DEBUG] (cpw.mods.modlauncher.LaunchPluginHandler) Final flags state for com.llamalad7.mixinextras.utils.InternalField$1 is 0
[19:18:45] [main/DEBUG] (cpw.mods.modlauncher.LaunchPluginHandler) LauncherPluginService mixin offering transform com.llamalad7.mixinextras.utils.InternalField$1
[19:18:45] [main/DEBUG] (cpw.mods.modlauncher.LaunchPluginHandler) LauncherPluginService runtime_enum_extender offering transform com.llamalad7.mixinextras.utils.InternalField$1
[19:18:45] [main/DEBUG] (cpw.mods.modlauncher.LaunchPluginHandler) LauncherPluginService runtimedistcleaner offering transform com.llamalad7.mixinextras.utils.InternalField$1
[19:18:45] [main/DEBUG] (cpw.mods.modlauncher.LaunchPluginHandler) Final flags state for com.llamalad7.mixinextras.utils.InternalField$1 is 0
[19:18:45] [main/DEBUG] (cpw.mods.modlauncher.LaunchPluginHandler) LaunchPluginService {AFTER=[org.spongepowered.asm.launch.MixinLaunchPlugin@5a1c0bcc, net.neoforged.fml.common.asm.RuntimeEnumExtender@2799f9a, net.neoforged.fml.common.asm.RuntimeDistCleaner@5f27d271]}
[19:18:45] [main/DEBUG] (cpw.mods.modlauncher.LaunchPluginHandler) Final flags state for com.llamalad7.mixinextras.utils.InternalMethod is 0
[19:18:45] [main/DEBUG] (cpw.mods.modlauncher.LaunchPluginHandler) LauncherPluginService mixin offering transform com.llamalad7.mixinextras.utils.InternalMethod
[19:18:45] [main/DEBUG] (cpw.mods.modlauncher.LaunchPluginHandler) LauncherPluginService runtime_enum_extender offering transform com.llamalad7.mixinextras.utils.InternalMethod
[19:18:45] [main/DEBUG] (cpw.mods.modlauncher.LaunchPluginHandler) LauncherPluginService runtimedistcleaner offering transform com.llamalad7.mixinextras.utils.InternalMethod
[19:18:45] [main/DEBUG] (cpw.mods.modlauncher.LaunchPluginHandler) Final flags state for com.llamalad7.mixinextras.utils.InternalMethod is 0
[19:18:45] [main/DEBUG] (cpw.mods.modlauncher.LaunchPluginHandler) LaunchPluginService {AFTER=[org.spongepowered.asm.launch.MixinLaunchPlugin@5a1c0bcc, net.neoforged.fml.common.asm.RuntimeEnumExtender@2799f9a, net.neoforged.fml.common.asm.RuntimeDistCleaner@5f27d271]}
[19:18:45] [main/DEBUG] (cpw.mods.modlauncher.LaunchPluginHandler) Final flags state for com.llamalad7.mixinextras.utils.InternalConstructor is 0
[19:18:45] [main/DEBUG] (cpw.mods.modlauncher.LaunchPluginHandler) LauncherPluginService mixin offering transform com.llamalad7.mixinextras.utils.InternalConstructor
[19:18:45] [main/DEBUG] (cpw.mods.modlauncher.LaunchPluginHandler) LauncherPluginService runtime_enum_extender offering transform com.llamalad7.mixinextras.utils.InternalConstructor
[19:18:45] [main/DEBUG] (cpw.mods.modlauncher.LaunchPluginHandler) LauncherPluginService runtimedistcleaner offering transform com.llamalad7.mixinextras.utils.InternalConstructor
[19:18:45] [main/DEBUG] (cpw.mods.modlauncher.LaunchPluginHandler) Final flags state for com.llamalad7.mixinextras.utils.InternalConstructor is 0
[19:18:45] [main/DEBUG] (cpw.mods.modlauncher.LaunchPluginHandler) LaunchPluginService {AFTER=[org.spongepowered.asm.launch.MixinLaunchPlugin@5a1c0bcc, net.neoforged.fml.common.asm.RuntimeEnumExtender@2799f9a, net.neoforged.fml.common.asm.RuntimeDistCleaner@5f27d271]}
[19:18:45] [main/DEBUG] (cpw.mods.modlauncher.LaunchPluginHandler) Final flags state for com.llamalad7.mixinextras.injector.ModifyExpressionValue is 0
[19:18:45] [main/DEBUG] (cpw.mods.modlauncher.LaunchPluginHandler) LauncherPluginService mixin offering transform com.llamalad7.mixinextras.injector.ModifyExpressionValue
[19:18:45] [main/DEBUG] (cpw.mods.modlauncher.LaunchPluginHandler) LauncherPluginService runtime_enum_extender offering transform com.llamalad7.mixinextras.injector.ModifyExpressionValue
[19:18:45] [main/DEBUG] (cpw.mods.modlauncher.LaunchPluginHandler) LauncherPluginService runtimedistcleaner offering transform com.llamalad7.mixinextras.injector.ModifyExpressionValue
[19:18:45] [main/DEBUG] (cpw.mods.modlauncher.LaunchPluginHandler) Final flags state for com.llamalad7.mixinextras.injector.ModifyExpressionValue is 0
[19:18:45] [main/DEBUG] (mixin) Registering new injector for @Inject with org.spongepowered.asm.mixin.injection.struct.CallbackInjectionInfo
[19:18:45] [main/DEBUG] (mixin) Registering new injector for @ModifyArg with org.spongepowered.asm.mixin.injection.struct.ModifyArgInjectionInfo
[19:18:45] [main/DEBUG] (mixin) Registering new injector for @ModifyArgs with org.spongepowered.asm.mixin.injection.struct.ModifyArgsInjectionInfo
[19:18:45] [main/DEBUG] (mixin) Registering new injector for @Redirect with org.spongepowered.asm.mixin.injection.struct.RedirectInjectionInfo
[19:18:45] [main/DEBUG] (mixin) Registering new injector for @ModifyVariable with org.spongepowered.asm.mixin.injection.struct.ModifyVariableInjectionInfo
[19:18:45] [main/DEBUG] (mixin) Registering new injector for @ModifyConstant with org.spongepowered.asm.mixin.injection.struct.ModifyConstantInjectionInfo
[19:18:45] [main/DEBUG] (cpw.mods.modlauncher.LaunchPluginHandler) LaunchPluginService {AFTER=[org.spongepowered.asm.launch.MixinLaunchPlugin@5a1c0bcc, net.neoforged.fml.common.asm.RuntimeEnumExtender@2799f9a, net.neoforged.fml.common.asm.RuntimeDistCleaner@5f27d271]}
[19:18:45] [main/DEBUG] (cpw.mods.modlauncher.LaunchPluginHandler) Final flags state for com.llamalad7.mixinextras.injector.ModifyExpressionValueInjector is 0
[19:18:45] [main/DEBUG] (cpw.mods.modlauncher.LaunchPluginHandler) LauncherPluginService mixin offering transform com.llamalad7.mixinextras.injector.ModifyExpressionValueInjector
[19:18:45] [main/DEBUG] (cpw.mods.modlauncher.LaunchPluginHandler) LauncherPluginService runtime_enum_extender offering transform com.llamalad7.mixinextras.injector.ModifyExpressionValueInjector
[19:18:45] [main/DEBUG] (cpw.mods.modlauncher.LaunchPluginHandler) LauncherPluginService runtimedistcleaner offering transform com.llamalad7.mixinextras.injector.ModifyExpressionValueInjector
[19:18:45] [main/DEBUG] (cpw.mods.modlauncher.LaunchPluginHandler) Final flags state for com.llamalad7.mixinextras.injector.ModifyExpressionValueInjector is 0
[19:18:45] [main/DEBUG] (cpw.mods.modlauncher.LaunchPluginHandler) LaunchPluginService {AFTER=[org.spongepowered.asm.launch.MixinLaunchPlugin@5a1c0bcc, net.neoforged.fml.common.asm.RuntimeEnumExtender@2799f9a, net.neoforged.fml.common.asm.RuntimeDistCleaner@5f27d271]}
[19:18:45] [main/DEBUG] (cpw.mods.modlauncher.LaunchPluginHandler) Final flags state for com.llamalad7.mixinextras.injector.ModifyReceiver is 0
[19:18:45] [main/DEBUG] (cpw.mods.modlauncher.LaunchPluginHandler) LauncherPluginService mixin offering transform com.llamalad7.mixinextras.injector.ModifyReceiver
[19:18:45] [main/DEBUG] (cpw.mods.modlauncher.LaunchPluginHandler) LauncherPluginService runtime_enum_extender offering transform com.llamalad7.mixinextras.injector.ModifyReceiver
[19:18:45] [main/DEBUG] (cpw.mods.modlauncher.LaunchPluginHandler) LauncherPluginService runtimedistcleaner offering transform com.llamalad7.mixinextras.injector.ModifyReceiver
[19:18:45] [main/DEBUG] (cpw.mods.modlauncher.LaunchPluginHandler) Final flags state for com.llamalad7.mixinextras.injector.ModifyReceiver is 0
[19:18:45] [main/DEBUG] (cpw.mods.modlauncher.LaunchPluginHandler) LaunchPluginService {AFTER=[org.spongepowered.asm.launch.MixinLaunchPlugin@5a1c0bcc, net.neoforged.fml.common.asm.RuntimeEnumExtender@2799f9a, net.neoforged.fml.common.asm.RuntimeDistCleaner@5f27d271]}
[19:18:45] [main/DEBUG] (cpw.mods.modlauncher.LaunchPluginHandler) Final flags state for com.llamalad7.mixinextras.injector.ModifyReceiverInjector is 0
[19:18:45] [main/DEBUG] (cpw.mods.modlauncher.LaunchPluginHandler) LauncherPluginService mixin offering transform com.llamalad7.mixinextras.injector.ModifyReceiverInjector
[19:18:45] [main/DEBUG] (cpw.mods.modlauncher.LaunchPluginHandler) LauncherPluginService runtime_enum_extender offering transform com.llamalad7.mixinextras.injector.ModifyReceiverInjector
[19:18:45] [main/DEBUG] (cpw.mods.modlauncher.LaunchPluginHandler) LauncherPluginService runtimedistcleaner offering transform com.llamalad7.mixinextras.injector.ModifyReceiverInjector
[19:18:45] [main/DEBUG] (cpw.mods.modlauncher.LaunchPluginHandler) Final flags state for com.llamalad7.mixinextras.injector.ModifyReceiverInjector is 0
[19:18:45] [main/DEBUG] (cpw.mods.modlauncher.LaunchPluginHandler) LaunchPluginService {AFTER=[org.spongepowered.asm.launch.MixinLaunchPlugin@5a1c0bcc, net.neoforged.fml.common.asm.RuntimeEnumExtender@2799f9a, net.neoforged.fml.common.asm.RuntimeDistCleaner@5f27d271]}
[19:18:45] [main/DEBUG] (cpw.mods.modlauncher.LaunchPluginHandler) Final flags state for com.llamalad7.mixinextras.injector.ModifyReturnValue is 0
[19:18:45] [main/DEBUG] (cpw.mods.modlauncher.LaunchPluginHandler) LauncherPluginService mixin offering transform com.llamalad7.mixinextras.injector.ModifyReturnValue
[19:18:45] [main/DEBUG] (cpw.mods.modlauncher.LaunchPluginHandler) LauncherPluginService runtime_enum_extender offering transform com.llamalad7.mixinextras.injector.ModifyReturnValue
[19:18:45] [main/DEBUG] (cpw.mods.modlauncher.LaunchPluginHandler) LauncherPluginService runtimedistcleaner offering transform com.llamalad7.mixinextras.injector.ModifyReturnValue
[19:18:45] [main/DEBUG] (cpw.mods.modlauncher.LaunchPluginHandler) Final flags state for com.llamalad7.mixinextras.injector.ModifyReturnValue is 0
[19:18:45] [main/DEBUG] (cpw.mods.modlauncher.LaunchPluginHandler) LaunchPluginService {AFTER=[org.spongepowered.asm.launch.MixinLaunchPlugin@5a1c0bcc, net.neoforged.fml.common.asm.RuntimeEnumExtender@2799f9a, net.neoforged.fml.common.asm.RuntimeDistCleaner@5f27d271]}
[19:18:45] [main/DEBUG] (cpw.mods.modlauncher.LaunchPluginHandler) Final flags state for com.llamalad7.mixinextras.injector.ModifyReturnValueInjector is 0
[19:18:45] [main/DEBUG] (cpw.mods.modlauncher.LaunchPluginHandler) LauncherPluginService mixin offering transform com.llamalad7.mixinextras.injector.ModifyReturnValueInjector
[19:18:45] [main/DEBUG] (cpw.mods.modlauncher.LaunchPluginHandler) LauncherPluginService runtime_enum_extender offering transform com.llamalad7.mixinextras.injector.ModifyReturnValueInjector
[19:18:45] [main/DEBUG] (cpw.mods.modlauncher.LaunchPluginHandler) LauncherPluginService runtimedistcleaner offering transform com.llamalad7.mixinextras.injector.ModifyReturnValueInjector
[19:18:45] [main/DEBUG] (cpw.mods.modlauncher.LaunchPluginHandler) Final flags state for com.llamalad7.mixinextras.injector.ModifyReturnValueInjector is 0
[19:18:45] [main/DEBUG] (cpw.mods.modlauncher.LaunchPluginHandler) LaunchPluginService {AFTER=[org.spongepowered.asm.launch.MixinLaunchPlugin@5a1c0bcc, net.neoforged.fml.common.asm.RuntimeEnumExtender@2799f9a, net.neoforged.fml.common.asm.RuntimeDistCleaner@5f27d271]}
[19:18:45] [main/DEBUG] (cpw.mods.modlauncher.LaunchPluginHandler) Final flags state for com.llamalad7.mixinextras.injector.wrapoperation.WrapOperation is 0
[19:18:45] [main/DEBUG] (cpw.mods.modlauncher.LaunchPluginHandler) LauncherPluginService mixin offering transform com.llamalad7.mixinextras.injector.wrapoperation.WrapOperation
[19:18:45] [main/DEBUG] (cpw.mods.modlauncher.LaunchPluginHandler) LauncherPluginService runtime_enum_extender offering transform com.llamalad7.mixinextras.injector.wrapoperation.WrapOperation
[19:18:45] [main/DEBUG] (cpw.mods.modlauncher.LaunchPluginHandler) LauncherPluginService runtimedistcleaner offering transform com.llamalad7.mixinextras.injector.wrapoperation.WrapOperation
[19:18:45] [main/DEBUG] (cpw.mods.modlauncher.LaunchPluginHandler) Final flags state for com.llamalad7.mixinextras.injector.wrapoperation.WrapOperation is 0
[19:18:45] [main/DEBUG] (cpw.mods.modlauncher.LaunchPluginHandler) LaunchPluginService {AFTER=[org.spongepowered.asm.launch.MixinLaunchPlugin@5a1c0bcc, net.neoforged.fml.common.asm.RuntimeEnumExtender@2799f9a, net.neoforged.fml.common.asm.RuntimeDistCleaner@5f27d271]}
[19:18:45] [main/DEBUG] (cpw.mods.modlauncher.LaunchPluginHandler) Final flags state for com.llamalad7.mixinextras.injector.wrapoperation.WrapOperationInjector is 0
[19:18:45] [main/DEBUG] (cpw.mods.modlauncher.LaunchPluginHandler) LauncherPluginService mixin offering transform com.llamalad7.mixinextras.injector.wrapoperation.WrapOperationInjector
[19:18:45] [main/DEBUG] (cpw.mods.modlauncher.LaunchPluginHandler) LauncherPluginService runtime_enum_extender offering transform com.llamalad7.mixinextras.injector.wrapoperation.WrapOperationInjector
[19:18:45] [main/DEBUG] (cpw.mods.modlauncher.LaunchPluginHandler) LauncherPluginService runtimedistcleaner offering transform com.llamalad7.mixinextras.injector.wrapoperation.WrapOperationInjector
[19:18:45] [main/DEBUG] (cpw.mods.modlauncher.LaunchPluginHandler) Final flags state for com.llamalad7.mixinextras.injector.wrapoperation.WrapOperationInjector is 0
[19:18:45] [main/DEBUG] (cpw.mods.modlauncher.LaunchPluginHandler) LaunchPluginService {AFTER=[org.spongepowered.asm.launch.MixinLaunchPlugin@5a1c0bcc, net.neoforged.fml.common.asm.RuntimeEnumExtender@2799f9a, net.neoforged.fml.common.asm.RuntimeDistCleaner@5f27d271]}
[19:18:45] [main/DEBUG] (cpw.mods.modlauncher.LaunchPluginHandler) Final flags state for com.llamalad7.mixinextras.injector.WrapWithCondition is 0
[19:18:45] [main/DEBUG] (cpw.mods.modlauncher.LaunchPluginHandler) LauncherPluginService mixin offering transform com.llamalad7.mixinextras.injector.WrapWithCondition
[19:18:45] [main/DEBUG] (cpw.mods.modlauncher.LaunchPluginHandler) LauncherPluginService runtime_enum_extender offering transform com.llamalad7.mixinextras.injector.WrapWithCondition
[19:18:45] [main/DEBUG] (cpw.mods.modlauncher.LaunchPluginHandler) LauncherPluginService runtimedistcleaner offering transform com.llamalad7.mixinextras.injector.WrapWithCondition
[19:18:45] [main/DEBUG] (cpw.mods.modlauncher.LaunchPluginHandler) Final flags state for com.llamalad7.mixinextras.injector.WrapWithCondition is 0
[19:18:45] [main/DEBUG] (cpw.mods.modlauncher.LaunchPluginHandler) LaunchPluginService {AFTER=[org.spongepowered.asm.launch.MixinLaunchPlugin@5a1c0bcc, net.neoforged.fml.common.asm.RuntimeEnumExtender@2799f9a, net.neoforged.fml.common.asm.RuntimeDistCleaner@5f27d271]}
[19:18:45] [main/DEBUG] (cpw.mods.modlauncher.LaunchPluginHandler) Final flags state for com.llamalad7.mixinextras.injector.WrapWithConditionInjector is 0
[19:18:45] [main/DEBUG] (cpw.mods.modlauncher.LaunchPluginHandler) LauncherPluginService mixin offering transform com.llamalad7.mixinextras.injector.WrapWithConditionInjector
[19:18:45] [main/DEBUG] (cpw.mods.modlauncher.LaunchPluginHandler) LauncherPluginService runtime_enum_extender offering transform com.llamalad7.mixinextras.injector.WrapWithConditionInjector
[19:18:45] [main/DEBUG] (cpw.mods.modlauncher.LaunchPluginHandler) LauncherPluginService runtimedistcleaner offering transform com.llamalad7.mixinextras.injector.WrapWithConditionInjector
[19:18:45] [main/DEBUG] (cpw.mods.modlauncher.LaunchPluginHandler) Final flags state for com.llamalad7.mixinextras.injector.WrapWithConditionInjector is 0
[19:18:45] [main/DEBUG] (cpw.mods.modlauncher.LaunchPluginHandler) LaunchPluginService {AFTER=[org.spongepowered.asm.launch.MixinLaunchPlugin@5a1c0bcc, net.neoforged.fml.common.asm.RuntimeEnumExtender@2799f9a, net.neoforged.fml.common.asm.RuntimeDistCleaner@5f27d271]}
[19:18:45] [main/DEBUG] (cpw.mods.modlauncher.LaunchPluginHandler) Final flags state for com.llamalad7.mixinextras.injector.v2.WrapWithCondition is 0
[19:18:45] [main/DEBUG] (cpw.mods.modlauncher.LaunchPluginHandler) LauncherPluginService mixin offering transform com.llamalad7.mixinextras.injector.v2.WrapWithCondition
[19:18:45] [main/DEBUG] (cpw.mods.modlauncher.LaunchPluginHandler) LauncherPluginService runtime_enum_extender offering transform com.llamalad7.mixinextras.injector.v2.WrapWithCondition
[19:18:45] [main/DEBUG] (cpw.mods.modlauncher.LaunchPluginHandler) LauncherPluginService runtimedistcleaner offering transform com.llamalad7.mixinextras.injector.v2.WrapWithCondition
[19:18:45] [main/DEBUG] (cpw.mods.modlauncher.LaunchPluginHandler) Final flags state for com.llamalad7.mixinextras.injector.v2.WrapWithCondition is 0
[19:18:45] [main/DEBUG] (mixin) Preparing architectury.mixins.json (7)
[19:18:45] [main/DEBUG] (cpw.mods.modlauncher.LaunchPluginHandler) LaunchPluginService {AFTER=[net.neoforged.fml.common.asm.RuntimeEnumExtender@2799f9a, net.neoforged.fml.common.asm.RuntimeDistCleaner@5f27d271]}
[19:18:45] [main/DEBUG] (cpw.mods.modlauncher.LaunchPluginHandler) Final flags state for dev.architectury.mixin.forge.MixinFallingBlockEntity is 0
[19:18:45] [main/DEBUG] (cpw.mods.modlauncher.LaunchPluginHandler) LauncherPluginService runtime_enum_extender offering transform dev.architectury.mixin.forge.MixinFallingBlockEntity
[19:18:45] [main/DEBUG] (cpw.mods.modlauncher.LaunchPluginHandler) LauncherPluginService runtimedistcleaner offering transform dev.architectury.mixin.forge.MixinFallingBlockEntity
[19:18:45] [main/DEBUG] (cpw.mods.modlauncher.LaunchPluginHandler) Final flags state for dev.architectury.mixin.forge.MixinFallingBlockEntity is 0
[19:18:45] [main/DEBUG] (cpw.mods.modlauncher.LaunchPluginHandler) LaunchPluginService {AFTER=[net.neoforged.fml.common.asm.RuntimeEnumExtender@2799f9a, net.neoforged.fml.common.asm.RuntimeDistCleaner@5f27d271]}
[19:18:45] [main/DEBUG] (cpw.mods.modlauncher.LaunchPluginHandler) Final flags state for dev.architectury.mixin.forge.MixinItemExtension is 0
[19:18:45] [main/DEBUG] (cpw.mods.modlauncher.LaunchPluginHandler) LauncherPluginService runtime_enum_extender offering transform dev.architectury.mixin.forge.MixinItemExtension
[19:18:45] [main/DEBUG] (cpw.mods.modlauncher.LaunchPluginHandler) LauncherPluginService runtimedistcleaner offering transform dev.architectury.mixin.forge.MixinItemExtension
[19:18:45] [main/DEBUG] (cpw.mods.modlauncher.LaunchPluginHandler) Final flags state for dev.architectury.mixin.forge.MixinItemExtension is 0
[19:18:45] [main/DEBUG] (cpw.mods.modlauncher.LaunchPluginHandler) LaunchPluginService {AFTER=[net.neoforged.fml.common.asm.RuntimeEnumExtender@2799f9a, net.neoforged.fml.common.asm.RuntimeDistCleaner@5f27d271]}
[19:18:45] [main/DEBUG] (cpw.mods.modlauncher.LaunchPluginHandler) Final flags state for dev.architectury.mixin.forge.MixinLevelEvent is 0
[19:18:45] [main/DEBUG] (cpw.mods.modlauncher.LaunchPluginHandler) LauncherPluginService runtime_enum_extender offering transform dev.architectury.mixin.forge.MixinLevelEvent
[19:18:45] [main/DEBUG] (cpw.mods.modlauncher.LaunchPluginHandler) LauncherPluginService runtimedistcleaner offering transform dev.architectury.mixin.forge.MixinLevelEvent
[19:18:45] [main/DEBUG] (cpw.mods.modlauncher.LaunchPluginHandler) Final flags state for dev.architectury.mixin.forge.MixinLevelEvent is 0
[19:18:45] [main/DEBUG] (cpw.mods.modlauncher.LaunchPluginHandler) LaunchPluginService {AFTER=[net.neoforged.fml.common.asm.RuntimeEnumExtender@2799f9a, net.neoforged.fml.common.asm.RuntimeDistCleaner@5f27d271]}
[19:18:45] [main/DEBUG] (cpw.mods.modlauncher.LaunchPluginHandler) Final flags state for dev.architectury.mixin.forge.MixinLootDataManager is 0
[19:18:45] [main/DEBUG] (cpw.mods.modlauncher.LaunchPluginHandler) LauncherPluginService runtime_enum_extender offering transform dev.architectury.mixin.forge.MixinLootDataManager
[19:18:45] [main/DEBUG] (cpw.mods.modlauncher.LaunchPluginHandler) LauncherPluginService runtimedistcleaner offering transform dev.architectury.mixin.forge.MixinLootDataManager
[19:18:45] [main/DEBUG] (cpw.mods.modlauncher.LaunchPluginHandler) Final flags state for dev.architectury.mixin.forge.MixinLootDataManager is 0
[19:18:45] [main/DEBUG] (cpw.mods.modlauncher.LaunchPluginHandler) LaunchPluginService {AFTER=[net.neoforged.fml.common.asm.RuntimeEnumExtender@2799f9a, juuxel.unprotect.UnprotectLaunchPlugin@3e6f3ad5, net.neoforged.fml.common.asm.RuntimeDistCleaner@5f27d271]}
[19:18:45] [main/DEBUG] (cpw.mods.modlauncher.LaunchPluginHandler) Final flags state for net.minecraft.world.entity.item.FallingBlockEntity is 0
[19:18:45] [main/DEBUG] (cpw.mods.modlauncher.LaunchPluginHandler) LauncherPluginService runtime_enum_extender offering transform net.minecraft.world.entity.item.FallingBlockEntity
[19:18:45] [main/DEBUG] (cpw.mods.modlauncher.LaunchPluginHandler) LauncherPluginService unprotect offering transform net.minecraft.world.entity.item.FallingBlockEntity
[19:18:45] [main/DEBUG] (cpw.mods.modlauncher.LaunchPluginHandler) LauncherPluginService unprotect transformed net.minecraft.world.entity.item.FallingBlockEntity with class compute flags 2
[19:18:45] [main/DEBUG] (cpw.mods.modlauncher.LaunchPluginHandler) LauncherPluginService runtimedistcleaner offering transform net.minecraft.world.entity.item.FallingBlockEntity
[19:18:45] [main/DEBUG] (cpw.mods.modlauncher.LaunchPluginHandler) Final flags state for net.minecraft.world.entity.item.FallingBlockEntity is 2
[19:18:45] [main/DEBUG] (cpw.mods.modlauncher.LaunchPluginHandler) LaunchPluginService {BEFORE=[net.neoforged.accesstransformer.ml.AccessTransformerService@597050fa], AFTER=[org.spongepowered.asm.launch.MixinLaunchPlugin@5a1c0bcc, net.neoforged.fml.common.asm.RuntimeEnumExtender@2799f9a, juuxel.unprotect.UnprotectLaunchPlugin@3e6f3ad5, net.neoforged.fml.common.asm.RuntimeDistCleaner@5f27d271]}
[19:18:45] [main/DEBUG] (cpw.mods.modlauncher.LaunchPluginHandler) LauncherPluginService accesstransformer offering transform net.minecraft.world.entity.Entity
[19:18:45] [main/DEBUG] (net.neoforged.accesstransformer.AccessTransformer) Transforming net.minecraft.world.entity.Entity FIELD ENTITY_COUNTER to access PROTECTED and LEAVE
[19:18:45] [main/DEBUG] (net.neoforged.accesstransformer.AccessTransformer) Transforming net.minecraft.world.entity.Entity METHOD getEncodeId()Ljava/lang/String; to access PUBLIC and LEAVE
[19:18:45] [main/DEBUG] (cpw.mods.modlauncher.LaunchPluginHandler) LauncherPluginService accesstransformer transformed net.minecraft.world.entity.Entity with class compute flags 256
[19:18:45] [main/DEBUG] (cpw.mods.modlauncher.LaunchPluginHandler) Final flags state for net.minecraft.world.entity.Entity is 256
[19:18:45] [main/DEBUG] (cpw.mods.modlauncher.LaunchPluginHandler) LauncherPluginService mixin offering transform net.minecraft.world.entity.Entity
[19:18:45] [main/DEBUG] (cpw.mods.modlauncher.LaunchPluginHandler) LauncherPluginService runtime_enum_extender offering transform net.minecraft.world.entity.Entity
[19:18:45] [main/DEBUG] (cpw.mods.modlauncher.LaunchPluginHandler) LauncherPluginService unprotect offering transform net.minecraft.world.entity.Entity
[19:18:45] [main/DEBUG] (cpw.mods.modlauncher.LaunchPluginHandler) LauncherPluginService unprotect transformed net.minecraft.world.entity.Entity with class compute flags 2
[19:18:45] [main/DEBUG] (cpw.mods.modlauncher.LaunchPluginHandler) LauncherPluginService runtimedistcleaner offering transform net.minecraft.world.entity.Entity
[19:18:45] [main/DEBUG] (cpw.mods.modlauncher.LaunchPluginHandler) Final flags state for net.minecraft.world.entity.Entity is 2
[19:18:45] [main/DEBUG] (cpw.mods.modlauncher.LaunchPluginHandler) LaunchPluginService {AFTER=[org.spongepowered.asm.launch.MixinLaunchPlugin@5a1c0bcc, net.neoforged.fml.common.asm.RuntimeEnumExtender@2799f9a, net.neoforged.fml.common.asm.RuntimeDistCleaner@5f27d271]}
[19:18:45] [main/DEBUG] (cpw.mods.modlauncher.LaunchPluginHandler) Final flags state for net.neoforged.neoforge.attachment.AttachmentHolder is 0
[19:18:45] [main/DEBUG] (cpw.mods.modlauncher.LaunchPluginHandler) LauncherPluginService mixin offering transform net.neoforged.neoforge.attachment.AttachmentHolder
[19:18:45] [main/DEBUG] (cpw.mods.modlauncher.LaunchPluginHandler) LauncherPluginService runtime_enum_extender offering transform net.neoforged.neoforge.attachment.AttachmentHolder
[19:18:45] [main/DEBUG] (cpw.mods.modlauncher.LaunchPluginHandler) LauncherPluginService runtimedistcleaner offering transform net.neoforged.neoforge.attachment.AttachmentHolder
[19:18:45] [main/DEBUG] (cpw.mods.modlauncher.LaunchPluginHandler) Final flags state for net.neoforged.neoforge.attachment.AttachmentHolder is 0
[19:18:45] [main/DEBUG] (cpw.mods.modlauncher.LaunchPluginHandler) LaunchPluginService {AFTER=[org.spongepowered.asm.launch.MixinLaunchPlugin@5a1c0bcc, net.neoforged.fml.common.asm.RuntimeEnumExtender@2799f9a, net.neoforged.fml.common.asm.RuntimeDistCleaner@5f27d271]}
[19:18:45] [main/DEBUG] (cpw.mods.modlauncher.LaunchPluginHandler) Final flags state for net.neoforged.neoforge.attachment.IAttachmentHolder is 0
[19:18:45] [main/DEBUG] (cpw.mods.modlauncher.LaunchPluginHandler) LauncherPluginService mixin offering transform net.neoforged.neoforge.attachment.IAttachmentHolder
[19:18:45] [main/DEBUG] (cpw.mods.modlauncher.LaunchPluginHandler) LauncherPluginService runtime_enum_extender offering transform net.neoforged.neoforge.attachment.IAttachmentHolder
[19:18:45] [main/DEBUG] (cpw.mods.modlauncher.LaunchPluginHandler) LauncherPluginService runtimedistcleaner offering transform net.neoforged.neoforge.attachment.IAttachmentHolder
[19:18:45] [main/DEBUG] (cpw.mods.modlauncher.LaunchPluginHandler) Final flags state for net.neoforged.neoforge.attachment.IAttachmentHolder is 0
[19:18:45] [main/DEBUG] (cpw.mods.modlauncher.LaunchPluginHandler) LaunchPluginService {AFTER=[org.spongepowered.asm.launch.MixinLaunchPlugin@5a1c0bcc, net.neoforged.fml.common.asm.RuntimeEnumExtender@2799f9a, juuxel.unprotect.UnprotectLaunchPlugin@3e6f3ad5, net.neoforged.fml.common.asm.RuntimeDistCleaner@5f27d271]}
[19:18:45] [main/DEBUG] (cpw.mods.modlauncher.LaunchPluginHandler) Final flags state for net.minecraft.world.Nameable is 0
[19:18:45] [main/DEBUG] (cpw.mods.modlauncher.LaunchPluginHandler) LauncherPluginService mixin offering transform net.minecraft.world.Nameable
[19:18:45] [main/DEBUG] (cpw.mods.modlauncher.LaunchPluginHandler) LauncherPluginService runtime_enum_extender offering transform net.minecraft.world.Nameable
[19:18:45] [main/DEBUG] (cpw.mods.modlauncher.LaunchPluginHandler) LauncherPluginService unprotect offering transform net.minecraft.world.Nameable
[19:18:45] [main/DEBUG] (cpw.mods.modlauncher.LaunchPluginHandler) LauncherPluginService runtimedistcleaner offering transform net.minecraft.world.Nameable
[19:18:45] [main/DEBUG] (cpw.mods.modlauncher.LaunchPluginHandler) Final flags state for net.minecraft.world.Nameable is 0
[19:18:45] [main/DEBUG] (cpw.mods.modlauncher.LaunchPluginHandler) LaunchPluginService {AFTER=[org.spongepowered.asm.launch.MixinLaunchPlugin@5a1c0bcc, net.neoforged.fml.common.asm.RuntimeEnumExtender@2799f9a, juuxel.unprotect.UnprotectLaunchPlugin@3e6f3ad5, net.neoforged.fml.common.asm.RuntimeDistCleaner@5f27d271]}
[19:18:45] [main/DEBUG] (cpw.mods.modlauncher.LaunchPluginHandler) Final flags state for net.minecraft.world.level.entity.EntityAccess is 0
[19:18:45] [main/DEBUG] (cpw.mods.modlauncher.LaunchPluginHandler) LauncherPluginService mixin offering transform net.minecraft.world.level.entity.EntityAccess
[19:18:45] [main/DEBUG] (cpw.mods.modlauncher.LaunchPluginHandler) LauncherPluginService runtime_enum_extender offering transform net.minecraft.world.level.entity.EntityAccess
[19:18:45] [main/DEBUG] (cpw.mods.modlauncher.LaunchPluginHandler) LauncherPluginService unprotect offering transform net.minecraft.world.level.entity.EntityAccess
[19:18:45] [main/DEBUG] (cpw.mods.modlauncher.LaunchPluginHandler) LauncherPluginService runtimedistcleaner offering transform net.minecraft.world.level.entity.EntityAccess
[19:18:45] [main/DEBUG] (cpw.mods.modlauncher.LaunchPluginHandler) Final flags state for net.minecraft.world.level.entity.EntityAccess is 0
[19:18:45] [main/DEBUG] (cpw.mods.modlauncher.LaunchPluginHandler) LaunchPluginService {AFTER=[org.spongepowered.asm.launch.MixinLaunchPlugin@5a1c0bcc, net.neoforged.fml.common.asm.RuntimeEnumExtender@2799f9a, juuxel.unprotect.UnprotectLaunchPlugin@3e6f3ad5, net.neoforged.fml.common.asm.RuntimeDistCleaner@5f27d271]}
[19:18:45] [main/DEBUG] (cpw.mods.modlauncher.LaunchPluginHandler) Final flags state for net.minecraft.commands.CommandSource is 0
[19:18:45] [main/DEBUG] (cpw.mods.modlauncher.LaunchPluginHandler) LauncherPluginService mixin offering transform net.minecraft.commands.CommandSource
[19:18:45] [main/DEBUG] (cpw.mods.modlauncher.LaunchPluginHandler) LauncherPluginService runtime_enum_extender offering transform net.minecraft.commands.CommandSource
[19:18:45] [main/DEBUG] (cpw.mods.modlauncher.LaunchPluginHandler) LauncherPluginService unprotect offering transform net.minecraft.commands.CommandSource
[19:18:45] [main/DEBUG] (cpw.mods.modlauncher.LaunchPluginHandler) LauncherPluginService unprotect transformed net.minecraft.commands.CommandSource with class compute flags 2
[19:18:45] [main/DEBUG] (cpw.mods.modlauncher.LaunchPluginHandler) LauncherPluginService runtimedistcleaner offering transform net.minecraft.commands.CommandSource
[19:18:45] [main/DEBUG] (cpw.mods.modlauncher.LaunchPluginHandler) Final flags state for net.minecraft.commands.CommandSource is 2
[19:18:45] [main/DEBUG] (cpw.mods.modlauncher.LaunchPluginHandler) LaunchPluginService {AFTER=[org.spongepowered.asm.launch.MixinLaunchPlugin@5a1c0bcc, net.neoforged.fml.common.asm.RuntimeEnumExtender@2799f9a, juuxel.unprotect.UnprotectLaunchPlugin@3e6f3ad5, net.neoforged.fml.common.asm.RuntimeDistCleaner@5f27d271]}
[19:18:45] [main/DEBUG] (cpw.mods.modlauncher.LaunchPluginHandler) Final flags state for net.minecraft.world.scores.ScoreHolder is 0
[19:18:45] [main/DEBUG] (cpw.mods.modlauncher.LaunchPluginHandler) LauncherPluginService mixin offering transform net.minecraft.world.scores.ScoreHolder
[19:18:45] [main/DEBUG] (cpw.mods.modlauncher.LaunchPluginHandler) LauncherPluginService runtime_enum_extender offering transform net.minecraft.world.scores.ScoreHolder
[19:18:45] [main/DEBUG] (cpw.mods.modlauncher.LaunchPluginHandler) LauncherPluginService unprotect offering transform net.minecraft.world.scores.ScoreHolder
[19:18:45] [main/DEBUG] (cpw.mods.modlauncher.LaunchPluginHandler) LauncherPluginService unprotect transformed net.minecraft.world.scores.ScoreHolder with class compute flags 2
[19:18:45] [main/DEBUG] (cpw.mods.modlauncher.LaunchPluginHandler) LauncherPluginService runtimedistcleaner offering transform net.minecraft.world.scores.ScoreHolder
[19:18:45] [main/DEBUG] (cpw.mods.modlauncher.LaunchPluginHandler) Final flags state for net.minecraft.world.scores.ScoreHolder is 2
[19:18:45] [main/DEBUG] (cpw.mods.modlauncher.LaunchPluginHandler) LaunchPluginService {AFTER=[org.spongepowered.asm.launch.MixinLaunchPlugin@5a1c0bcc, net.neoforged.fml.common.asm.RuntimeEnumExtender@2799f9a, net.neoforged.fml.common.asm.RuntimeDistCleaner@5f27d271]}
[19:18:45] [main/DEBUG] (cpw.mods.modlauncher.LaunchPluginHandler) Final flags state for net.neoforged.neoforge.common.extensions.IEntityExtension is 0
[19:18:45] [main/DEBUG] (cpw.mods.modlauncher.LaunchPluginHandler) LauncherPluginService mixin offering transform net.neoforged.neoforge.common.extensions.IEntityExtension
[19:18:45] [main/DEBUG] (cpw.mods.modlauncher.LaunchPluginHandler) LauncherPluginService runtime_enum_extender offering transform net.neoforged.neoforge.common.extensions.IEntityExtension
[19:18:45] [main/DEBUG] (cpw.mods.modlauncher.LaunchPluginHandler) LauncherPluginService runtimedistcleaner offering transform net.neoforged.neoforge.common.extensions.IEntityExtension
[19:18:45] [main/DEBUG] (cpw.mods.modlauncher.LaunchPluginHandler) Final flags state for net.neoforged.neoforge.common.extensions.IEntityExtension is 0
[19:18:45] [main/DEBUG] (cpw.mods.modlauncher.LaunchPluginHandler) LaunchPluginService {AFTER=[org.spongepowered.asm.launch.MixinLaunchPlugin@5a1c0bcc, net.neoforged.fml.common.asm.RuntimeEnumExtender@2799f9a, net.neoforged.fml.common.asm.RuntimeDistCleaner@5f27d271]}
[19:18:45] [main/DEBUG] (cpw.mods.modlauncher.LaunchPluginHandler) Final flags state for net.neoforged.neoforge.common.util.INBTSerializable is 0
[19:18:45] [main/DEBUG] (cpw.mods.modlauncher.LaunchPluginHandler) LauncherPluginService mixin offering transform net.neoforged.neoforge.common.util.INBTSerializable
[19:18:45] [main/DEBUG] (cpw.mods.modlauncher.LaunchPluginHandler) LauncherPluginService runtime_enum_extender offering transform net.neoforged.neoforge.common.util.INBTSerializable
[19:18:45] [main/DEBUG] (cpw.mods.modlauncher.LaunchPluginHandler) LauncherPluginService runtimedistcleaner offering transform net.neoforged.neoforge.common.util.INBTSerializable
[19:18:45] [main/DEBUG] (cpw.mods.modlauncher.LaunchPluginHandler) Final flags state for net.neoforged.neoforge.common.util.INBTSerializable is 0
[19:18:45] [main/DEBUG] (cpw.mods.modlauncher.LaunchPluginHandler) LaunchPluginService {AFTER=[net.neoforged.fml.common.asm.RuntimeEnumExtender@2799f9a, net.neoforged.fml.common.asm.RuntimeDistCleaner@5f27d271]}
[19:18:45] [main/DEBUG] (cpw.mods.modlauncher.LaunchPluginHandler) Final flags state for dev.architectury.extensions.ItemExtension is 0
[19:18:45] [main/DEBUG] (cpw.mods.modlauncher.LaunchPluginHandler) LauncherPluginService runtime_enum_extender offering transform dev.architectury.extensions.ItemExtension
[19:18:45] [main/DEBUG] (cpw.mods.modlauncher.LaunchPluginHandler) LauncherPluginService runtimedistcleaner offering transform dev.architectury.extensions.ItemExtension
[19:18:45] [main/DEBUG] (cpw.mods.modlauncher.LaunchPluginHandler) Final flags state for dev.architectury.extensions.ItemExtension is 0
[19:18:45] [main/DEBUG] (cpw.mods.modlauncher.LaunchPluginHandler) LaunchPluginService {AFTER=[net.neoforged.fml.common.asm.RuntimeEnumExtender@2799f9a, net.neoforged.fml.common.asm.RuntimeDistCleaner@5f27d271]}
[19:18:45] [main/DEBUG] (cpw.mods.modlauncher.LaunchPluginHandler) Final flags state for net.neoforged.neoforge.event.level.LevelEvent is 0
[19:18:45] [main/DEBUG] (cpw.mods.modlauncher.LaunchPluginHandler) LauncherPluginService runtime_enum_extender offering transform net.neoforged.neoforge.event.level.LevelEvent
[19:18:45] [main/DEBUG] (cpw.mods.modlauncher.LaunchPluginHandler) LauncherPluginService runtimedistcleaner offering transform net.neoforged.neoforge.event.level.LevelEvent
[19:18:45] [main/DEBUG] (cpw.mods.modlauncher.LaunchPluginHandler) Final flags state for net.neoforged.neoforge.event.level.LevelEvent is 0
[19:18:45] [main/DEBUG] (cpw.mods.modlauncher.LaunchPluginHandler) LaunchPluginService {AFTER=[net.neoforged.fml.common.asm.RuntimeEnumExtender@2799f9a, juuxel.unprotect.UnprotectLaunchPlugin@3e6f3ad5, net.neoforged.fml.common.asm.RuntimeDistCleaner@5f27d271]}
[19:18:45] [main/DEBUG] (cpw.mods.modlauncher.LaunchPluginHandler) Final flags state for net.minecraft.world.level.storage.loot.LootDataManager is 0
[19:18:45] [main/DEBUG] (cpw.mods.modlauncher.LaunchPluginHandler) LauncherPluginService runtime_enum_extender offering transform net.minecraft.world.level.storage.loot.LootDataManager
[19:18:45] [main/DEBUG] (cpw.mods.modlauncher.LaunchPluginHandler) LauncherPluginService unprotect offering transform net.minecraft.world.level.storage.loot.LootDataManager
[19:18:45] [main/DEBUG] (cpw.mods.modlauncher.LaunchPluginHandler) LauncherPluginService unprotect transformed net.minecraft.world.level.storage.loot.LootDataManager with class compute flags 2
[19:18:45] [main/DEBUG] (cpw.mods.modlauncher.LaunchPluginHandler) LauncherPluginService runtimedistcleaner offering transform net.minecraft.world.level.storage.loot.LootDataManager
[19:18:45] [main/DEBUG] (cpw.mods.modlauncher.LaunchPluginHandler) Final flags state for net.minecraft.world.level.storage.loot.LootDataManager is 2
[19:18:45] [main/DEBUG] (cpw.mods.modlauncher.LaunchPluginHandler) LaunchPluginService {AFTER=[net.neoforged.fml.common.asm.RuntimeEnumExtender@2799f9a, net.neoforged.fml.common.asm.RuntimeDistCleaner@5f27d271]}
[19:18:45] [main/DEBUG] (cpw.mods.modlauncher.LaunchPluginHandler) Final flags state for dev.architectury.mixin.forge.client.MixinCommandSourceStack is 0
[19:18:45] [main/DEBUG] (cpw.mods.modlauncher.LaunchPluginHandler) LauncherPluginService runtime_enum_extender offering transform dev.architectury.mixin.forge.client.MixinCommandSourceStack
[19:18:45] [main/DEBUG] (cpw.mods.modlauncher.LaunchPluginHandler) LauncherPluginService runtimedistcleaner offering transform dev.architectury.mixin.forge.client.MixinCommandSourceStack
[19:18:45] [main/DEBUG] (cpw.mods.modlauncher.LaunchPluginHandler) Final flags state for dev.architectury.mixin.forge.client.MixinCommandSourceStack is 0
[19:18:45] [main/DEBUG] (cpw.mods.modlauncher.LaunchPluginHandler) LaunchPluginService {AFTER=[net.neoforged.fml.common.asm.RuntimeEnumExtender@2799f9a, net.neoforged.fml.common.asm.RuntimeDistCleaner@5f27d271]}
[19:18:45] [main/DEBUG] (cpw.mods.modlauncher.LaunchPluginHandler) Final flags state for dev.architectury.mixin.forge.MixinClientLevel is 0
[19:18:45] [main/DEBUG] (cpw.mods.modlauncher.LaunchPluginHandler) LauncherPluginService runtime_enum_extender offering transform dev.architectury.mixin.forge.MixinClientLevel
[19:18:45] [main/DEBUG] (cpw.mods.modlauncher.LaunchPluginHandler) LauncherPluginService runtimedistcleaner offering transform dev.architectury.mixin.forge.MixinClientLevel
[19:18:45] [main/DEBUG] (cpw.mods.modlauncher.LaunchPluginHandler) Final flags state for dev.architectury.mixin.forge.MixinClientLevel is 0
[19:18:45] [main/DEBUG] (cpw.mods.modlauncher.LaunchPluginHandler) LaunchPluginService {AFTER=[net.neoforged.fml.common.asm.RuntimeEnumExtender@2799f9a, net.neoforged.fml.common.asm.RuntimeDistCleaner@5f27d271]}
[19:18:45] [main/DEBUG] (cpw.mods.modlauncher.LaunchPluginHandler) Final flags state for dev.architectury.mixin.forge.MixinMinecraft is 0
[19:18:45] [main/DEBUG] (cpw.mods.modlauncher.LaunchPluginHandler) LauncherPluginService runtime_enum_extender offering transform dev.architectury.mixin.forge.MixinMinecraft
[19:18:45] [main/DEBUG] (cpw.mods.modlauncher.LaunchPluginHandler) LauncherPluginService runtimedistcleaner offering transform dev.architectury.mixin.forge.MixinMinecraft
[19:18:45] [main/DEBUG] (cpw.mods.modlauncher.LaunchPluginHandler) Final flags state for dev.architectury.mixin.forge.MixinMinecraft is 0
[19:18:45] [main/DEBUG] (cpw.mods.modlauncher.LaunchPluginHandler) LaunchPluginService {BEFORE=[net.neoforged.accesstransformer.ml.AccessTransformerService@597050fa], AFTER=[net.neoforged.fml.common.asm.RuntimeEnumExtender@2799f9a, juuxel.unprotect.UnprotectLaunchPlugin@3e6f3ad5, net.neoforged.fml.common.asm.RuntimeDistCleaner@5f27d271]}
[19:18:45] [main/DEBUG] (cpw.mods.modlauncher.LaunchPluginHandler) LauncherPluginService accesstransformer offering transform net.minecraft.commands.CommandSourceStack
[19:18:45] [main/DEBUG] (net.neoforged.accesstransformer.AccessTransformer) Transforming net.minecraft.commands.CommandSourceStack FIELD source to access PUBLIC and LEAVE
[19:18:45] [main/DEBUG] (cpw.mods.modlauncher.LaunchPluginHandler) LauncherPluginService accesstransformer transformed net.minecraft.commands.CommandSourceStack with class compute flags 256
[19:18:45] [main/DEBUG] (cpw.mods.modlauncher.LaunchPluginHandler) Final flags state for net.minecraft.commands.CommandSourceStack is 256
[19:18:45] [main/DEBUG] (cpw.mods.modlauncher.LaunchPluginHandler) LauncherPluginService runtime_enum_extender offering transform net.minecraft.commands.CommandSourceStack
[19:18:45] [main/DEBUG] (cpw.mods.modlauncher.LaunchPluginHandler) LauncherPluginService unprotect offering transform net.minecraft.commands.CommandSourceStack
[19:18:45] [main/DEBUG] (cpw.mods.modlauncher.LaunchPluginHandler) LauncherPluginService unprotect transformed net.minecraft.commands.CommandSourceStack with class compute flags 2
[19:18:45] [main/DEBUG] (cpw.mods.modlauncher.LaunchPluginHandler) LauncherPluginService runtimedistcleaner offering transform net.minecraft.commands.CommandSourceStack
[19:18:45] [main/DEBUG] (cpw.mods.modlauncher.LaunchPluginHandler) Final flags state for net.minecraft.commands.CommandSourceStack is 2
[19:18:45] [main/DEBUG] (cpw.mods.modlauncher.LaunchPluginHandler) LaunchPluginService {AFTER=[net.neoforged.fml.common.asm.RuntimeEnumExtender@2799f9a, juuxel.unprotect.UnprotectLaunchPlugin@3e6f3ad5, net.neoforged.fml.common.asm.RuntimeDistCleaner@5f27d271]}
[19:18:45] [main/DEBUG] (cpw.mods.modlauncher.LaunchPluginHandler) Final flags state for net.minecraft.client.multiplayer.ClientLevel is 0
[19:18:45] [main/DEBUG] (cpw.mods.modlauncher.LaunchPluginHandler) LauncherPluginService runtime_enum_extender offering transform net.minecraft.client.multiplayer.ClientLevel
[19:18:45] [main/DEBUG] (cpw.mods.modlauncher.LaunchPluginHandler) LauncherPluginService unprotect offering transform net.minecraft.client.multiplayer.ClientLevel
[19:18:45] [main/DEBUG] (cpw.mods.modlauncher.LaunchPluginHandler) LauncherPluginService unprotect transformed net.minecraft.client.multiplayer.ClientLevel with class compute flags 2
[19:18:45] [main/DEBUG] (cpw.mods.modlauncher.LaunchPluginHandler) LauncherPluginService runtimedistcleaner offering transform net.minecraft.client.multiplayer.ClientLevel
[19:18:45] [main/DEBUG] (net.neoforged.fml.common.asm.RuntimeDistCleaner) Removing Class Annotation: net/minecraft/client/multiplayer/ClientLevel @Lnet/neoforged/api/distmarker/OnlyIn;
[19:18:45] [main/DEBUG] (cpw.mods.modlauncher.LaunchPluginHandler) LauncherPluginService runtimedistcleaner transformed net.minecraft.client.multiplayer.ClientLevel with class compute flags 256
[19:18:45] [main/DEBUG] (cpw.mods.modlauncher.LaunchPluginHandler) Final flags state for net.minecraft.client.multiplayer.ClientLevel is 258
[19:18:45] [main/DEBUG] (cpw.mods.modlauncher.LaunchPluginHandler) LaunchPluginService {BEFORE=[net.neoforged.accesstransformer.ml.AccessTransformerService@597050fa], AFTER=[net.neoforged.fml.common.asm.RuntimeEnumExtender@2799f9a, juuxel.unprotect.UnprotectLaunchPlugin@3e6f3ad5, net.neoforged.fml.common.asm.RuntimeDistCleaner@5f27d271]}
[19:18:45] [main/DEBUG] (cpw.mods.modlauncher.LaunchPluginHandler) LauncherPluginService accesstransformer offering transform net.minecraft.client.Minecraft
[19:18:45] [main/DEBUG] (net.neoforged.accesstransformer.AccessTransformer) Transforming net.minecraft.client.Minecraft FIELD textureManager to access PUBLIC and LEAVE
[19:18:45] [main/DEBUG] (net.neoforged.accesstransformer.AccessTransformer) Transforming net.minecraft.client.Minecraft METHOD createSearchTrees()V to access PUBLIC and LEAVE
[19:18:45] [main/DEBUG] (cpw.mods.modlauncher.LaunchPluginHandler) LauncherPluginService accesstransformer transformed net.minecraft.client.Minecraft with class compute flags 256
[19:18:45] [main/DEBUG] (cpw.mods.modlauncher.LaunchPluginHandler) Final flags state for net.minecraft.client.Minecraft is 256
[19:18:45] [main/DEBUG] (cpw.mods.modlauncher.LaunchPluginHandler) LauncherPluginService runtime_enum_extender offering transform net.minecraft.client.Minecraft
[19:18:45] [main/DEBUG] (cpw.mods.modlauncher.LaunchPluginHandler) LauncherPluginService unprotect offering transform net.minecraft.client.Minecraft
[19:18:45] [main/DEBUG] (cpw.mods.modlauncher.LaunchPluginHandler) LauncherPluginService unprotect transformed net.minecraft.client.Minecraft with class compute flags 2
[19:18:45] [main/DEBUG] (cpw.mods.modlauncher.LaunchPluginHandler) LauncherPluginService runtimedistcleaner offering transform net.minecraft.client.Minecraft
[19:18:45] [main/DEBUG] (net.neoforged.fml.common.asm.RuntimeDistCleaner) Removing Class Annotation: net/minecraft/client/Minecraft @Lnet/neoforged/api/distmarker/OnlyIn;
[19:18:45] [main/DEBUG] (cpw.mods.modlauncher.LaunchPluginHandler) LauncherPluginService runtimedistcleaner transformed net.minecraft.client.Minecraft with class compute flags 256
[19:18:45] [main/DEBUG] (cpw.mods.modlauncher.LaunchPluginHandler) Final flags state for net.minecraft.client.Minecraft is 258
[19:18:45] [main/DEBUG] (cpw.mods.modlauncher.LaunchPluginHandler) LaunchPluginService {AFTER=[org.spongepowered.asm.launch.MixinLaunchPlugin@5a1c0bcc, net.neoforged.fml.common.asm.RuntimeEnumExtender@2799f9a, juuxel.unprotect.UnprotectLaunchPlugin@3e6f3ad5, net.neoforged.fml.common.asm.RuntimeDistCleaner@5f27d271]}
[19:18:45] [main/DEBUG] (cpw.mods.modlauncher.LaunchPluginHandler) Final flags state for net.minecraft.util.thread.ReentrantBlockableEventLoop is 0
[19:18:45] [main/DEBUG] (cpw.mods.modlauncher.LaunchPluginHandler) LauncherPluginService mixin offering transform net.minecraft.util.thread.ReentrantBlockableEventLoop
[19:18:45] [main/DEBUG] (cpw.mods.modlauncher.LaunchPluginHandler) LauncherPluginService runtime_enum_extender offering transform net.minecraft.util.thread.ReentrantBlockableEventLoop
[19:18:45] [main/DEBUG] (cpw.mods.modlauncher.LaunchPluginHandler) LauncherPluginService unprotect offering transform net.minecraft.util.thread.ReentrantBlockableEventLoop
[19:18:45] [main/DEBUG] (cpw.mods.modlauncher.LaunchPluginHandler) LauncherPluginService unprotect transformed net.minecraft.util.thread.ReentrantBlockableEventLoop with class compute flags 2
[19:18:45] [main/DEBUG] (cpw.mods.modlauncher.LaunchPluginHandler) LauncherPluginService runtimedistcleaner offering transform net.minecraft.util.thread.ReentrantBlockableEventLoop
[19:18:45] [main/DEBUG] (cpw.mods.modlauncher.LaunchPluginHandler) Final flags state for net.minecraft.util.thread.ReentrantBlockableEventLoop is 2
[19:18:45] [main/DEBUG] (cpw.mods.modlauncher.LaunchPluginHandler) LaunchPluginService {BEFORE=[net.neoforged.accesstransformer.ml.AccessTransformerService@597050fa], AFTER=[org.spongepowered.asm.launch.MixinLaunchPlugin@5a1c0bcc, net.neoforged.fml.common.asm.RuntimeEnumExtender@2799f9a, juuxel.unprotect.UnprotectLaunchPlugin@3e6f3ad5, net.neoforged.fml.common.asm.RuntimeDistCleaner@5f27d271]}
[19:18:45] [main/DEBUG] (cpw.mods.modlauncher.LaunchPluginHandler) LauncherPluginService accesstransformer offering transform net.minecraft.util.thread.BlockableEventLoop
[19:18:45] [main/DEBUG] (net.neoforged.accesstransformer.AccessTransformer) Transforming net.minecraft.util.thread.BlockableEventLoop METHOD submitAsync(Ljava/lang/Runnable;)Ljava/util/concurrent/CompletableFuture; to access PUBLIC and LEAVE
[19:18:45] [main/DEBUG] (cpw.mods.modlauncher.LaunchPluginHandler) LauncherPluginService accesstransformer transformed net.minecraft.util.thread.BlockableEventLoop with class compute flags 256
[19:18:45] [main/DEBUG] (cpw.mods.modlauncher.LaunchPluginHandler) Final flags state for net.minecraft.util.thread.BlockableEventLoop is 256
[19:18:45] [main/DEBUG] (cpw.mods.modlauncher.LaunchPluginHandler) LauncherPluginService mixin offering transform net.minecraft.util.thread.BlockableEventLoop
[19:18:45] [main/DEBUG] (cpw.mods.modlauncher.LaunchPluginHandler) LauncherPluginService runtime_enum_extender offering transform net.minecraft.util.thread.BlockableEventLoop
[19:18:45] [main/DEBUG] (cpw.mods.modlauncher.LaunchPluginHandler) LauncherPluginService unprotect offering transform net.minecraft.util.thread.BlockableEventLoop
[19:18:45] [main/DEBUG] (cpw.mods.modlauncher.LaunchPluginHandler) LauncherPluginService unprotect transformed net.minecraft.util.thread.BlockableEventLoop with class compute flags 2
[19:18:45] [main/DEBUG] (cpw.mods.modlauncher.LaunchPluginHandler) LauncherPluginService runtimedistcleaner offering transform net.minecraft.util.thread.BlockableEventLoop
[19:18:45] [main/DEBUG] (cpw.mods.modlauncher.LaunchPluginHandler) Final flags state for net.minecraft.util.thread.BlockableEventLoop is 2
[19:18:45] [main/DEBUG] (cpw.mods.modlauncher.LaunchPluginHandler) LaunchPluginService {AFTER=[org.spongepowered.asm.launch.MixinLaunchPlugin@5a1c0bcc, net.neoforged.fml.common.asm.RuntimeEnumExtender@2799f9a, juuxel.unprotect.UnprotectLaunchPlugin@3e6f3ad5, net.neoforged.fml.common.asm.RuntimeDistCleaner@5f27d271]}
[19:18:45] [main/DEBUG] (cpw.mods.modlauncher.LaunchPluginHandler) Final flags state for net.minecraft.util.profiling.metrics.ProfilerMeasured is 0
[19:18:45] [main/DEBUG] (cpw.mods.modlauncher.LaunchPluginHandler) LauncherPluginService mixin offering transform net.minecraft.util.profiling.metrics.ProfilerMeasured
[19:18:45] [main/DEBUG] (cpw.mods.modlauncher.LaunchPluginHandler) LauncherPluginService runtime_enum_extender offering transform net.minecraft.util.profiling.metrics.ProfilerMeasured
[19:18:45] [main/DEBUG] (cpw.mods.modlauncher.LaunchPluginHandler) LauncherPluginService unprotect offering transform net.minecraft.util.profiling.metrics.ProfilerMeasured
[19:18:45] [main/DEBUG] (cpw.mods.modlauncher.LaunchPluginHandler) LauncherPluginService runtimedistcleaner offering transform net.minecraft.util.profiling.metrics.ProfilerMeasured
[19:18:45] [main/DEBUG] (cpw.mods.modlauncher.LaunchPluginHandler) Final flags state for net.minecraft.util.profiling.metrics.ProfilerMeasured is 0
[19:18:45] [main/DEBUG] (cpw.mods.modlauncher.LaunchPluginHandler) LaunchPluginService {AFTER=[org.spongepowered.asm.launch.MixinLaunchPlugin@5a1c0bcc, net.neoforged.fml.common.asm.RuntimeEnumExtender@2799f9a, juuxel.unprotect.UnprotectLaunchPlugin@3e6f3ad5, net.neoforged.fml.common.asm.RuntimeDistCleaner@5f27d271]}
[19:18:45] [main/DEBUG] (cpw.mods.modlauncher.LaunchPluginHandler) Final flags state for net.minecraft.util.thread.ProcessorHandle is 0
[19:18:45] [main/DEBUG] (cpw.mods.modlauncher.LaunchPluginHandler) LauncherPluginService mixin offering transform net.minecraft.util.thread.ProcessorHandle
[19:18:45] [main/DEBUG] (cpw.mods.modlauncher.LaunchPluginHandler) LauncherPluginService runtime_enum_extender offering transform net.minecraft.util.thread.ProcessorHandle
[19:18:45] [main/DEBUG] (cpw.mods.modlauncher.LaunchPluginHandler) LauncherPluginService unprotect offering transform net.minecraft.util.thread.ProcessorHandle
[19:18:45] [main/DEBUG] (cpw.mods.modlauncher.LaunchPluginHandler) LauncherPluginService unprotect transformed net.minecraft.util.thread.ProcessorHandle with class compute flags 2
[19:18:45] [main/DEBUG] (cpw.mods.modlauncher.LaunchPluginHandler) LauncherPluginService runtimedistcleaner offering transform net.minecraft.util.thread.ProcessorHandle
[19:18:45] [main/DEBUG] (cpw.mods.modlauncher.LaunchPluginHandler) Final flags state for net.minecraft.util.thread.ProcessorHandle is 2
[19:18:45] [main/DEBUG] (cpw.mods.modlauncher.LaunchPluginHandler) LaunchPluginService {AFTER=[org.spongepowered.asm.launch.MixinLaunchPlugin@5a1c0bcc, net.neoforged.fml.common.asm.RuntimeEnumExtender@2799f9a, net.neoforged.fml.common.asm.RuntimeDistCleaner@5f27d271]}
[19:18:45] [main/DEBUG] (cpw.mods.modlauncher.LaunchPluginHandler) Final flags state for java.lang.AutoCloseable is 0
[19:18:45] [main/DEBUG] (cpw.mods.modlauncher.LaunchPluginHandler) LauncherPluginService mixin offering transform java.lang.AutoCloseable
[19:18:45] [main/DEBUG] (cpw.mods.modlauncher.LaunchPluginHandler) LauncherPluginService runtime_enum_extender offering transform java.lang.AutoCloseable
[19:18:45] [main/DEBUG] (cpw.mods.modlauncher.LaunchPluginHandler) LauncherPluginService runtimedistcleaner offering transform java.lang.AutoCloseable
[19:18:45] [main/DEBUG] (cpw.mods.modlauncher.LaunchPluginHandler) Final flags state for java.lang.AutoCloseable is 0
[19:18:45] [main/DEBUG] (cpw.mods.modlauncher.LaunchPluginHandler) LaunchPluginService {AFTER=[org.spongepowered.asm.launch.MixinLaunchPlugin@5a1c0bcc, net.neoforged.fml.common.asm.RuntimeEnumExtender@2799f9a, net.neoforged.fml.common.asm.RuntimeDistCleaner@5f27d271]}
[19:18:45] [main/DEBUG] (cpw.mods.modlauncher.LaunchPluginHandler) Final flags state for java.util.concurrent.Executor is 0
[19:18:45] [main/DEBUG] (cpw.mods.modlauncher.LaunchPluginHandler) LauncherPluginService mixin offering transform java.util.concurrent.Executor
[19:18:45] [main/DEBUG] (cpw.mods.modlauncher.LaunchPluginHandler) LauncherPluginService runtime_enum_extender offering transform java.util.concurrent.Executor
[19:18:45] [main/DEBUG] (cpw.mods.modlauncher.LaunchPluginHandler) LauncherPluginService runtimedistcleaner offering transform java.util.concurrent.Executor
[19:18:45] [main/DEBUG] (cpw.mods.modlauncher.LaunchPluginHandler) Final flags state for java.util.concurrent.Executor is 0
[19:18:45] [main/DEBUG] (cpw.mods.modlauncher.LaunchPluginHandler) LaunchPluginService {AFTER=[org.spongepowered.asm.launch.MixinLaunchPlugin@5a1c0bcc, net.neoforged.fml.common.asm.RuntimeEnumExtender@2799f9a, juuxel.unprotect.UnprotectLaunchPlugin@3e6f3ad5, net.neoforged.fml.common.asm.RuntimeDistCleaner@5f27d271]}
[19:18:45] [main/DEBUG] (cpw.mods.modlauncher.LaunchPluginHandler) Final flags state for com.mojang.blaze3d.platform.WindowEventHandler is 0
[19:18:45] [main/DEBUG] (cpw.mods.modlauncher.LaunchPluginHandler) LauncherPluginService mixin offering transform com.mojang.blaze3d.platform.WindowEventHandler
[19:18:45] [main/DEBUG] (cpw.mods.modlauncher.LaunchPluginHandler) LauncherPluginService runtime_enum_extender offering transform com.mojang.blaze3d.platform.WindowEventHandler
[19:18:45] [main/DEBUG] (cpw.mods.modlauncher.LaunchPluginHandler) LauncherPluginService unprotect offering transform com.mojang.blaze3d.platform.WindowEventHandler
[19:18:45] [main/DEBUG] (cpw.mods.modlauncher.LaunchPluginHandler) LauncherPluginService runtimedistcleaner offering transform com.mojang.blaze3d.platform.WindowEventHandler
[19:18:45] [main/DEBUG] (net.neoforged.fml.common.asm.RuntimeDistCleaner) Removing Class Annotation: com/mojang/blaze3d/platform/WindowEventHandler @Lnet/neoforged/api/distmarker/OnlyIn;
[19:18:45] [main/DEBUG] (cpw.mods.modlauncher.LaunchPluginHandler) LauncherPluginService runtimedistcleaner transformed com.mojang.blaze3d.platform.WindowEventHandler with class compute flags 256
[19:18:45] [main/DEBUG] (cpw.mods.modlauncher.LaunchPluginHandler) Final flags state for com.mojang.blaze3d.platform.WindowEventHandler is 256
[19:18:45] [main/DEBUG] (cpw.mods.modlauncher.LaunchPluginHandler) LaunchPluginService {AFTER=[org.spongepowered.asm.launch.MixinLaunchPlugin@5a1c0bcc, net.neoforged.fml.common.asm.RuntimeEnumExtender@2799f9a, net.neoforged.fml.common.asm.RuntimeDistCleaner@5f27d271]}
[19:18:45] [main/DEBUG] (cpw.mods.modlauncher.LaunchPluginHandler) Final flags state for net.neoforged.neoforge.client.extensions.IMinecraftExtension is 0
[19:18:45] [main/DEBUG] (cpw.mods.modlauncher.LaunchPluginHandler) LauncherPluginService mixin offering transform net.neoforged.neoforge.client.extensions.IMinecraftExtension
[19:18:45] [main/DEBUG] (cpw.mods.modlauncher.LaunchPluginHandler) LauncherPluginService runtime_enum_extender offering transform net.neoforged.neoforge.client.extensions.IMinecraftExtension
[19:18:45] [main/DEBUG] (cpw.mods.modlauncher.LaunchPluginHandler) LauncherPluginService runtimedistcleaner offering transform net.neoforged.neoforge.client.extensions.IMinecraftExtension
[19:18:45] [main/DEBUG] (cpw.mods.modlauncher.LaunchPluginHandler) Final flags state for net.neoforged.neoforge.client.extensions.IMinecraftExtension is 0
[19:18:45] [main/DEBUG] (cpw.mods.modlauncher.LaunchPluginHandler) LaunchPluginService {BEFORE=[net.neoforged.accesstransformer.ml.AccessTransformerService@597050fa], AFTER=[org.spongepowered.asm.launch.MixinLaunchPlugin@5a1c0bcc, net.neoforged.fml.common.asm.RuntimeEnumExtender@2799f9a, juuxel.unprotect.UnprotectLaunchPlugin@3e6f3ad5, net.neoforged.fml.common.asm.RuntimeDistCleaner@5f27d271]}
[19:18:45] [main/DEBUG] (cpw.mods.modlauncher.LaunchPluginHandler) LauncherPluginService accesstransformer offering transform net.minecraft.client.gui.screens.Screen
[19:18:45] [main/DEBUG] (net.neoforged.accesstransformer.AccessTransformer) Transforming net.minecraft.client.gui.screens.Screen FIELD narratables to access PUBLIC and LEAVE
[19:18:45] [main/DEBUG] (net.neoforged.accesstransformer.AccessTransformer) Transforming net.minecraft.client.gui.screens.Screen FIELD renderables to access PUBLIC and LEAVE
[19:18:45] [main/DEBUG] (net.neoforged.accesstransformer.AccessTransformer) Transforming net.minecraft.client.gui.screens.Screen METHOD addRenderableWidget(Lnet/minecraft/client/gui/components/events/GuiEventListener;)Lnet/minecraft/client/gui/components/events/GuiEventListener; to access PUBLIC and LEAVE
[19:18:45] [main/DEBUG] (net.neoforged.accesstransformer.AccessTransformer) Transforming net.minecraft.client.gui.screens.Screen METHOD addRenderableOnly(Lnet/minecraft/client/gui/components/Renderable;)Lnet/minecraft/client/gui/components/Renderable; to access PUBLIC and LEAVE
[19:18:45] [main/DEBUG] (net.neoforged.accesstransformer.AccessTransformer) Transforming net.minecraft.client.gui.screens.Screen METHOD addWidget(Lnet/minecraft/client/gui/components/events/GuiEventListener;)Lnet/minecraft/client/gui/components/events/GuiEventListener; to access PUBLIC and LEAVE
[19:18:45] [main/DEBUG] (cpw.mods.modlauncher.LaunchPluginHandler) LauncherPluginService accesstransformer transformed net.minecraft.client.gui.screens.Screen with class compute flags 256
[19:18:45] [main/DEBUG] (cpw.mods.modlauncher.LaunchPluginHandler) Final flags state for net.minecraft.client.gui.screens.Screen is 256
[19:18:45] [main/DEBUG] (cpw.mods.modlauncher.LaunchPluginHandler) LauncherPluginService mixin offering transform net.minecraft.client.gui.screens.Screen
[19:18:45] [main/DEBUG] (cpw.mods.modlauncher.LaunchPluginHandler) LauncherPluginService runtime_enum_extender offering transform net.minecraft.client.gui.screens.Screen
[19:18:45] [main/DEBUG] (cpw.mods.modlauncher.LaunchPluginHandler) LauncherPluginService unprotect offering transform net.minecraft.client.gui.screens.Screen
[19:18:45] [main/DEBUG] (cpw.mods.modlauncher.LaunchPluginHandler) LauncherPluginService unprotect transformed net.minecraft.client.gui.screens.Screen with class compute flags 2
[19:18:45] [main/DEBUG] (cpw.mods.modlauncher.LaunchPluginHandler) LauncherPluginService runtimedistcleaner offering transform net.minecraft.client.gui.screens.Screen
[19:18:45] [main/DEBUG] (net.neoforged.fml.common.asm.RuntimeDistCleaner) Removing Class Annotation: net/minecraft/client/gui/screens/Screen @Lnet/neoforged/api/distmarker/OnlyIn;
[19:18:45] [main/DEBUG] (cpw.mods.modlauncher.LaunchPluginHandler) LauncherPluginService runtimedistcleaner transformed net.minecraft.client.gui.screens.Screen with class compute flags 256
[19:18:45] [main/DEBUG] (cpw.mods.modlauncher.LaunchPluginHandler) Final flags state for net.minecraft.client.gui.screens.Screen is 258
[19:18:45] [main/DEBUG] (cpw.mods.modlauncher.LaunchPluginHandler) LaunchPluginService {AFTER=[org.spongepowered.asm.launch.MixinLaunchPlugin@5a1c0bcc, net.neoforged.fml.common.asm.RuntimeEnumExtender@2799f9a, juuxel.unprotect.UnprotectLaunchPlugin@3e6f3ad5, net.neoforged.fml.common.asm.RuntimeDistCleaner@5f27d271]}
[19:18:45] [main/DEBUG] (cpw.mods.modlauncher.LaunchPluginHandler) Final flags state for net.minecraft.client.gui.components.events.AbstractContainerEventHandler is 0
[19:18:45] [main/DEBUG] (cpw.mods.modlauncher.LaunchPluginHandler) LauncherPluginService mixin offering transform net.minecraft.client.gui.components.events.AbstractContainerEventHandler
[19:18:45] [main/DEBUG] (cpw.mods.modlauncher.LaunchPluginHandler) LauncherPluginService runtime_enum_extender offering transform net.minecraft.client.gui.components.events.AbstractContainerEventHandler
[19:18:45] [main/DEBUG] (cpw.mods.modlauncher.LaunchPluginHandler) LauncherPluginService unprotect offering transform net.minecraft.client.gui.components.events.AbstractContainerEventHandler
[19:18:45] [main/DEBUG] (cpw.mods.modlauncher.LaunchPluginHandler) LauncherPluginService runtimedistcleaner offering transform net.minecraft.client.gui.components.events.AbstractContainerEventHandler
[19:18:45] [main/DEBUG] (net.neoforged.fml.common.asm.RuntimeDistCleaner) Removing Class Annotation: net/minecraft/client/gui/components/events/AbstractContainerEventHandler @Lnet/neoforged/api/distmarker/OnlyIn;
[19:18:45] [main/DEBUG] (cpw.mods.modlauncher.LaunchPluginHandler) LauncherPluginService runtimedistcleaner transformed net.minecraft.client.gui.components.events.AbstractContainerEventHandler with class compute flags 256
[19:18:45] [main/DEBUG] (cpw.mods.modlauncher.LaunchPluginHandler) Final flags state for net.minecraft.client.gui.components.events.AbstractContainerEventHandler is 256
[19:18:45] [main/DEBUG] (cpw.mods.modlauncher.LaunchPluginHandler) LaunchPluginService {AFTER=[org.spongepowered.asm.launch.MixinLaunchPlugin@5a1c0bcc, net.neoforged.fml.common.asm.RuntimeEnumExtender@2799f9a, juuxel.unprotect.UnprotectLaunchPlugin@3e6f3ad5, net.neoforged.fml.common.asm.RuntimeDistCleaner@5f27d271]}
[19:18:45] [main/DEBUG] (cpw.mods.modlauncher.LaunchPluginHandler) Final flags state for net.minecraft.client.gui.components.events.ContainerEventHandler is 0
[19:18:45] [main/DEBUG] (cpw.mods.modlauncher.LaunchPluginHandler) LauncherPluginService mixin offering transform net.minecraft.client.gui.components.events.ContainerEventHandler
[19:18:45] [main/DEBUG] (cpw.mods.modlauncher.LaunchPluginHandler) LauncherPluginService runtime_enum_extender offering transform net.minecraft.client.gui.components.events.ContainerEventHandler
[19:18:45] [main/DEBUG] (cpw.mods.modlauncher.LaunchPluginHandler) LauncherPluginService unprotect offering transform net.minecraft.client.gui.components.events.ContainerEventHandler
[19:18:45] [main/DEBUG] (cpw.mods.modlauncher.LaunchPluginHandler) LauncherPluginService runtimedistcleaner offering transform net.minecraft.client.gui.components.events.ContainerEventHandler
[19:18:45] [main/DEBUG] (net.neoforged.fml.common.asm.RuntimeDistCleaner) Removing Class Annotation: net/minecraft/client/gui/components/events/ContainerEventHandler @Lnet/neoforged/api/distmarker/OnlyIn;
[19:18:45] [main/DEBUG] (cpw.mods.modlauncher.LaunchPluginHandler) LauncherPluginService runtimedistcleaner transformed net.minecraft.client.gui.components.events.ContainerEventHandler with class compute flags 256
[19:18:45] [main/DEBUG] (cpw.mods.modlauncher.LaunchPluginHandler) Final flags state for net.minecraft.client.gui.components.events.ContainerEventHandler is 256
[19:18:45] [main/DEBUG] (cpw.mods.modlauncher.LaunchPluginHandler) LaunchPluginService {AFTER=[org.spongepowered.asm.launch.MixinLaunchPlugin@5a1c0bcc, net.neoforged.fml.common.asm.RuntimeEnumExtender@2799f9a, juuxel.unprotect.UnprotectLaunchPlugin@3e6f3ad5, net.neoforged.fml.common.asm.RuntimeDistCleaner@5f27d271]}
[19:18:45] [main/DEBUG] (cpw.mods.modlauncher.LaunchPluginHandler) Final flags state for net.minecraft.client.gui.components.events.GuiEventListener is 0
[19:18:45] [main/DEBUG] (cpw.mods.modlauncher.LaunchPluginHandler) LauncherPluginService mixin offering transform net.minecraft.client.gui.components.events.GuiEventListener
[19:18:45] [main/DEBUG] (cpw.mods.modlauncher.LaunchPluginHandler) LauncherPluginService runtime_enum_extender offering transform net.minecraft.client.gui.components.events.GuiEventListener
[19:18:45] [main/DEBUG] (cpw.mods.modlauncher.LaunchPluginHandler) LauncherPluginService unprotect offering transform net.minecraft.client.gui.components.events.GuiEventListener
[19:18:45] [main/DEBUG] (cpw.mods.modlauncher.LaunchPluginHandler) LauncherPluginService runtimedistcleaner offering transform net.minecraft.client.gui.components.events.GuiEventListener
[19:18:45] [main/DEBUG] (net.neoforged.fml.common.asm.RuntimeDistCleaner) Removing Class Annotation: net/minecraft/client/gui/components/events/GuiEventListener @Lnet/neoforged/api/distmarker/OnlyIn;
[19:18:45] [main/DEBUG] (cpw.mods.modlauncher.LaunchPluginHandler) LauncherPluginService runtimedistcleaner transformed net.minecraft.client.gui.components.events.GuiEventListener with class compute flags 256
[19:18:45] [main/DEBUG] (cpw.mods.modlauncher.LaunchPluginHandler) Final flags state for net.minecraft.client.gui.components.events.GuiEventListener is 256
[19:18:45] [main/DEBUG] (cpw.mods.modlauncher.LaunchPluginHandler) LaunchPluginService {AFTER=[org.spongepowered.asm.launch.MixinLaunchPlugin@5a1c0bcc, net.neoforged.fml.common.asm.RuntimeEnumExtender@2799f9a, juuxel.unprotect.UnprotectLaunchPlugin@3e6f3ad5, net.neoforged.fml.common.asm.RuntimeDistCleaner@5f27d271]}
[19:18:45] [main/DEBUG] (cpw.mods.modlauncher.LaunchPluginHandler) Final flags state for net.minecraft.client.gui.components.TabOrderedElement is 0
[19:18:45] [main/DEBUG] (cpw.mods.modlauncher.LaunchPluginHandler) LauncherPluginService mixin offering transform net.minecraft.client.gui.components.TabOrderedElement
[19:18:45] [main/DEBUG] (cpw.mods.modlauncher.LaunchPluginHandler) LauncherPluginService runtime_enum_extender offering transform net.minecraft.client.gui.components.TabOrderedElement
[19:18:45] [main/DEBUG] (cpw.mods.modlauncher.LaunchPluginHandler) LauncherPluginService unprotect offering transform net.minecraft.client.gui.components.TabOrderedElement
[19:18:45] [main/DEBUG] (cpw.mods.modlauncher.LaunchPluginHandler) LauncherPluginService runtimedistcleaner offering transform net.minecraft.client.gui.components.TabOrderedElement
[19:18:45] [main/DEBUG] (net.neoforged.fml.common.asm.RuntimeDistCleaner) Removing Class Annotation: net/minecraft/client/gui/components/TabOrderedElement @Lnet/neoforged/api/distmarker/OnlyIn;
[19:18:45] [main/DEBUG] (cpw.mods.modlauncher.LaunchPluginHandler) LauncherPluginService runtimedistcleaner transformed net.minecraft.client.gui.components.TabOrderedElement with class compute flags 256
[19:18:45] [main/DEBUG] (cpw.mods.modlauncher.LaunchPluginHandler) Final flags state for net.minecraft.client.gui.components.TabOrderedElement is 256
[19:18:45] [main/DEBUG] (cpw.mods.modlauncher.LaunchPluginHandler) LaunchPluginService {AFTER=[org.spongepowered.asm.launch.MixinLaunchPlugin@5a1c0bcc, net.neoforged.fml.common.asm.RuntimeEnumExtender@2799f9a, juuxel.unprotect.UnprotectLaunchPlugin@3e6f3ad5, net.neoforged.fml.common.asm.RuntimeDistCleaner@5f27d271]}
[19:18:45] [main/DEBUG] (cpw.mods.modlauncher.LaunchPluginHandler) Final flags state for net.minecraft.client.gui.components.Renderable is 0
[19:18:45] [main/DEBUG] (cpw.mods.modlauncher.LaunchPluginHandler) LauncherPluginService mixin offering transform net.minecraft.client.gui.components.Renderable
[19:18:45] [main/DEBUG] (cpw.mods.modlauncher.LaunchPluginHandler) LauncherPluginService runtime_enum_extender offering transform net.minecraft.client.gui.components.Renderable
[19:18:45] [main/DEBUG] (cpw.mods.modlauncher.LaunchPluginHandler) LauncherPluginService unprotect offering transform net.minecraft.client.gui.components.Renderable
[19:18:45] [main/DEBUG] (cpw.mods.modlauncher.LaunchPluginHandler) LauncherPluginService runtimedistcleaner offering transform net.minecraft.client.gui.components.Renderable
[19:18:45] [main/DEBUG] (net.neoforged.fml.common.asm.RuntimeDistCleaner) Removing Class Annotation: net/minecraft/client/gui/components/Renderable @Lnet/neoforged/api/distmarker/OnlyIn;
[19:18:45] [main/DEBUG] (cpw.mods.modlauncher.LaunchPluginHandler) LauncherPluginService runtimedistcleaner transformed net.minecraft.client.gui.components.Renderable with class compute flags 256
[19:18:45] [main/DEBUG] (cpw.mods.modlauncher.LaunchPluginHandler) Final flags state for net.minecraft.client.gui.components.Renderable is 256
[19:18:45] [main/DEBUG] (cpw.mods.modlauncher.LaunchPluginHandler) LaunchPluginService {AFTER=[org.spongepowered.asm.launch.MixinLaunchPlugin@5a1c0bcc, net.neoforged.fml.common.asm.RuntimeEnumExtender@2799f9a, juuxel.unprotect.UnprotectLaunchPlugin@3e6f3ad5, net.neoforged.fml.common.asm.RuntimeDistCleaner@5f27d271]}
[19:18:45] [main/DEBUG] (cpw.mods.modlauncher.LaunchPluginHandler) Final flags state for net.minecraft.client.gui.screens.DeathScreen is 0
[19:18:45] [main/DEBUG] (cpw.mods.modlauncher.LaunchPluginHandler) LauncherPluginService mixin offering transform net.minecraft.client.gui.screens.DeathScreen
[19:18:45] [main/DEBUG] (cpw.mods.modlauncher.LaunchPluginHandler) LauncherPluginService runtime_enum_extender offering transform net.minecraft.client.gui.screens.DeathScreen
[19:18:45] [main/DEBUG] (cpw.mods.modlauncher.LaunchPluginHandler) LauncherPluginService unprotect offering transform net.minecraft.client.gui.screens.DeathScreen
[19:18:45] [main/DEBUG] (cpw.mods.modlauncher.LaunchPluginHandler) LauncherPluginService unprotect transformed net.minecraft.client.gui.screens.DeathScreen with class compute flags 2
[19:18:45] [main/DEBUG] (cpw.mods.modlauncher.LaunchPluginHandler) LauncherPluginService runtimedistcleaner offering transform net.minecraft.client.gui.screens.DeathScreen
[19:18:45] [main/DEBUG] (net.neoforged.fml.common.asm.RuntimeDistCleaner) Removing Class Annotation: net/minecraft/client/gui/screens/DeathScreen @Lnet/neoforged/api/distmarker/OnlyIn;
[19:18:45] [main/DEBUG] (cpw.mods.modlauncher.LaunchPluginHandler) LauncherPluginService runtimedistcleaner transformed net.minecraft.client.gui.screens.DeathScreen with class compute flags 256
[19:18:45] [main/DEBUG] (cpw.mods.modlauncher.LaunchPluginHandler) Final flags state for net.minecraft.client.gui.screens.DeathScreen is 258
[19:18:45] [main/DEBUG] (cpw.mods.modlauncher.LaunchPluginHandler) LaunchPluginService {AFTER=[org.spongepowered.asm.launch.MixinLaunchPlugin@5a1c0bcc, net.neoforged.fml.common.asm.RuntimeEnumExtender@2799f9a, juuxel.unprotect.UnprotectLaunchPlugin@3e6f3ad5, net.neoforged.fml.common.asm.RuntimeDistCleaner@5f27d271]}
[19:18:45] [main/DEBUG] (cpw.mods.modlauncher.LaunchPluginHandler) Final flags state for net.minecraft.client.gui.screens.TitleScreen is 0
[19:18:45] [main/DEBUG] (cpw.mods.modlauncher.LaunchPluginHandler) LauncherPluginService mixin offering transform net.minecraft.client.gui.screens.TitleScreen
[19:18:45] [main/DEBUG] (cpw.mods.modlauncher.LaunchPluginHandler) LauncherPluginService runtime_enum_extender offering transform net.minecraft.client.gui.screens.TitleScreen
[19:18:45] [main/DEBUG] (cpw.mods.modlauncher.LaunchPluginHandler) LauncherPluginService unprotect offering transform net.minecraft.client.gui.screens.TitleScreen
[19:18:45] [main/DEBUG] (cpw.mods.modlauncher.LaunchPluginHandler) LauncherPluginService unprotect transformed net.minecraft.client.gui.screens.TitleScreen with class compute flags 2
[19:18:45] [main/DEBUG] (cpw.mods.modlauncher.LaunchPluginHandler) LauncherPluginService runtimedistcleaner offering transform net.minecraft.client.gui.screens.TitleScreen
[19:18:45] [main/DEBUG] (net.neoforged.fml.common.asm.RuntimeDistCleaner) Removing Class Annotation: net/minecraft/client/gui/screens/TitleScreen @Lnet/neoforged/api/distmarker/OnlyIn;
[19:18:45] [main/DEBUG] (cpw.mods.modlauncher.LaunchPluginHandler) LauncherPluginService runtimedistcleaner transformed net.minecraft.client.gui.screens.TitleScreen with class compute flags 256
[19:18:45] [main/DEBUG] (cpw.mods.modlauncher.LaunchPluginHandler) Final flags state for net.minecraft.client.gui.screens.TitleScreen is 258
[19:18:45] [main/DEBUG] (cpw.mods.modlauncher.LaunchPluginHandler) LaunchPluginService {AFTER=[org.spongepowered.asm.launch.MixinLaunchPlugin@5a1c0bcc, net.neoforged.fml.common.asm.RuntimeEnumExtender@2799f9a, net.neoforged.fml.common.asm.RuntimeDistCleaner@5f27d271]}
[19:18:45] [main/DEBUG] (cpw.mods.modlauncher.LaunchPluginHandler) Final flags state for java.lang.Integer is 0
[19:18:45] [main/DEBUG] (cpw.mods.modlauncher.LaunchPluginHandler) LauncherPluginService mixin offering transform java.lang.Integer
[19:18:45] [main/DEBUG] (cpw.mods.modlauncher.LaunchPluginHandler) LauncherPluginService runtime_enum_extender offering transform java.lang.Integer
[19:18:45] [main/DEBUG] (cpw.mods.modlauncher.LaunchPluginHandler) LauncherPluginService runtimedistcleaner offering transform java.lang.Integer
[19:18:45] [main/DEBUG] (cpw.mods.modlauncher.LaunchPluginHandler) Final flags state for java.lang.Integer is 0
[19:18:45] [main/DEBUG] (cpw.mods.modlauncher.LaunchPluginHandler) LaunchPluginService {AFTER=[org.spongepowered.asm.launch.MixinLaunchPlugin@5a1c0bcc, net.neoforged.fml.common.asm.RuntimeEnumExtender@2799f9a, net.neoforged.fml.common.asm.RuntimeDistCleaner@5f27d271]}
[19:18:45] [main/DEBUG] (cpw.mods.modlauncher.LaunchPluginHandler) Final flags state for java.lang.Number is 0
[19:18:45] [main/DEBUG] (cpw.mods.modlauncher.LaunchPluginHandler) LauncherPluginService mixin offering transform java.lang.Number
[19:18:45] [main/DEBUG] (cpw.mods.modlauncher.LaunchPluginHandler) LauncherPluginService runtime_enum_extender offering transform java.lang.Number
[19:18:45] [main/DEBUG] (cpw.mods.modlauncher.LaunchPluginHandler) LauncherPluginService runtimedistcleaner offering transform java.lang.Number
[19:18:45] [main/DEBUG] (cpw.mods.modlauncher.LaunchPluginHandler) Final flags state for java.lang.Number is 0
[19:18:45] [main/DEBUG] (cpw.mods.modlauncher.LaunchPluginHandler) LaunchPluginService {AFTER=[org.spongepowered.asm.launch.MixinLaunchPlugin@5a1c0bcc, net.neoforged.fml.common.asm.RuntimeEnumExtender@2799f9a, net.neoforged.fml.common.asm.RuntimeDistCleaner@5f27d271]}
[19:18:45] [main/DEBUG] (cpw.mods.modlauncher.LaunchPluginHandler) Final flags state for java.lang.Comparable is 0
[19:18:45] [main/DEBUG] (cpw.mods.modlauncher.LaunchPluginHandler) LauncherPluginService mixin offering transform java.lang.Comparable
[19:18:45] [main/DEBUG] (cpw.mods.modlauncher.LaunchPluginHandler) LauncherPluginService runtime_enum_extender offering transform java.lang.Comparable
[19:18:45] [main/DEBUG] (cpw.mods.modlauncher.LaunchPluginHandler) LauncherPluginService runtimedistcleaner offering transform java.lang.Comparable
[19:18:45] [main/DEBUG] (cpw.mods.modlauncher.LaunchPluginHandler) Final flags state for java.lang.Comparable is 0
[19:18:45] [main/DEBUG] (cpw.mods.modlauncher.LaunchPluginHandler) LaunchPluginService {AFTER=[org.spongepowered.asm.launch.MixinLaunchPlugin@5a1c0bcc, net.neoforged.fml.common.asm.RuntimeEnumExtender@2799f9a, net.neoforged.fml.common.asm.RuntimeDistCleaner@5f27d271]}
[19:18:45] [main/DEBUG] (cpw.mods.modlauncher.LaunchPluginHandler) Final flags state for java.lang.constant.Constable is 0
[19:18:45] [main/DEBUG] (cpw.mods.modlauncher.LaunchPluginHandler) LauncherPluginService mixin offering transform java.lang.constant.Constable
[19:18:45] [main/DEBUG] (cpw.mods.modlauncher.LaunchPluginHandler) LauncherPluginService runtime_enum_extender offering transform java.lang.constant.Constable
[19:18:45] [main/DEBUG] (cpw.mods.modlauncher.LaunchPluginHandler) LauncherPluginService runtimedistcleaner offering transform java.lang.constant.Constable
[19:18:45] [main/DEBUG] (cpw.mods.modlauncher.LaunchPluginHandler) Final flags state for java.lang.constant.Constable is 0
[19:18:45] [main/DEBUG] (cpw.mods.modlauncher.LaunchPluginHandler) LaunchPluginService {AFTER=[org.spongepowered.asm.launch.MixinLaunchPlugin@5a1c0bcc, net.neoforged.fml.common.asm.RuntimeEnumExtender@2799f9a, net.neoforged.fml.common.asm.RuntimeDistCleaner@5f27d271]}
[19:18:45] [main/DEBUG] (cpw.mods.modlauncher.LaunchPluginHandler) Final flags state for java.lang.constant.ConstantDesc is 0
[19:18:45] [main/DEBUG] (cpw.mods.modlauncher.LaunchPluginHandler) LauncherPluginService mixin offering transform java.lang.constant.ConstantDesc
[19:18:45] [main/DEBUG] (cpw.mods.modlauncher.LaunchPluginHandler) LauncherPluginService runtime_enum_extender offering transform java.lang.constant.ConstantDesc
[19:18:45] [main/DEBUG] (cpw.mods.modlauncher.LaunchPluginHandler) LauncherPluginService runtimedistcleaner offering transform java.lang.constant.ConstantDesc
[19:18:45] [main/DEBUG] (cpw.mods.modlauncher.LaunchPluginHandler) Final flags state for java.lang.constant.ConstantDesc is 0
[19:18:45] [main/DEBUG] (cpw.mods.modlauncher.LaunchPluginHandler) LaunchPluginService {AFTER=[org.spongepowered.asm.launch.MixinLaunchPlugin@5a1c0bcc, net.neoforged.fml.common.asm.RuntimeEnumExtender@2799f9a, juuxel.unprotect.UnprotectLaunchPlugin@3e6f3ad5, net.neoforged.fml.common.asm.RuntimeDistCleaner@5f27d271]}
[19:18:45] [main/DEBUG] (cpw.mods.modlauncher.LaunchPluginHandler) Final flags state for net.minecraft.util.profiling.InactiveProfiler is 0
[19:18:45] [main/DEBUG] (cpw.mods.modlauncher.LaunchPluginHandler) LauncherPluginService mixin offering transform net.minecraft.util.profiling.InactiveProfiler
[19:18:45] [main/DEBUG] (cpw.mods.modlauncher.LaunchPluginHandler) LauncherPluginService runtime_enum_extender offering transform net.minecraft.util.profiling.InactiveProfiler
[19:18:45] [main/DEBUG] (cpw.mods.modlauncher.LaunchPluginHandler) LauncherPluginService unprotect offering transform net.minecraft.util.profiling.InactiveProfiler
[19:18:45] [main/DEBUG] (cpw.mods.modlauncher.LaunchPluginHandler) LauncherPluginService unprotect transformed net.minecraft.util.profiling.InactiveProfiler with class compute flags 2
[19:18:45] [main/DEBUG] (cpw.mods.modlauncher.LaunchPluginHandler) LauncherPluginService runtimedistcleaner offering transform net.minecraft.util.profiling.InactiveProfiler
[19:18:45] [main/DEBUG] (cpw.mods.modlauncher.LaunchPluginHandler) Final flags state for net.minecraft.util.profiling.InactiveProfiler is 2
[19:18:45] [main/DEBUG] (cpw.mods.modlauncher.LaunchPluginHandler) LaunchPluginService {AFTER=[org.spongepowered.asm.launch.MixinLaunchPlugin@5a1c0bcc, net.neoforged.fml.common.asm.RuntimeEnumExtender@2799f9a, juuxel.unprotect.UnprotectLaunchPlugin@3e6f3ad5, net.neoforged.fml.common.asm.RuntimeDistCleaner@5f27d271]}
[19:18:45] [main/DEBUG] (cpw.mods.modlauncher.LaunchPluginHandler) Final flags state for net.minecraft.util.profiling.ProfileCollector is 0
[19:18:45] [main/DEBUG] (cpw.mods.modlauncher.LaunchPluginHandler) LauncherPluginService mixin offering transform net.minecraft.util.profiling.ProfileCollector
[19:18:45] [main/DEBUG] (cpw.mods.modlauncher.LaunchPluginHandler) LauncherPluginService runtime_enum_extender offering transform net.minecraft.util.profiling.ProfileCollector
[19:18:45] [main/DEBUG] (cpw.mods.modlauncher.LaunchPluginHandler) LauncherPluginService unprotect offering transform net.minecraft.util.profiling.ProfileCollector
[19:18:45] [main/DEBUG] (cpw.mods.modlauncher.LaunchPluginHandler) LauncherPluginService runtimedistcleaner offering transform net.minecraft.util.profiling.ProfileCollector
[19:18:45] [main/DEBUG] (cpw.mods.modlauncher.LaunchPluginHandler) Final flags state for net.minecraft.util.profiling.ProfileCollector is 0
[19:18:45] [main/DEBUG] (cpw.mods.modlauncher.LaunchPluginHandler) LaunchPluginService {AFTER=[org.spongepowered.asm.launch.MixinLaunchPlugin@5a1c0bcc, net.neoforged.fml.common.asm.RuntimeEnumExtender@2799f9a, juuxel.unprotect.UnprotectLaunchPlugin@3e6f3ad5, net.neoforged.fml.common.asm.RuntimeDistCleaner@5f27d271]}
[19:18:45] [main/DEBUG] (cpw.mods.modlauncher.LaunchPluginHandler) Final flags state for net.minecraft.util.profiling.ProfilerFiller is 0
[19:18:45] [main/DEBUG] (cpw.mods.modlauncher.LaunchPluginHandler) LauncherPluginService mixin offering transform net.minecraft.util.profiling.ProfilerFiller
[19:18:45] [main/DEBUG] (cpw.mods.modlauncher.LaunchPluginHandler) LauncherPluginService runtime_enum_extender offering transform net.minecraft.util.profiling.ProfilerFiller
[19:18:45] [main/DEBUG] (cpw.mods.modlauncher.LaunchPluginHandler) LauncherPluginService unprotect offering transform net.minecraft.util.profiling.ProfilerFiller
[19:18:45] [main/DEBUG] (cpw.mods.modlauncher.LaunchPluginHandler) LauncherPluginService unprotect transformed net.minecraft.util.profiling.ProfilerFiller with class compute flags 2
[19:18:45] [main/DEBUG] (cpw.mods.modlauncher.LaunchPluginHandler) LauncherPluginService runtimedistcleaner offering transform net.minecraft.util.profiling.ProfilerFiller
[19:18:45] [main/DEBUG] (cpw.mods.modlauncher.LaunchPluginHandler) Final flags state for net.minecraft.util.profiling.ProfilerFiller is 2
[19:18:45] [main/DEBUG] (cpw.mods.modlauncher.LaunchPluginHandler) LaunchPluginService {AFTER=[org.spongepowered.asm.launch.MixinLaunchPlugin@5a1c0bcc, net.neoforged.fml.common.asm.RuntimeEnumExtender@2799f9a, juuxel.unprotect.UnprotectLaunchPlugin@3e6f3ad5, net.neoforged.fml.common.asm.RuntimeDistCleaner@5f27d271]}
[19:18:45] [main/DEBUG] (cpw.mods.modlauncher.LaunchPluginHandler) Final flags state for net.minecraft.client.multiplayer.ServerData is 0
[19:18:45] [main/DEBUG] (cpw.mods.modlauncher.LaunchPluginHandler) LauncherPluginService mixin offering transform net.minecraft.client.multiplayer.ServerData
[19:18:45] [main/DEBUG] (cpw.mods.modlauncher.LaunchPluginHandler) LauncherPluginService runtime_enum_extender offering transform net.minecraft.client.multiplayer.ServerData
[19:18:45] [main/DEBUG] (cpw.mods.modlauncher.LaunchPluginHandler) LauncherPluginService unprotect offering transform net.minecraft.client.multiplayer.ServerData
[19:18:45] [main/DEBUG] (cpw.mods.modlauncher.LaunchPluginHandler) LauncherPluginService unprotect transformed net.minecraft.client.multiplayer.ServerData with class compute flags 2
[19:18:45] [main/DEBUG] (cpw.mods.modlauncher.LaunchPluginHandler) LauncherPluginService runtimedistcleaner offering transform net.minecraft.client.multiplayer.ServerData
[19:18:45] [main/DEBUG] (net.neoforged.fml.common.asm.RuntimeDistCleaner) Removing Class Annotation: net/minecraft/client/multiplayer/ServerData @Lnet/neoforged/api/distmarker/OnlyIn;
[19:18:45] [main/DEBUG] (cpw.mods.modlauncher.LaunchPluginHandler) LauncherPluginService runtimedistcleaner transformed net.minecraft.client.multiplayer.ServerData with class compute flags 256
[19:18:45] [main/DEBUG] (cpw.mods.modlauncher.LaunchPluginHandler) Final flags state for net.minecraft.client.multiplayer.ServerData is 258
[19:18:45] [main/DEBUG] (cpw.mods.modlauncher.LaunchPluginHandler) LaunchPluginService {AFTER=[org.spongepowered.asm.launch.MixinLaunchPlugin@5a1c0bcc, net.neoforged.fml.common.asm.RuntimeEnumExtender@2799f9a, net.neoforged.fml.common.asm.RuntimeDistCleaner@5f27d271]}
[19:18:45] [main/DEBUG] (cpw.mods.modlauncher.LaunchPluginHandler) Final flags state for java.nio.file.Path is 0
[19:18:45] [main/DEBUG] (cpw.mods.modlauncher.LaunchPluginHandler) LauncherPluginService mixin offering transform java.nio.file.Path
[19:18:45] [main/DEBUG] (cpw.mods.modlauncher.LaunchPluginHandler) LauncherPluginService runtime_enum_extender offering transform java.nio.file.Path
[19:18:45] [main/DEBUG] (cpw.mods.modlauncher.LaunchPluginHandler) LauncherPluginService runtimedistcleaner offering transform java.nio.file.Path
[19:18:45] [main/DEBUG] (cpw.mods.modlauncher.LaunchPluginHandler) Final flags state for java.nio.file.Path is 0
[19:18:45] [main/DEBUG] (cpw.mods.modlauncher.LaunchPluginHandler) LaunchPluginService {AFTER=[org.spongepowered.asm.launch.MixinLaunchPlugin@5a1c0bcc, net.neoforged.fml.common.asm.RuntimeEnumExtender@2799f9a, net.neoforged.fml.common.asm.RuntimeDistCleaner@5f27d271]}
[19:18:45] [main/DEBUG] (cpw.mods.modlauncher.LaunchPluginHandler) Final flags state for java.lang.Iterable is 0
[19:18:45] [main/DEBUG] (cpw.mods.modlauncher.LaunchPluginHandler) LauncherPluginService mixin offering transform java.lang.Iterable
[19:18:45] [main/DEBUG] (cpw.mods.modlauncher.LaunchPluginHandler) LauncherPluginService runtime_enum_extender offering transform java.lang.Iterable
[19:18:45] [main/DEBUG] (cpw.mods.modlauncher.LaunchPluginHandler) LauncherPluginService runtimedistcleaner offering transform java.lang.Iterable
[19:18:45] [main/DEBUG] (cpw.mods.modlauncher.LaunchPluginHandler) Final flags state for java.lang.Iterable is 0
[19:18:45] [main/DEBUG] (cpw.mods.modlauncher.LaunchPluginHandler) LaunchPluginService {AFTER=[org.spongepowered.asm.launch.MixinLaunchPlugin@5a1c0bcc, net.neoforged.fml.common.asm.RuntimeEnumExtender@2799f9a, net.neoforged.fml.common.asm.RuntimeDistCleaner@5f27d271]}
[19:18:45] [main/DEBUG] (cpw.mods.modlauncher.LaunchPluginHandler) Final flags state for java.nio.file.Watchable is 0
[19:18:45] [main/DEBUG] (cpw.mods.modlauncher.LaunchPluginHandler) LauncherPluginService mixin offering transform java.nio.file.Watchable
[19:18:45] [main/DEBUG] (cpw.mods.modlauncher.LaunchPluginHandler) LauncherPluginService runtime_enum_extender offering transform java.nio.file.Watchable
[19:18:45] [main/DEBUG] (cpw.mods.modlauncher.LaunchPluginHandler) LauncherPluginService runtimedistcleaner offering transform java.nio.file.Watchable
[19:18:45] [main/DEBUG] (cpw.mods.modlauncher.LaunchPluginHandler) Final flags state for java.nio.file.Watchable is 0
[19:18:45] [main/DEBUG] (cpw.mods.modlauncher.LaunchPluginHandler) LaunchPluginService {AFTER=[org.spongepowered.asm.launch.MixinLaunchPlugin@5a1c0bcc, net.neoforged.fml.common.asm.RuntimeEnumExtender@2799f9a, juuxel.unprotect.UnprotectLaunchPlugin@3e6f3ad5, net.neoforged.fml.common.asm.RuntimeDistCleaner@5f27d271]}
[19:18:45] [main/DEBUG] (cpw.mods.modlauncher.LaunchPluginHandler) Final flags state for net.minecraft.util.FileZipper is 0
[19:18:45] [main/DEBUG] (cpw.mods.modlauncher.LaunchPluginHandler) LauncherPluginService mixin offering transform net.minecraft.util.FileZipper
[19:18:45] [main/DEBUG] (cpw.mods.modlauncher.LaunchPluginHandler) LauncherPluginService runtime_enum_extender offering transform net.minecraft.util.FileZipper
[19:18:45] [main/DEBUG] (cpw.mods.modlauncher.LaunchPluginHandler) LauncherPluginService unprotect offering transform net.minecraft.util.FileZipper
[19:18:45] [main/DEBUG] (cpw.mods.modlauncher.LaunchPluginHandler) LauncherPluginService unprotect transformed net.minecraft.util.FileZipper with class compute flags 2
[19:18:45] [main/DEBUG] (cpw.mods.modlauncher.LaunchPluginHandler) LauncherPluginService runtimedistcleaner offering transform net.minecraft.util.FileZipper
[19:18:45] [main/DEBUG] (cpw.mods.modlauncher.LaunchPluginHandler) Final flags state for net.minecraft.util.FileZipper is 2
[19:18:45] [main/DEBUG] (cpw.mods.modlauncher.LaunchPluginHandler) LaunchPluginService {AFTER=[org.spongepowered.asm.launch.MixinLaunchPlugin@5a1c0bcc, net.neoforged.fml.common.asm.RuntimeEnumExtender@2799f9a, net.neoforged.fml.common.asm.RuntimeDistCleaner@5f27d271]}
[19:18:45] [main/DEBUG] (cpw.mods.modlauncher.LaunchPluginHandler) Final flags state for java.io.Closeable is 0
[19:18:45] [main/DEBUG] (cpw.mods.modlauncher.LaunchPluginHandler) LauncherPluginService mixin offering transform java.io.Closeable
[19:18:45] [main/DEBUG] (cpw.mods.modlauncher.LaunchPluginHandler) LauncherPluginService runtime_enum_extender offering transform java.io.Closeable
[19:18:45] [main/DEBUG] (cpw.mods.modlauncher.LaunchPluginHandler) LauncherPluginService runtimedistcleaner offering transform java.io.Closeable
[19:18:45] [main/DEBUG] (cpw.mods.modlauncher.LaunchPluginHandler) Final flags state for java.io.Closeable is 0
[19:18:45] [main/DEBUG] (cpw.mods.modlauncher.LaunchPluginHandler) LaunchPluginService {AFTER=[org.spongepowered.asm.launch.MixinLaunchPlugin@5a1c0bcc, net.neoforged.fml.common.asm.RuntimeEnumExtender@2799f9a, juuxel.unprotect.UnprotectLaunchPlugin@3e6f3ad5, net.neoforged.fml.common.asm.RuntimeDistCleaner@5f27d271]}
[19:18:45] [main/DEBUG] (cpw.mods.modlauncher.LaunchPluginHandler) Final flags state for net.minecraft.network.chat.MutableComponent is 0
[19:18:45] [main/DEBUG] (cpw.mods.modlauncher.LaunchPluginHandler) LauncherPluginService mixin offering transform net.minecraft.network.chat.MutableComponent
[19:18:45] [main/DEBUG] (cpw.mods.modlauncher.LaunchPluginHandler) LauncherPluginService runtime_enum_extender offering transform net.minecraft.network.chat.MutableComponent
[19:18:45] [main/DEBUG] (cpw.mods.modlauncher.LaunchPluginHandler) LauncherPluginService unprotect offering transform net.minecraft.network.chat.MutableComponent
[19:18:45] [main/DEBUG] (cpw.mods.modlauncher.LaunchPluginHandler) LauncherPluginService unprotect transformed net.minecraft.network.chat.MutableComponent with class compute flags 2
[19:18:45] [main/DEBUG] (cpw.mods.modlauncher.LaunchPluginHandler) LauncherPluginService runtimedistcleaner offering transform net.minecraft.network.chat.MutableComponent
[19:18:45] [main/DEBUG] (cpw.mods.modlauncher.LaunchPluginHandler) Final flags state for net.minecraft.network.chat.MutableComponent is 2
[19:18:45] [main/DEBUG] (cpw.mods.modlauncher.LaunchPluginHandler) LaunchPluginService {AFTER=[org.spongepowered.asm.launch.MixinLaunchPlugin@5a1c0bcc, net.neoforged.fml.common.asm.RuntimeEnumExtender@2799f9a, juuxel.unprotect.UnprotectLaunchPlugin@3e6f3ad5, net.neoforged.fml.common.asm.RuntimeDistCleaner@5f27d271]}
[19:18:45] [main/DEBUG] (cpw.mods.modlauncher.LaunchPluginHandler) Final flags state for net.minecraft.network.chat.Component is 0
[19:18:45] [main/DEBUG] (cpw.mods.modlauncher.LaunchPluginHandler) LauncherPluginService mixin offering transform net.minecraft.network.chat.Component
[19:18:45] [main/DEBUG] (cpw.mods.modlauncher.LaunchPluginHandler) LauncherPluginService runtime_enum_extender offering transform net.minecraft.network.chat.Component
[19:18:45] [main/DEBUG] (cpw.mods.modlauncher.LaunchPluginHandler) LauncherPluginService unprotect offering transform net.minecraft.network.chat.Component
[19:18:45] [main/DEBUG] (cpw.mods.modlauncher.LaunchPluginHandler) LauncherPluginService runtimedistcleaner offering transform net.minecraft.network.chat.Component
[19:18:45] [main/DEBUG] (cpw.mods.modlauncher.LaunchPluginHandler) Final flags state for net.minecraft.network.chat.Component is 0
[19:18:45] [main/DEBUG] (cpw.mods.modlauncher.LaunchPluginHandler) LaunchPluginService {AFTER=[org.spongepowered.asm.launch.MixinLaunchPlugin@5a1c0bcc, net.neoforged.fml.common.asm.RuntimeEnumExtender@2799f9a, net.neoforged.fml.common.asm.RuntimeDistCleaner@5f27d271]}
[19:18:45] [main/DEBUG] (cpw.mods.modlauncher.LaunchPluginHandler) Final flags state for com.mojang.brigadier.Message is 0
[19:18:45] [main/DEBUG] (cpw.mods.modlauncher.LaunchPluginHandler) LauncherPluginService mixin offering transform com.mojang.brigadier.Message
[19:18:45] [main/DEBUG] (cpw.mods.modlauncher.LaunchPluginHandler) LauncherPluginService runtime_enum_extender offering transform com.mojang.brigadier.Message
[19:18:45] [main/DEBUG] (cpw.mods.modlauncher.LaunchPluginHandler) LauncherPluginService runtimedistcleaner offering transform com.mojang.brigadier.Message
[19:18:45] [main/DEBUG] (cpw.mods.modlauncher.LaunchPluginHandler) Final flags state for com.mojang.brigadier.Message is 0
[19:18:45] [main/DEBUG] (cpw.mods.modlauncher.LaunchPluginHandler) LaunchPluginService {AFTER=[org.spongepowered.asm.launch.MixinLaunchPlugin@5a1c0bcc, net.neoforged.fml.common.asm.RuntimeEnumExtender@2799f9a, juuxel.unprotect.UnprotectLaunchPlugin@3e6f3ad5, net.neoforged.fml.common.asm.RuntimeDistCleaner@5f27d271]}
[19:18:45] [main/DEBUG] (cpw.mods.modlauncher.LaunchPluginHandler) Final flags state for net.minecraft.network.chat.FormattedText is 0
[19:18:45] [main/DEBUG] (cpw.mods.modlauncher.LaunchPluginHandler) LauncherPluginService mixin offering transform net.minecraft.network.chat.FormattedText
[19:18:45] [main/DEBUG] (cpw.mods.modlauncher.LaunchPluginHandler) LauncherPluginService runtime_enum_extender offering transform net.minecraft.network.chat.FormattedText
[19:18:45] [main/DEBUG] (cpw.mods.modlauncher.LaunchPluginHandler) LauncherPluginService unprotect offering transform net.minecraft.network.chat.FormattedText
[19:18:45] [main/DEBUG] (cpw.mods.modlauncher.LaunchPluginHandler) LauncherPluginService unprotect transformed net.minecraft.network.chat.FormattedText with class compute flags 2
[19:18:45] [main/DEBUG] (cpw.mods.modlauncher.LaunchPluginHandler) LauncherPluginService runtimedistcleaner offering transform net.minecraft.network.chat.FormattedText
[19:18:45] [main/DEBUG] (cpw.mods.modlauncher.LaunchPluginHandler) Final flags state for net.minecraft.network.chat.FormattedText is 2
[19:18:45] [main/DEBUG] (cpw.mods.modlauncher.LaunchPluginHandler) LaunchPluginService {AFTER=[org.spongepowered.asm.launch.MixinLaunchPlugin@5a1c0bcc, net.neoforged.fml.common.asm.RuntimeEnumExtender@2799f9a, juuxel.unprotect.UnprotectLaunchPlugin@3e6f3ad5, net.neoforged.fml.common.asm.RuntimeDistCleaner@5f27d271]}
[19:18:45] [main/DEBUG] (cpw.mods.modlauncher.LaunchPluginHandler) Final flags state for net.minecraft.core.BlockPos is 0
[19:18:45] [main/DEBUG] (cpw.mods.modlauncher.LaunchPluginHandler) LauncherPluginService mixin offering transform net.minecraft.core.BlockPos
[19:18:45] [main/DEBUG] (cpw.mods.modlauncher.LaunchPluginHandler) LauncherPluginService runtime_enum_extender offering transform net.minecraft.core.BlockPos
[19:18:45] [main/DEBUG] (cpw.mods.modlauncher.LaunchPluginHandler) LauncherPluginService unprotect offering transform net.minecraft.core.BlockPos
[19:18:45] [main/DEBUG] (cpw.mods.modlauncher.LaunchPluginHandler) LauncherPluginService unprotect transformed net.minecraft.core.BlockPos with class compute flags 2
[19:18:45] [main/DEBUG] (cpw.mods.modlauncher.LaunchPluginHandler) LauncherPluginService runtimedistcleaner offering transform net.minecraft.core.BlockPos
[19:18:45] [main/DEBUG] (cpw.mods.modlauncher.LaunchPluginHandler) Final flags state for net.minecraft.core.BlockPos is 2
[19:18:45] [main/DEBUG] (cpw.mods.modlauncher.LaunchPluginHandler) LaunchPluginService {AFTER=[org.spongepowered.asm.launch.MixinLaunchPlugin@5a1c0bcc, net.neoforged.fml.common.asm.RuntimeEnumExtender@2799f9a, juuxel.unprotect.UnprotectLaunchPlugin@3e6f3ad5, net.neoforged.fml.common.asm.RuntimeDistCleaner@5f27d271]}
[19:18:45] [main/DEBUG] (cpw.mods.modlauncher.LaunchPluginHandler) Final flags state for net.minecraft.core.Vec3i is 0
[19:18:45] [main/DEBUG] (cpw.mods.modlauncher.LaunchPluginHandler) LauncherPluginService mixin offering transform net.minecraft.core.Vec3i
[19:18:45] [main/DEBUG] (cpw.mods.modlauncher.LaunchPluginHandler) LauncherPluginService runtime_enum_extender offering transform net.minecraft.core.Vec3i
[19:18:45] [main/DEBUG] (cpw.mods.modlauncher.LaunchPluginHandler) LauncherPluginService unprotect offering transform net.minecraft.core.Vec3i
[19:18:45] [main/DEBUG] (cpw.mods.modlauncher.LaunchPluginHandler) LauncherPluginService unprotect transformed net.minecraft.core.Vec3i with class compute flags 2
[19:18:45] [main/DEBUG] (cpw.mods.modlauncher.LaunchPluginHandler) LauncherPluginService runtimedistcleaner offering transform net.minecraft.core.Vec3i
[19:18:45] [main/DEBUG] (cpw.mods.modlauncher.LaunchPluginHandler) Final flags state for net.minecraft.core.Vec3i is 2
[19:18:45] [main/DEBUG] (cpw.mods.modlauncher.LaunchPluginHandler) LaunchPluginService {AFTER=[org.spongepowered.asm.launch.MixinLaunchPlugin@5a1c0bcc, net.neoforged.fml.common.asm.RuntimeEnumExtender@2799f9a, juuxel.unprotect.UnprotectLaunchPlugin@3e6f3ad5, net.neoforged.fml.common.asm.RuntimeDistCleaner@5f27d271]}
[19:18:45] [main/DEBUG] (cpw.mods.modlauncher.LaunchPluginHandler) Final flags state for net.minecraft.nbt.ListTag is 0
[19:18:45] [main/DEBUG] (cpw.mods.modlauncher.LaunchPluginHandler) LauncherPluginService mixin offering transform net.minecraft.nbt.ListTag
[19:18:45] [main/DEBUG] (cpw.mods.modlauncher.LaunchPluginHandler) LauncherPluginService runtime_enum_extender offering transform net.minecraft.nbt.ListTag
[19:18:45] [main/DEBUG] (cpw.mods.modlauncher.LaunchPluginHandler) LauncherPluginService unprotect offering transform net.minecraft.nbt.ListTag
[19:18:45] [main/DEBUG] (cpw.mods.modlauncher.LaunchPluginHandler) LauncherPluginService unprotect transformed net.minecraft.nbt.ListTag with class compute flags 2
[19:18:45] [main/DEBUG] (cpw.mods.modlauncher.LaunchPluginHandler) LauncherPluginService runtimedistcleaner offering transform net.minecraft.nbt.ListTag
[19:18:45] [main/DEBUG] (cpw.mods.modlauncher.LaunchPluginHandler) Final flags state for net.minecraft.nbt.ListTag is 2
[19:18:45] [main/DEBUG] (cpw.mods.modlauncher.LaunchPluginHandler) LaunchPluginService {AFTER=[org.spongepowered.asm.launch.MixinLaunchPlugin@5a1c0bcc, net.neoforged.fml.common.asm.RuntimeEnumExtender@2799f9a, juuxel.unprotect.UnprotectLaunchPlugin@3e6f3ad5, net.neoforged.fml.common.asm.RuntimeDistCleaner@5f27d271]}
[19:18:45] [main/DEBUG] (cpw.mods.modlauncher.LaunchPluginHandler) Final flags state for net.minecraft.nbt.CollectionTag is 0
[19:18:45] [main/DEBUG] (cpw.mods.modlauncher.LaunchPluginHandler) LauncherPluginService mixin offering transform net.minecraft.nbt.CollectionTag
[19:18:45] [main/DEBUG] (cpw.mods.modlauncher.LaunchPluginHandler) LauncherPluginService runtime_enum_extender offering transform net.minecraft.nbt.CollectionTag
[19:18:45] [main/DEBUG] (cpw.mods.modlauncher.LaunchPluginHandler) LauncherPluginService unprotect offering transform net.minecraft.nbt.CollectionTag
[19:18:45] [main/DEBUG] (cpw.mods.modlauncher.LaunchPluginHandler) LauncherPluginService runtimedistcleaner offering transform net.minecraft.nbt.CollectionTag
[19:18:45] [main/DEBUG] (cpw.mods.modlauncher.LaunchPluginHandler) Final flags state for net.minecraft.nbt.CollectionTag is 0
[19:18:45] [main/DEBUG] (cpw.mods.modlauncher.LaunchPluginHandler) LaunchPluginService {AFTER=[org.spongepowered.asm.launch.MixinLaunchPlugin@5a1c0bcc, net.neoforged.fml.common.asm.RuntimeEnumExtender@2799f9a, net.neoforged.fml.common.asm.RuntimeDistCleaner@5f27d271]}
[19:18:45] [main/DEBUG] (cpw.mods.modlauncher.LaunchPluginHandler) Final flags state for java.util.AbstractList is 0
[19:18:45] [main/DEBUG] (cpw.mods.modlauncher.LaunchPluginHandler) LauncherPluginService mixin offering transform java.util.AbstractList
[19:18:45] [main/DEBUG] (cpw.mods.modlauncher.LaunchPluginHandler) LauncherPluginService runtime_enum_extender offering transform java.util.AbstractList
[19:18:45] [main/DEBUG] (cpw.mods.modlauncher.LaunchPluginHandler) LauncherPluginService runtimedistcleaner offering transform java.util.AbstractList
[19:18:45] [main/DEBUG] (cpw.mods.modlauncher.LaunchPluginHandler) Final flags state for java.util.AbstractList is 0
[19:18:45] [main/DEBUG] (cpw.mods.modlauncher.LaunchPluginHandler) LaunchPluginService {AFTER=[org.spongepowered.asm.launch.MixinLaunchPlugin@5a1c0bcc, net.neoforged.fml.common.asm.RuntimeEnumExtender@2799f9a, net.neoforged.fml.common.asm.RuntimeDistCleaner@5f27d271]}
[19:18:45] [main/DEBUG] (cpw.mods.modlauncher.LaunchPluginHandler) Final flags state for java.util.AbstractCollection is 0
[19:18:45] [main/DEBUG] (cpw.mods.modlauncher.LaunchPluginHandler) LauncherPluginService mixin offering transform java.util.AbstractCollection
[19:18:45] [main/DEBUG] (cpw.mods.modlauncher.LaunchPluginHandler) LauncherPluginService runtime_enum_extender offering transform java.util.AbstractCollection
[19:18:45] [main/DEBUG] (cpw.mods.modlauncher.LaunchPluginHandler) LauncherPluginService runtimedistcleaner offering transform java.util.AbstractCollection
[19:18:45] [main/DEBUG] (cpw.mods.modlauncher.LaunchPluginHandler) Final flags state for java.util.AbstractCollection is 0
[19:18:45] [main/DEBUG] (cpw.mods.modlauncher.LaunchPluginHandler) LaunchPluginService {AFTER=[org.spongepowered.asm.launch.MixinLaunchPlugin@5a1c0bcc, net.neoforged.fml.common.asm.RuntimeEnumExtender@2799f9a, juuxel.unprotect.UnprotectLaunchPlugin@3e6f3ad5, net.neoforged.fml.common.asm.RuntimeDistCleaner@5f27d271]}
[19:18:45] [main/DEBUG] (cpw.mods.modlauncher.LaunchPluginHandler) Final flags state for net.minecraft.nbt.Tag is 0
[19:18:45] [main/DEBUG] (cpw.mods.modlauncher.LaunchPluginHandler) LauncherPluginService mixin offering transform net.minecraft.nbt.Tag
[19:18:45] [main/DEBUG] (cpw.mods.modlauncher.LaunchPluginHandler) LauncherPluginService runtime_enum_extender offering transform net.minecraft.nbt.Tag
[19:18:45] [main/DEBUG] (cpw.mods.modlauncher.LaunchPluginHandler) LauncherPluginService unprotect offering transform net.minecraft.nbt.Tag
[19:18:45] [main/DEBUG] (cpw.mods.modlauncher.LaunchPluginHandler) LauncherPluginService runtimedistcleaner offering transform net.minecraft.nbt.Tag
[19:18:45] [main/DEBUG] (cpw.mods.modlauncher.LaunchPluginHandler) Final flags state for net.minecraft.nbt.Tag is 0
[19:18:45] [main/DEBUG] (cpw.mods.modlauncher.LaunchPluginHandler) LaunchPluginService {AFTER=[org.spongepowered.asm.launch.MixinLaunchPlugin@5a1c0bcc, net.neoforged.fml.common.asm.RuntimeEnumExtender@2799f9a, juuxel.unprotect.UnprotectLaunchPlugin@3e6f3ad5, net.neoforged.fml.common.asm.RuntimeDistCleaner@5f27d271]}
[19:18:45] [main/DEBUG] (cpw.mods.modlauncher.LaunchPluginHandler) Final flags state for net.minecraft.nbt.CompoundTag is 0
[19:18:45] [main/DEBUG] (cpw.mods.modlauncher.LaunchPluginHandler) LauncherPluginService mixin offering transform net.minecraft.nbt.CompoundTag
[19:18:45] [main/DEBUG] (cpw.mods.modlauncher.LaunchPluginHandler) LauncherPluginService runtime_enum_extender offering transform net.minecraft.nbt.CompoundTag
[19:18:45] [main/DEBUG] (cpw.mods.modlauncher.LaunchPluginHandler) LauncherPluginService unprotect offering transform net.minecraft.nbt.CompoundTag
[19:18:45] [main/DEBUG] (cpw.mods.modlauncher.LaunchPluginHandler) LauncherPluginService unprotect transformed net.minecraft.nbt.CompoundTag with class compute flags 2
[19:18:45] [main/DEBUG] (cpw.mods.modlauncher.LaunchPluginHandler) LauncherPluginService runtimedistcleaner offering transform net.minecraft.nbt.CompoundTag
[19:18:45] [main/DEBUG] (cpw.mods.modlauncher.LaunchPluginHandler) Final flags state for net.minecraft.nbt.CompoundTag is 2
[19:18:45] [main/DEBUG] (mixin) Preparing architectury-common.mixins.json (10)
[19:18:45] [main/DEBUG] (cpw.mods.modlauncher.LaunchPluginHandler) LaunchPluginService {AFTER=[net.neoforged.fml.common.asm.RuntimeEnumExtender@2799f9a, net.neoforged.fml.common.asm.RuntimeDistCleaner@5f27d271]}
[19:18:45] [main/DEBUG] (cpw.mods.modlauncher.LaunchPluginHandler) Final flags state for dev.architectury.mixin.inject.MixinBlock is 0
[19:18:45] [main/DEBUG] (cpw.mods.modlauncher.LaunchPluginHandler) LauncherPluginService runtime_enum_extender offering transform dev.architectury.mixin.inject.MixinBlock
[19:18:45] [main/DEBUG] (cpw.mods.modlauncher.LaunchPluginHandler) LauncherPluginService runtimedistcleaner offering transform dev.architectury.mixin.inject.MixinBlock
[19:18:45] [main/DEBUG] (cpw.mods.modlauncher.LaunchPluginHandler) Final flags state for dev.architectury.mixin.inject.MixinBlock is 0
[19:18:45] [main/DEBUG] (cpw.mods.modlauncher.LaunchPluginHandler) LaunchPluginService {AFTER=[net.neoforged.fml.common.asm.RuntimeEnumExtender@2799f9a, net.neoforged.fml.common.asm.RuntimeDistCleaner@5f27d271]}
[19:18:45] [main/DEBUG] (cpw.mods.modlauncher.LaunchPluginHandler) Final flags state for dev.architectury.mixin.inject.MixinBucketItem is 0
[19:18:45] [main/DEBUG] (cpw.mods.modlauncher.LaunchPluginHandler) LauncherPluginService runtime_enum_extender offering transform dev.architectury.mixin.inject.MixinBucketItem
[19:18:45] [main/DEBUG] (cpw.mods.modlauncher.LaunchPluginHandler) LauncherPluginService runtimedistcleaner offering transform dev.architectury.mixin.inject.MixinBucketItem
[19:18:45] [main/DEBUG] (cpw.mods.modlauncher.LaunchPluginHandler) Final flags state for dev.architectury.mixin.inject.MixinBucketItem is 0
[19:18:45] [main/DEBUG] (cpw.mods.modlauncher.LaunchPluginHandler) LaunchPluginService {AFTER=[net.neoforged.fml.common.asm.RuntimeEnumExtender@2799f9a, net.neoforged.fml.common.asm.RuntimeDistCleaner@5f27d271]}
[19:18:45] [main/DEBUG] (cpw.mods.modlauncher.LaunchPluginHandler) Final flags state for dev.architectury.mixin.inject.MixinEntityType is 0
[19:18:45] [main/DEBUG] (cpw.mods.modlauncher.LaunchPluginHandler) LauncherPluginService runtime_enum_extender offering transform dev.architectury.mixin.inject.MixinEntityType
[19:18:45] [main/DEBUG] (cpw.mods.modlauncher.LaunchPluginHandler) LauncherPluginService runtimedistcleaner offering transform dev.architectury.mixin.inject.MixinEntityType
[19:18:45] [main/DEBUG] (cpw.mods.modlauncher.LaunchPluginHandler) Final flags state for dev.architectury.mixin.inject.MixinEntityType is 0
[19:18:45] [main/DEBUG] (cpw.mods.modlauncher.LaunchPluginHandler) LaunchPluginService {AFTER=[net.neoforged.fml.common.asm.RuntimeEnumExtender@2799f9a, net.neoforged.fml.common.asm.RuntimeDistCleaner@5f27d271]}
[19:18:45] [main/DEBUG] (cpw.mods.modlauncher.LaunchPluginHandler) Final flags state for dev.architectury.mixin.inject.MixinFluid is 0
[19:18:45] [main/DEBUG] (cpw.mods.modlauncher.LaunchPluginHandler) LauncherPluginService runtime_enum_extender offering transform dev.architectury.mixin.inject.MixinFluid
[19:18:45] [main/DEBUG] (cpw.mods.modlauncher.LaunchPluginHandler) LauncherPluginService runtimedistcleaner offering transform dev.architectury.mixin.inject.MixinFluid
[19:18:45] [main/DEBUG] (cpw.mods.modlauncher.LaunchPluginHandler) Final flags state for dev.architectury.mixin.inject.MixinFluid is 0
[19:18:45] [main/DEBUG] (cpw.mods.modlauncher.LaunchPluginHandler) LaunchPluginService {AFTER=[net.neoforged.fml.common.asm.RuntimeEnumExtender@2799f9a, net.neoforged.fml.common.asm.RuntimeDistCleaner@5f27d271]}
[19:18:45] [main/DEBUG] (cpw.mods.modlauncher.LaunchPluginHandler) Final flags state for dev.architectury.mixin.inject.MixinFoodPropertiesBuilder is 0
[19:18:45] [main/DEBUG] (cpw.mods.modlauncher.LaunchPluginHandler) LauncherPluginService runtime_enum_extender offering transform dev.architectury.mixin.inject.MixinFoodPropertiesBuilder
[19:18:45] [main/DEBUG] (cpw.mods.modlauncher.LaunchPluginHandler) LauncherPluginService runtimedistcleaner offering transform dev.architectury.mixin.inject.MixinFoodPropertiesBuilder
[19:18:45] [main/DEBUG] (cpw.mods.modlauncher.LaunchPluginHandler) Final flags state for dev.architectury.mixin.inject.MixinFoodPropertiesBuilder is 0
[19:18:45] [main/DEBUG] (cpw.mods.modlauncher.LaunchPluginHandler) LaunchPluginService {AFTER=[net.neoforged.fml.common.asm.RuntimeEnumExtender@2799f9a, net.neoforged.fml.common.asm.RuntimeDistCleaner@5f27d271]}
[19:18:45] [main/DEBUG] (cpw.mods.modlauncher.LaunchPluginHandler) Final flags state for dev.architectury.mixin.inject.MixinGameEvent is 0
[19:18:45] [main/DEBUG] (cpw.mods.modlauncher.LaunchPluginHandler) LauncherPluginService runtime_enum_extender offering transform dev.architectury.mixin.inject.MixinGameEvent
[19:18:45] [main/DEBUG] (cpw.mods.modlauncher.LaunchPluginHandler) LauncherPluginService runtimedistcleaner offering transform dev.architectury.mixin.inject.MixinGameEvent
[19:18:45] [main/DEBUG] (cpw.mods.modlauncher.LaunchPluginHandler) Final flags state for dev.architectury.mixin.inject.MixinGameEvent is 0
[19:18:45] [main/DEBUG] (cpw.mods.modlauncher.LaunchPluginHandler) LaunchPluginService {AFTER=[net.neoforged.fml.common.asm.RuntimeEnumExtender@2799f9a, net.neoforged.fml.common.asm.RuntimeDistCleaner@5f27d271]}
[19:18:45] [main/DEBUG] (cpw.mods.modlauncher.LaunchPluginHandler) Final flags state for dev.architectury.mixin.inject.MixinItem is 0
[19:18:45] [main/DEBUG] (cpw.mods.modlauncher.LaunchPluginHandler) LauncherPluginService runtime_enum_extender offering transform dev.architectury.mixin.inject.MixinItem
[19:18:45] [main/DEBUG] (cpw.mods.modlauncher.LaunchPluginHandler) LauncherPluginService runtimedistcleaner offering transform dev.architectury.mixin.inject.MixinItem
[19:18:45] [main/DEBUG] (cpw.mods.modlauncher.LaunchPluginHandler) Final flags state for dev.architectury.mixin.inject.MixinItem is 0
[19:18:45] [main/DEBUG] (cpw.mods.modlauncher.LaunchPluginHandler) LaunchPluginService {AFTER=[net.neoforged.fml.common.asm.RuntimeEnumExtender@2799f9a, net.neoforged.fml.common.asm.RuntimeDistCleaner@5f27d271]}
[19:18:45] [main/DEBUG] (cpw.mods.modlauncher.LaunchPluginHandler) Final flags state for dev.architectury.mixin.inject.MixinItemProperties is 0
[19:18:45] [main/DEBUG] (cpw.mods.modlauncher.LaunchPluginHandler) LauncherPluginService runtime_enum_extender offering transform dev.architectury.mixin.inject.MixinItemProperties
[19:18:45] [main/DEBUG] (cpw.mods.modlauncher.LaunchPluginHandler) LauncherPluginService runtimedistcleaner offering transform dev.architectury.mixin.inject.MixinItemProperties
[19:18:45] [main/DEBUG] (cpw.mods.modlauncher.LaunchPluginHandler) Final flags state for dev.architectury.mixin.inject.MixinItemProperties is 0
[19:18:45] [main/DEBUG] (cpw.mods.modlauncher.LaunchPluginHandler) LaunchPluginService {AFTER=[net.neoforged.fml.common.asm.RuntimeEnumExtender@2799f9a, net.neoforged.fml.common.asm.RuntimeDistCleaner@5f27d271]}
[19:18:45] [main/DEBUG] (cpw.mods.modlauncher.LaunchPluginHandler) Final flags state for dev.architectury.mixin.inject.MixinLiquidBlock is 0
[19:18:45] [main/DEBUG] (cpw.mods.modlauncher.LaunchPluginHandler) LauncherPluginService runtime_enum_extender offering transform dev.architectury.mixin.inject.MixinLiquidBlock
[19:18:45] [main/DEBUG] (cpw.mods.modlauncher.LaunchPluginHandler) LauncherPluginService runtimedistcleaner offering transform dev.architectury.mixin.inject.MixinLiquidBlock
[19:18:45] [main/DEBUG] (cpw.mods.modlauncher.LaunchPluginHandler) Final flags state for dev.architectury.mixin.inject.MixinLiquidBlock is 0
[19:18:45] [main/DEBUG] (cpw.mods.modlauncher.LaunchPluginHandler) LaunchPluginService {AFTER=[net.neoforged.fml.common.asm.RuntimeEnumExtender@2799f9a, net.neoforged.fml.common.asm.RuntimeDistCleaner@5f27d271]}
[19:18:45] [main/DEBUG] (cpw.mods.modlauncher.LaunchPluginHandler) Final flags state for dev.architectury.mixin.MixinLightningBolt is 0
[19:18:45] [main/DEBUG] (cpw.mods.modlauncher.LaunchPluginHandler) LauncherPluginService runtime_enum_extender offering transform dev.architectury.mixin.MixinLightningBolt
[19:18:45] [main/DEBUG] (cpw.mods.modlauncher.LaunchPluginHandler) LauncherPluginService runtimedistcleaner offering transform dev.architectury.mixin.MixinLightningBolt
[19:18:45] [main/DEBUG] (cpw.mods.modlauncher.LaunchPluginHandler) Final flags state for dev.architectury.mixin.MixinLightningBolt is 0
[19:18:45] [main/DEBUG] (cpw.mods.modlauncher.LaunchPluginHandler) LaunchPluginService {BEFORE=[net.neoforged.accesstransformer.ml.AccessTransformerService@597050fa], AFTER=[net.neoforged.fml.common.asm.RuntimeEnumExtender@2799f9a, juuxel.unprotect.UnprotectLaunchPlugin@3e6f3ad5, net.neoforged.fml.common.asm.RuntimeDistCleaner@5f27d271]}
[19:18:45] [main/DEBUG] (cpw.mods.modlauncher.LaunchPluginHandler) LauncherPluginService accesstransformer offering transform net.minecraft.world.level.block.Block
[19:18:45] [main/DEBUG] (net.neoforged.accesstransformer.AccessTransformer) Transforming net.minecraft.world.level.block.Block METHOD popExperience(Lnet/minecraft/server/level/ServerLevel;Lnet/minecraft/core/BlockPos;I)V to access PUBLIC and LEAVE
[19:18:45] [main/DEBUG] (cpw.mods.modlauncher.LaunchPluginHandler) LauncherPluginService accesstransformer transformed net.minecraft.world.level.block.Block with class compute flags 256
[19:18:45] [main/DEBUG] (cpw.mods.modlauncher.LaunchPluginHandler) Final flags state for net.minecraft.world.level.block.Block is 256
[19:18:45] [main/DEBUG] (cpw.mods.modlauncher.LaunchPluginHandler) LauncherPluginService runtime_enum_extender offering transform net.minecraft.world.level.block.Block
[19:18:45] [main/DEBUG] (cpw.mods.modlauncher.LaunchPluginHandler) LauncherPluginService unprotect offering transform net.minecraft.world.level.block.Block
[19:18:45] [main/DEBUG] (cpw.mods.modlauncher.LaunchPluginHandler) LauncherPluginService unprotect transformed net.minecraft.world.level.block.Block with class compute flags 2
[19:18:45] [main/DEBUG] (cpw.mods.modlauncher.LaunchPluginHandler) LauncherPluginService runtimedistcleaner offering transform net.minecraft.world.level.block.Block
[19:18:45] [main/DEBUG] (cpw.mods.modlauncher.LaunchPluginHandler) Final flags state for net.minecraft.world.level.block.Block is 2
[19:18:45] [main/DEBUG] (cpw.mods.modlauncher.LaunchPluginHandler) LaunchPluginService {AFTER=[net.neoforged.fml.common.asm.RuntimeEnumExtender@2799f9a, juuxel.unprotect.UnprotectLaunchPlugin@3e6f3ad5, net.neoforged.fml.common.asm.RuntimeDistCleaner@5f27d271]}
[19:18:45] [main/DEBUG] (cpw.mods.modlauncher.LaunchPluginHandler) Final flags state for net.minecraft.world.item.BucketItem is 0
[19:18:45] [background-scan-handler-0/DEBUG] (net.neoforged.fml.loading.moddiscovery.MinecraftLocator) Scan finished: Mod File: C:\Users\James.M\.gradle\caches\fabric-loom\minecraftMaven\net\minecraft\neoforge-20.4.239-minecraft-merged\1.20.4-loom.mappings.1_20_4.layered+hash.40359-v2-neoforge-20.4.239\neoforge-20.4.239-minecraft-merged-1.20.4-loom.mappings.1_20_4.layered+hash.40359-v2-neoforge-20.4.239.jar
[19:18:45] [background-scan-handler-0/DEBUG] (net.neoforged.fml.loading.moddiscovery.Scanner) Scanning C:\Users\James.M\.gradle\caches\fabric-loom\minecraftMaven\net\minecraft\neoforge-20.4.239-minecraft-merged\1.20.4-loom.mappings.1_20_4.layered+hash.40359-v2-neoforge-20.4.239\neoforge-20.4.239-minecraft-merged-1.20.4-loom.mappings.1_20_4.layered+hash.40359-v2-neoforge-20.4.239.jar with language loader minecraft
[19:18:45] [main/DEBUG] (net.neoforged.coremod.transformer.CoreModBaseTransformer) Transforming net/minecraft/world/item/BucketItem
[19:18:45] [main/DEBUG] (cpw.mods.modlauncher.LaunchPluginHandler) LauncherPluginService runtime_enum_extender offering transform net.minecraft.world.item.BucketItem
[19:18:45] [main/DEBUG] (cpw.mods.modlauncher.LaunchPluginHandler) LauncherPluginService unprotect offering transform net.minecraft.world.item.BucketItem
[19:18:45] [main/DEBUG] (cpw.mods.modlauncher.LaunchPluginHandler) LauncherPluginService unprotect transformed net.minecraft.world.item.BucketItem with class compute flags 2
[19:18:45] [main/DEBUG] (cpw.mods.modlauncher.LaunchPluginHandler) LauncherPluginService runtimedistcleaner offering transform net.minecraft.world.item.BucketItem
[19:18:45] [main/DEBUG] (cpw.mods.modlauncher.LaunchPluginHandler) Final flags state for net.minecraft.world.item.BucketItem is 2
[19:18:45] [main/DEBUG] (cpw.mods.modlauncher.LaunchPluginHandler) LaunchPluginService {AFTER=[net.neoforged.fml.common.asm.RuntimeEnumExtender@2799f9a, juuxel.unprotect.UnprotectLaunchPlugin@3e6f3ad5, net.neoforged.fml.common.asm.RuntimeDistCleaner@5f27d271]}
[19:18:45] [main/DEBUG] (cpw.mods.modlauncher.LaunchPluginHandler) Final flags state for net.minecraft.world.entity.EntityType is 0
[19:18:45] [main/DEBUG] (net.neoforged.coremod.transformer.CoreModBaseTransformer) Transforming net/minecraft/world/entity/EntityType
[19:18:45] [main/DEBUG] (cpw.mods.modlauncher.LaunchPluginHandler) LauncherPluginService runtime_enum_extender offering transform net.minecraft.world.entity.EntityType
[19:18:45] [main/DEBUG] (cpw.mods.modlauncher.LaunchPluginHandler) LauncherPluginService unprotect offering transform net.minecraft.world.entity.EntityType
[19:18:45] [main/DEBUG] (cpw.mods.modlauncher.LaunchPluginHandler) LauncherPluginService unprotect transformed net.minecraft.world.entity.EntityType with class compute flags 2
[19:18:45] [main/DEBUG] (cpw.mods.modlauncher.LaunchPluginHandler) LauncherPluginService runtimedistcleaner offering transform net.minecraft.world.entity.EntityType
[19:18:45] [main/DEBUG] (cpw.mods.modlauncher.LaunchPluginHandler) Final flags state for net.minecraft.world.entity.EntityType is 2
[19:18:45] [main/DEBUG] (cpw.mods.modlauncher.LaunchPluginHandler) LaunchPluginService {AFTER=[net.neoforged.fml.common.asm.RuntimeEnumExtender@2799f9a, juuxel.unprotect.UnprotectLaunchPlugin@3e6f3ad5, net.neoforged.fml.common.asm.RuntimeDistCleaner@5f27d271]}
[19:18:45] [main/DEBUG] (cpw.mods.modlauncher.LaunchPluginHandler) Final flags state for net.minecraft.world.level.material.Fluid is 0
[19:18:45] [main/DEBUG] (cpw.mods.modlauncher.LaunchPluginHandler) LauncherPluginService runtime_enum_extender offering transform net.minecraft.world.level.material.Fluid
[19:18:45] [main/DEBUG] (cpw.mods.modlauncher.LaunchPluginHandler) LauncherPluginService unprotect offering transform net.minecraft.world.level.material.Fluid
[19:18:45] [main/DEBUG] (cpw.mods.modlauncher.LaunchPluginHandler) LauncherPluginService unprotect transformed net.minecraft.world.level.material.Fluid with class compute flags 2
[19:18:45] [main/DEBUG] (cpw.mods.modlauncher.LaunchPluginHandler) LauncherPluginService runtimedistcleaner offering transform net.minecraft.world.level.material.Fluid
[19:18:45] [main/DEBUG] (cpw.mods.modlauncher.LaunchPluginHandler) Final flags state for net.minecraft.world.level.material.Fluid is 2
[19:18:45] [main/DEBUG] (cpw.mods.modlauncher.LaunchPluginHandler) LaunchPluginService {AFTER=[net.neoforged.fml.common.asm.RuntimeEnumExtender@2799f9a, juuxel.unprotect.UnprotectLaunchPlugin@3e6f3ad5, net.neoforged.fml.common.asm.RuntimeDistCleaner@5f27d271]}
[19:18:45] [main/DEBUG] (cpw.mods.modlauncher.LaunchPluginHandler) Final flags state for net.minecraft.world.food.FoodProperties$Builder is 0
[19:18:45] [main/DEBUG] (cpw.mods.modlauncher.LaunchPluginHandler) LauncherPluginService runtime_enum_extender offering transform net.minecraft.world.food.FoodProperties$Builder
[19:18:45] [main/DEBUG] (cpw.mods.modlauncher.LaunchPluginHandler) LauncherPluginService unprotect offering transform net.minecraft.world.food.FoodProperties$Builder
[19:18:45] [main/DEBUG] (cpw.mods.modlauncher.LaunchPluginHandler) LauncherPluginService runtimedistcleaner offering transform net.minecraft.world.food.FoodProperties$Builder
[19:18:45] [main/DEBUG] (cpw.mods.modlauncher.LaunchPluginHandler) Final flags state for net.minecraft.world.food.FoodProperties$Builder is 0
[19:18:45] [main/DEBUG] (cpw.mods.modlauncher.LaunchPluginHandler) LaunchPluginService {AFTER=[net.neoforged.fml.common.asm.RuntimeEnumExtender@2799f9a, juuxel.unprotect.UnprotectLaunchPlugin@3e6f3ad5, net.neoforged.fml.common.asm.RuntimeDistCleaner@5f27d271]}
[19:18:45] [main/DEBUG] (cpw.mods.modlauncher.LaunchPluginHandler) Final flags state for net.minecraft.world.level.gameevent.GameEvent is 0
[19:18:45] [main/DEBUG] (cpw.mods.modlauncher.LaunchPluginHandler) LauncherPluginService runtime_enum_extender offering transform net.minecraft.world.level.gameevent.GameEvent
[19:18:45] [main/DEBUG] (cpw.mods.modlauncher.LaunchPluginHandler) LauncherPluginService unprotect offering transform net.minecraft.world.level.gameevent.GameEvent
[19:18:45] [main/DEBUG] (cpw.mods.modlauncher.LaunchPluginHandler) LauncherPluginService unprotect transformed net.minecraft.world.level.gameevent.GameEvent with class compute flags 2
[19:18:45] [main/DEBUG] (cpw.mods.modlauncher.LaunchPluginHandler) LauncherPluginService runtimedistcleaner offering transform net.minecraft.world.level.gameevent.GameEvent
[19:18:45] [main/DEBUG] (cpw.mods.modlauncher.LaunchPluginHandler) Final flags state for net.minecraft.world.level.gameevent.GameEvent is 2
[19:18:45] [main/DEBUG] (cpw.mods.modlauncher.LaunchPluginHandler) LaunchPluginService {AFTER=[net.neoforged.fml.common.asm.RuntimeEnumExtender@2799f9a, juuxel.unprotect.UnprotectLaunchPlugin@3e6f3ad5, net.neoforged.fml.common.asm.RuntimeDistCleaner@5f27d271]}
[19:18:45] [main/DEBUG] (cpw.mods.modlauncher.LaunchPluginHandler) Final flags state for net.minecraft.world.item.Item is 0
[19:18:45] [main/DEBUG] (cpw.mods.modlauncher.LaunchPluginHandler) LauncherPluginService runtime_enum_extender offering transform net.minecraft.world.item.Item
[19:18:45] [main/DEBUG] (cpw.mods.modlauncher.LaunchPluginHandler) LauncherPluginService unprotect offering transform net.minecraft.world.item.Item
[19:18:45] [main/DEBUG] (cpw.mods.modlauncher.LaunchPluginHandler) LauncherPluginService unprotect transformed net.minecraft.world.item.Item with class compute flags 2
[19:18:45] [main/DEBUG] (cpw.mods.modlauncher.LaunchPluginHandler) LauncherPluginService runtimedistcleaner offering transform net.minecraft.world.item.Item
[19:18:45] [main/DEBUG] (cpw.mods.modlauncher.LaunchPluginHandler) Final flags state for net.minecraft.world.item.Item is 2
[19:18:45] [main/DEBUG] (cpw.mods.modlauncher.LaunchPluginHandler) LaunchPluginService {AFTER=[net.neoforged.fml.common.asm.RuntimeEnumExtender@2799f9a, juuxel.unprotect.UnprotectLaunchPlugin@3e6f3ad5, net.neoforged.fml.common.asm.RuntimeDistCleaner@5f27d271]}
[19:18:45] [main/DEBUG] (cpw.mods.modlauncher.LaunchPluginHandler) Final flags state for net.minecraft.world.item.Item$Properties is 0
[19:18:45] [main/DEBUG] (cpw.mods.modlauncher.LaunchPluginHandler) LauncherPluginService runtime_enum_extender offering transform net.minecraft.world.item.Item$Properties
[19:18:45] [main/DEBUG] (cpw.mods.modlauncher.LaunchPluginHandler) LauncherPluginService unprotect offering transform net.minecraft.world.item.Item$Properties
[19:18:45] [main/DEBUG] (cpw.mods.modlauncher.LaunchPluginHandler) LauncherPluginService unprotect transformed net.minecraft.world.item.Item$Properties with class compute flags 2
[19:18:45] [main/DEBUG] (cpw.mods.modlauncher.LaunchPluginHandler) LauncherPluginService runtimedistcleaner offering transform net.minecraft.world.item.Item$Properties
[19:18:45] [main/DEBUG] (cpw.mods.modlauncher.LaunchPluginHandler) Final flags state for net.minecraft.world.item.Item$Properties is 2
[19:18:45] [main/DEBUG] (cpw.mods.modlauncher.LaunchPluginHandler) LaunchPluginService {BEFORE=[net.neoforged.accesstransformer.ml.AccessTransformerService@597050fa], AFTER=[net.neoforged.fml.common.asm.RuntimeEnumExtender@2799f9a, juuxel.unprotect.UnprotectLaunchPlugin@3e6f3ad5, net.neoforged.fml.common.asm.RuntimeDistCleaner@5f27d271]}
[19:18:45] [main/DEBUG] (cpw.mods.modlauncher.LaunchPluginHandler) LauncherPluginService accesstransformer offering transform net.minecraft.world.level.block.LiquidBlock
[19:18:45] [main/DEBUG] (net.neoforged.accesstransformer.AccessTransformer) Transforming net.minecraft.world.level.block.LiquidBlock METHOD <init>(Lnet/minecraft/world/level/material/FlowingFluid;Lnet/minecraft/world/level/block/state/BlockBehaviour$Properties;)V to access PUBLIC and LEAVE
[19:18:45] [main/DEBUG] (cpw.mods.modlauncher.LaunchPluginHandler) LauncherPluginService accesstransformer transformed net.minecraft.world.level.block.LiquidBlock with class compute flags 256
[19:18:45] [main/DEBUG] (cpw.mods.modlauncher.LaunchPluginHandler) Final flags state for net.minecraft.world.level.block.LiquidBlock is 256
[19:18:45] [main/DEBUG] (net.neoforged.coremod.transformer.CoreModBaseTransformer) Transforming net/minecraft/world/level/block/LiquidBlock
[19:18:45] [main/DEBUG] (cpw.mods.modlauncher.LaunchPluginHandler) LauncherPluginService runtime_enum_extender offering transform net.minecraft.world.level.block.LiquidBlock
[19:18:45] [main/DEBUG] (cpw.mods.modlauncher.LaunchPluginHandler) LauncherPluginService unprotect offering transform net.minecraft.world.level.block.LiquidBlock
[19:18:45] [main/DEBUG] (cpw.mods.modlauncher.LaunchPluginHandler) LauncherPluginService unprotect transformed net.minecraft.world.level.block.LiquidBlock with class compute flags 2
[19:18:45] [main/DEBUG] (cpw.mods.modlauncher.LaunchPluginHandler) LauncherPluginService runtimedistcleaner offering transform net.minecraft.world.level.block.LiquidBlock
[19:18:45] [main/DEBUG] (cpw.mods.modlauncher.LaunchPluginHandler) Final flags state for net.minecraft.world.level.block.LiquidBlock is 2
[19:18:45] [main/DEBUG] (cpw.mods.modlauncher.LaunchPluginHandler) LaunchPluginService {AFTER=[net.neoforged.fml.common.asm.RuntimeEnumExtender@2799f9a, juuxel.unprotect.UnprotectLaunchPlugin@3e6f3ad5, net.neoforged.fml.common.asm.RuntimeDistCleaner@5f27d271]}
[19:18:45] [main/DEBUG] (cpw.mods.modlauncher.LaunchPluginHandler) Final flags state for net.minecraft.world.entity.LightningBolt is 0
[19:18:45] [main/DEBUG] (cpw.mods.modlauncher.LaunchPluginHandler) LauncherPluginService runtime_enum_extender offering transform net.minecraft.world.entity.LightningBolt
[19:18:45] [main/DEBUG] (cpw.mods.modlauncher.LaunchPluginHandler) LauncherPluginService unprotect offering transform net.minecraft.world.entity.LightningBolt
[19:18:45] [main/DEBUG] (cpw.mods.modlauncher.LaunchPluginHandler) LauncherPluginService unprotect transformed net.minecraft.world.entity.LightningBolt with class compute flags 2
[19:18:45] [main/DEBUG] (cpw.mods.modlauncher.LaunchPluginHandler) LauncherPluginService runtimedistcleaner offering transform net.minecraft.world.entity.LightningBolt
[19:18:45] [main/DEBUG] (cpw.mods.modlauncher.LaunchPluginHandler) Final flags state for net.minecraft.world.entity.LightningBolt is 2
[19:18:45] [main/DEBUG] (mixin) Preparing veins.mixins.json (1)
[19:18:45] [main/DEBUG] (cpw.mods.modlauncher.LaunchPluginHandler) LaunchPluginService {AFTER=[net.neoforged.fml.common.asm.RuntimeEnumExtender@2799f9a, net.neoforged.fml.common.asm.RuntimeDistCleaner@5f27d271]}
[19:18:45] [main/DEBUG] (cpw.mods.modlauncher.LaunchPluginHandler) Final flags state for com.fluffy.mixin.VeinMixin is 0
[19:18:45] [main/DEBUG] (cpw.mods.modlauncher.LaunchPluginHandler) LauncherPluginService runtime_enum_extender offering transform com.fluffy.mixin.VeinMixin
[19:18:45] [main/DEBUG] (cpw.mods.modlauncher.LaunchPluginHandler) LauncherPluginService runtimedistcleaner offering transform com.fluffy.mixin.VeinMixin
[19:18:45] [main/DEBUG] (cpw.mods.modlauncher.LaunchPluginHandler) Final flags state for com.fluffy.mixin.VeinMixin is 0
[19:18:45] [main/DEBUG] (cpw.mods.modlauncher.LaunchPluginHandler) LaunchPluginService {AFTER=[net.neoforged.fml.common.asm.RuntimeEnumExtender@2799f9a, juuxel.unprotect.UnprotectLaunchPlugin@3e6f3ad5, net.neoforged.fml.common.asm.RuntimeDistCleaner@5f27d271]}
[19:18:45] [main/DEBUG] (cpw.mods.modlauncher.LaunchPluginHandler) Final flags state for net.minecraft.world.level.levelgen.OreVeinifier is 0
[19:18:45] [main/DEBUG] (cpw.mods.modlauncher.LaunchPluginHandler) LauncherPluginService runtime_enum_extender offering transform net.minecraft.world.level.levelgen.OreVeinifier
[19:18:45] [main/DEBUG] (cpw.mods.modlauncher.LaunchPluginHandler) LauncherPluginService unprotect offering transform net.minecraft.world.level.levelgen.OreVeinifier
[19:18:45] [main/DEBUG] (cpw.mods.modlauncher.LaunchPluginHandler) LauncherPluginService unprotect transformed net.minecraft.world.level.levelgen.OreVeinifier with class compute flags 2
[19:18:45] [main/DEBUG] (cpw.mods.modlauncher.LaunchPluginHandler) LauncherPluginService runtimedistcleaner offering transform net.minecraft.world.level.levelgen.OreVeinifier
[19:18:45] [main/DEBUG] (cpw.mods.modlauncher.LaunchPluginHandler) Final flags state for net.minecraft.world.level.levelgen.OreVeinifier is 2
[19:18:45] [main/DEBUG] (mixin) Preparing mixinextras.init.mixins.json (0)
[19:18:45] [main/DEBUG] (cpw.mods.modlauncher.LaunchPluginHandler) LaunchPluginService {AFTER=[org.spongepowered.asm.launch.MixinLaunchPlugin@5a1c0bcc, net.neoforged.fml.common.asm.RuntimeEnumExtender@2799f9a, net.neoforged.fml.common.asm.RuntimeDistCleaner@5f27d271]}
[19:18:45] [main/DEBUG] (cpw.mods.modlauncher.LaunchPluginHandler) Final flags state for architectury_inject_architectury_forge_dcfb2ccabdb24c35840b5713558afe9b_78c50a8fa037d637c00ac2cae03873c85d0dfa64a13ffe235fb2233b2d41cf80architectury11117devjar.PlatformMethods is 0
[19:18:45] [main/DEBUG] (cpw.mods.modlauncher.LaunchPluginHandler) LauncherPluginService mixin offering transform architectury_inject_architectury_forge_dcfb2ccabdb24c35840b5713558afe9b_78c50a8fa037d637c00ac2cae03873c85d0dfa64a13ffe235fb2233b2d41cf80architectury11117devjar.PlatformMethods
[19:18:45] [main/DEBUG] (cpw.mods.modlauncher.LaunchPluginHandler) LauncherPluginService runtime_enum_extender offering transform architectury_inject_architectury_forge_dcfb2ccabdb24c35840b5713558afe9b_78c50a8fa037d637c00ac2cae03873c85d0dfa64a13ffe235fb2233b2d41cf80architectury11117devjar.PlatformMethods
[19:18:45] [main/DEBUG] (cpw.mods.modlauncher.LaunchPluginHandler) LauncherPluginService runtimedistcleaner offering transform architectury_inject_architectury_forge_dcfb2ccabdb24c35840b5713558afe9b_78c50a8fa037d637c00ac2cae03873c85d0dfa64a13ffe235fb2233b2d41cf80architectury11117devjar.PlatformMethods
[19:18:45] [main/DEBUG] (cpw.mods.modlauncher.LaunchPluginHandler) Final flags state for architectury_inject_architectury_forge_dcfb2ccabdb24c35840b5713558afe9b_78c50a8fa037d637c00ac2cae03873c85d0dfa64a13ffe235fb2233b2d41cf80architectury11117devjar.PlatformMethods is 0
[19:18:45] [main/DEBUG] (cpw.mods.modlauncher.LaunchPluginHandler) LaunchPluginService {AFTER=[net.neoforged.fml.common.asm.RuntimeEnumExtender@2799f9a, net.neoforged.fml.common.asm.RuntimeDistCleaner@5f27d271]}
[19:18:45] [main/DEBUG] (cpw.mods.modlauncher.LaunchPluginHandler) Final flags state for dev.architectury.mixin.forge.neoforge.MixinChunkSerializer is 0
[19:18:45] [main/DEBUG] (cpw.mods.modlauncher.LaunchPluginHandler) LauncherPluginService runtime_enum_extender offering transform dev.architectury.mixin.forge.neoforge.MixinChunkSerializer
[19:18:45] [main/DEBUG] (cpw.mods.modlauncher.LaunchPluginHandler) LauncherPluginService runtimedistcleaner offering transform dev.architectury.mixin.forge.neoforge.MixinChunkSerializer
[19:18:45] [main/DEBUG] (cpw.mods.modlauncher.LaunchPluginHandler) Final flags state for dev.architectury.mixin.forge.neoforge.MixinChunkSerializer is 0
[19:18:45] [main/DEBUG] (cpw.mods.modlauncher.LaunchPluginHandler) LaunchPluginService {AFTER=[net.neoforged.fml.common.asm.RuntimeEnumExtender@2799f9a, juuxel.unprotect.UnprotectLaunchPlugin@3e6f3ad5, net.neoforged.fml.common.asm.RuntimeDistCleaner@5f27d271]}
[19:18:45] [main/DEBUG] (cpw.mods.modlauncher.LaunchPluginHandler) Final flags state for net.minecraft.world.level.chunk.storage.ChunkSerializer is 0
[19:18:45] [main/DEBUG] (cpw.mods.modlauncher.LaunchPluginHandler) LauncherPluginService runtime_enum_extender offering transform net.minecraft.world.level.chunk.storage.ChunkSerializer
[19:18:45] [main/DEBUG] (cpw.mods.modlauncher.LaunchPluginHandler) LauncherPluginService unprotect offering transform net.minecraft.world.level.chunk.storage.ChunkSerializer
[19:18:45] [main/DEBUG] (cpw.mods.modlauncher.LaunchPluginHandler) LauncherPluginService unprotect transformed net.minecraft.world.level.chunk.storage.ChunkSerializer with class compute flags 2
[19:18:45] [main/DEBUG] (cpw.mods.modlauncher.LaunchPluginHandler) LauncherPluginService runtimedistcleaner offering transform net.minecraft.world.level.chunk.storage.ChunkSerializer
[19:18:45] [main/DEBUG] (cpw.mods.modlauncher.LaunchPluginHandler) Final flags state for net.minecraft.world.level.chunk.storage.ChunkSerializer is 2
[19:18:45] [main/DEBUG] (cpw.mods.modlauncher.LaunchPluginHandler) LaunchPluginService {BEFORE=[net.neoforged.accesstransformer.ml.AccessTransformerService@597050fa], AFTER=[org.spongepowered.asm.launch.MixinLaunchPlugin@5a1c0bcc, net.neoforged.fml.common.asm.RuntimeEnumExtender@2799f9a, juuxel.unprotect.UnprotectLaunchPlugin@3e6f3ad5, net.neoforged.fml.common.asm.RuntimeDistCleaner@5f27d271]}
[19:18:45] [main/DEBUG] (cpw.mods.modlauncher.LaunchPluginHandler) LauncherPluginService accesstransformer offering transform net.minecraft.world.level.chunk.ChunkStatus
[19:18:45] [main/DEBUG] (net.neoforged.accesstransformer.AccessTransformer) Transforming net.minecraft.world.level.chunk.ChunkStatus METHOD <init>(Lnet/minecraft/world/level/chunk/ChunkStatus;IZLjava/util/EnumSet;Lnet/minecraft/world/level/chunk/ChunkStatus$ChunkType;Lnet/minecraft/world/level/chunk/ChunkStatus$GenerationTask;Lnet/minecraft/world/level/chunk/ChunkStatus$LoadingTask;)V to access PUBLIC and LEAVE
[19:18:45] [main/DEBUG] (cpw.mods.modlauncher.LaunchPluginHandler) LauncherPluginService accesstransformer transformed net.minecraft.world.level.chunk.ChunkStatus with class compute flags 256
[19:18:45] [main/DEBUG] (cpw.mods.modlauncher.LaunchPluginHandler) Final flags state for net.minecraft.world.level.chunk.ChunkStatus is 256
[19:18:45] [main/DEBUG] (cpw.mods.modlauncher.LaunchPluginHandler) LauncherPluginService mixin offering transform net.minecraft.world.level.chunk.ChunkStatus
[19:18:45] [main/DEBUG] (cpw.mods.modlauncher.LaunchPluginHandler) LauncherPluginService runtime_enum_extender offering transform net.minecraft.world.level.chunk.ChunkStatus
[19:18:45] [main/DEBUG] (cpw.mods.modlauncher.LaunchPluginHandler) LauncherPluginService unprotect offering transform net.minecraft.world.level.chunk.ChunkStatus
[19:18:45] [main/DEBUG] (cpw.mods.modlauncher.LaunchPluginHandler) LauncherPluginService unprotect transformed net.minecraft.world.level.chunk.ChunkStatus with class compute flags 2
[19:18:45] [main/DEBUG] (cpw.mods.modlauncher.LaunchPluginHandler) LauncherPluginService runtimedistcleaner offering transform net.minecraft.world.level.chunk.ChunkStatus
[19:18:45] [main/DEBUG] (cpw.mods.modlauncher.LaunchPluginHandler) Final flags state for net.minecraft.world.level.chunk.ChunkStatus is 2
[19:18:45] [main/DEBUG] (cpw.mods.modlauncher.LaunchPluginHandler) LaunchPluginService {AFTER=[org.spongepowered.asm.launch.MixinLaunchPlugin@5a1c0bcc, net.neoforged.fml.common.asm.RuntimeEnumExtender@2799f9a, juuxel.unprotect.UnprotectLaunchPlugin@3e6f3ad5, net.neoforged.fml.common.asm.RuntimeDistCleaner@5f27d271]}
[19:18:45] [main/DEBUG] (cpw.mods.modlauncher.LaunchPluginHandler) Final flags state for net.minecraft.world.level.levelgen.Heightmap$Types is 0
[19:18:45] [main/DEBUG] (cpw.mods.modlauncher.LaunchPluginHandler) LauncherPluginService mixin offering transform net.minecraft.world.level.levelgen.Heightmap$Types
[19:18:45] [main/DEBUG] (cpw.mods.modlauncher.LaunchPluginHandler) LauncherPluginService runtime_enum_extender offering transform net.minecraft.world.level.levelgen.Heightmap$Types
[19:18:45] [main/DEBUG] (cpw.mods.modlauncher.LaunchPluginHandler) LauncherPluginService unprotect offering transform net.minecraft.world.level.levelgen.Heightmap$Types
[19:18:45] [main/DEBUG] (cpw.mods.modlauncher.LaunchPluginHandler) LauncherPluginService unprotect transformed net.minecraft.world.level.levelgen.Heightmap$Types with class compute flags 2
[19:18:45] [main/DEBUG] (cpw.mods.modlauncher.LaunchPluginHandler) LauncherPluginService runtimedistcleaner offering transform net.minecraft.world.level.levelgen.Heightmap$Types
[19:18:45] [main/DEBUG] (cpw.mods.modlauncher.LaunchPluginHandler) Final flags state for net.minecraft.world.level.levelgen.Heightmap$Types is 2
[19:18:45] [main/DEBUG] (cpw.mods.modlauncher.LaunchPluginHandler) LaunchPluginService {AFTER=[org.spongepowered.asm.launch.MixinLaunchPlugin@5a1c0bcc, net.neoforged.fml.common.asm.RuntimeEnumExtender@2799f9a, juuxel.unprotect.UnprotectLaunchPlugin@3e6f3ad5, net.neoforged.fml.common.asm.RuntimeDistCleaner@5f27d271]}
[19:18:45] [main/DEBUG] (cpw.mods.modlauncher.LaunchPluginHandler) Final flags state for net.minecraft.util.StringRepresentable is 0
[19:18:45] [main/DEBUG] (cpw.mods.modlauncher.LaunchPluginHandler) LauncherPluginService mixin offering transform net.minecraft.util.StringRepresentable
[19:18:45] [main/DEBUG] (cpw.mods.modlauncher.LaunchPluginHandler) LauncherPluginService runtime_enum_extender offering transform net.minecraft.util.StringRepresentable
[19:18:45] [main/DEBUG] (cpw.mods.modlauncher.LaunchPluginHandler) LauncherPluginService unprotect offering transform net.minecraft.util.StringRepresentable
[19:18:45] [main/DEBUG] (cpw.mods.modlauncher.LaunchPluginHandler) LauncherPluginService unprotect transformed net.minecraft.util.StringRepresentable with class compute flags 2
[19:18:45] [main/DEBUG] (cpw.mods.modlauncher.LaunchPluginHandler) LauncherPluginService runtimedistcleaner offering transform net.minecraft.util.StringRepresentable
[19:18:45] [main/DEBUG] (cpw.mods.modlauncher.LaunchPluginHandler) Final flags state for net.minecraft.util.StringRepresentable is 2
[19:18:45] [main/DEBUG] (cpw.mods.modlauncher.LaunchPluginHandler) LaunchPluginService {AFTER=[org.spongepowered.asm.launch.MixinLaunchPlugin@5a1c0bcc, net.neoforged.fml.common.asm.RuntimeEnumExtender@2799f9a, juuxel.unprotect.UnprotectLaunchPlugin@3e6f3ad5, net.neoforged.fml.common.asm.RuntimeDistCleaner@5f27d271]}
[19:18:45] [main/DEBUG] (cpw.mods.modlauncher.LaunchPluginHandler) Final flags state for net.minecraft.world.level.chunk.ProtoChunk is 0
[19:18:45] [main/DEBUG] (cpw.mods.modlauncher.LaunchPluginHandler) LauncherPluginService mixin offering transform net.minecraft.world.level.chunk.ProtoChunk
[19:18:45] [main/DEBUG] (cpw.mods.modlauncher.LaunchPluginHandler) LauncherPluginService runtime_enum_extender offering transform net.minecraft.world.level.chunk.ProtoChunk
[19:18:45] [main/DEBUG] (cpw.mods.modlauncher.LaunchPluginHandler) LauncherPluginService unprotect offering transform net.minecraft.world.level.chunk.ProtoChunk
[19:18:45] [main/DEBUG] (cpw.mods.modlauncher.LaunchPluginHandler) LauncherPluginService runtimedistcleaner offering transform net.minecraft.world.level.chunk.ProtoChunk
[19:18:45] [main/DEBUG] (cpw.mods.modlauncher.LaunchPluginHandler) Final flags state for net.minecraft.world.level.chunk.ProtoChunk is 0
[19:18:45] [main/DEBUG] (cpw.mods.modlauncher.LaunchPluginHandler) LaunchPluginService {AFTER=[org.spongepowered.asm.launch.MixinLaunchPlugin@5a1c0bcc, net.neoforged.fml.common.asm.RuntimeEnumExtender@2799f9a, juuxel.unprotect.UnprotectLaunchPlugin@3e6f3ad5, net.neoforged.fml.common.asm.RuntimeDistCleaner@5f27d271]}
[19:18:45] [main/DEBUG] (cpw.mods.modlauncher.LaunchPluginHandler) Final flags state for net.minecraft.world.level.chunk.ChunkAccess is 0
[19:18:45] [main/DEBUG] (cpw.mods.modlauncher.LaunchPluginHandler) LauncherPluginService mixin offering transform net.minecraft.world.level.chunk.ChunkAccess
[19:18:45] [main/DEBUG] (cpw.mods.modlauncher.LaunchPluginHandler) LauncherPluginService runtime_enum_extender offering transform net.minecraft.world.level.chunk.ChunkAccess
[19:18:45] [main/DEBUG] (cpw.mods.modlauncher.LaunchPluginHandler) LauncherPluginService unprotect offering transform net.minecraft.world.level.chunk.ChunkAccess
[19:18:45] [main/DEBUG] (cpw.mods.modlauncher.LaunchPluginHandler) LauncherPluginService unprotect transformed net.minecraft.world.level.chunk.ChunkAccess with class compute flags 2
[19:18:45] [main/DEBUG] (cpw.mods.modlauncher.LaunchPluginHandler) LauncherPluginService runtimedistcleaner offering transform net.minecraft.world.level.chunk.ChunkAccess
[19:18:45] [main/DEBUG] (cpw.mods.modlauncher.LaunchPluginHandler) Final flags state for net.minecraft.world.level.chunk.ChunkAccess is 2
[19:18:45] [main/DEBUG] (cpw.mods.modlauncher.LaunchPluginHandler) LaunchPluginService {AFTER=[org.spongepowered.asm.launch.MixinLaunchPlugin@5a1c0bcc, net.neoforged.fml.common.asm.RuntimeEnumExtender@2799f9a, juuxel.unprotect.UnprotectLaunchPlugin@3e6f3ad5, net.neoforged.fml.common.asm.RuntimeDistCleaner@5f27d271]}
[19:18:45] [main/DEBUG] (cpw.mods.modlauncher.LaunchPluginHandler) Final flags state for net.minecraft.world.level.BlockGetter is 0
[19:18:45] [main/DEBUG] (cpw.mods.modlauncher.LaunchPluginHandler) LauncherPluginService mixin offering transform net.minecraft.world.level.BlockGetter
[19:18:45] [main/DEBUG] (cpw.mods.modlauncher.LaunchPluginHandler) LauncherPluginService runtime_enum_extender offering transform net.minecraft.world.level.BlockGetter
[19:18:45] [main/DEBUG] (cpw.mods.modlauncher.LaunchPluginHandler) LauncherPluginService unprotect offering transform net.minecraft.world.level.BlockGetter
[19:18:45] [main/DEBUG] (cpw.mods.modlauncher.LaunchPluginHandler) LauncherPluginService runtimedistcleaner offering transform net.minecraft.world.level.BlockGetter
[19:18:45] [main/DEBUG] (cpw.mods.modlauncher.LaunchPluginHandler) Final flags state for net.minecraft.world.level.BlockGetter is 0
[19:18:45] [main/DEBUG] (cpw.mods.modlauncher.LaunchPluginHandler) LaunchPluginService {AFTER=[org.spongepowered.asm.launch.MixinLaunchPlugin@5a1c0bcc, net.neoforged.fml.common.asm.RuntimeEnumExtender@2799f9a, juuxel.unprotect.UnprotectLaunchPlugin@3e6f3ad5, net.neoforged.fml.common.asm.RuntimeDistCleaner@5f27d271]}
[19:18:45] [main/DEBUG] (cpw.mods.modlauncher.LaunchPluginHandler) Final flags state for net.minecraft.world.level.LevelHeightAccessor is 0
[19:18:45] [main/DEBUG] (cpw.mods.modlauncher.LaunchPluginHandler) LauncherPluginService mixin offering transform net.minecraft.world.level.LevelHeightAccessor
[19:18:45] [main/DEBUG] (cpw.mods.modlauncher.LaunchPluginHandler) LauncherPluginService runtime_enum_extender offering transform net.minecraft.world.level.LevelHeightAccessor
[19:18:45] [main/DEBUG] (cpw.mods.modlauncher.LaunchPluginHandler) LauncherPluginService unprotect offering transform net.minecraft.world.level.LevelHeightAccessor
[19:18:45] [main/DEBUG] (cpw.mods.modlauncher.LaunchPluginHandler) LauncherPluginService unprotect transformed net.minecraft.world.level.LevelHeightAccessor with class compute flags 2
[19:18:45] [main/DEBUG] (cpw.mods.modlauncher.LaunchPluginHandler) LauncherPluginService runtimedistcleaner offering transform net.minecraft.world.level.LevelHeightAccessor
[19:18:45] [main/DEBUG] (cpw.mods.modlauncher.LaunchPluginHandler) Final flags state for net.minecraft.world.level.LevelHeightAccessor is 2
[19:18:45] [main/DEBUG] (cpw.mods.modlauncher.LaunchPluginHandler) LaunchPluginService {AFTER=[org.spongepowered.asm.launch.MixinLaunchPlugin@5a1c0bcc, net.neoforged.fml.common.asm.RuntimeEnumExtender@2799f9a, net.neoforged.fml.common.asm.RuntimeDistCleaner@5f27d271]}
[19:18:45] [main/DEBUG] (cpw.mods.modlauncher.LaunchPluginHandler) Final flags state for net.neoforged.neoforge.common.extensions.IBlockGetterExtension is 0
[19:18:45] [main/DEBUG] (cpw.mods.modlauncher.LaunchPluginHandler) LauncherPluginService mixin offering transform net.neoforged.neoforge.common.extensions.IBlockGetterExtension
[19:18:45] [main/DEBUG] (cpw.mods.modlauncher.LaunchPluginHandler) LauncherPluginService runtime_enum_extender offering transform net.neoforged.neoforge.common.extensions.IBlockGetterExtension
[19:18:45] [main/DEBUG] (cpw.mods.modlauncher.LaunchPluginHandler) LauncherPluginService runtimedistcleaner offering transform net.neoforged.neoforge.common.extensions.IBlockGetterExtension
[19:18:45] [main/DEBUG] (cpw.mods.modlauncher.LaunchPluginHandler) Final flags state for net.neoforged.neoforge.common.extensions.IBlockGetterExtension is 0
[19:18:45] [main/DEBUG] (cpw.mods.modlauncher.LaunchPluginHandler) LaunchPluginService {AFTER=[org.spongepowered.asm.launch.MixinLaunchPlugin@5a1c0bcc, net.neoforged.fml.common.asm.RuntimeEnumExtender@2799f9a, juuxel.unprotect.UnprotectLaunchPlugin@3e6f3ad5, net.neoforged.fml.common.asm.RuntimeDistCleaner@5f27d271]}
[19:18:45] [main/DEBUG] (cpw.mods.modlauncher.LaunchPluginHandler) Final flags state for net.minecraft.world.level.biome.BiomeManager$NoiseBiomeSource is 0
[19:18:45] [main/DEBUG] (cpw.mods.modlauncher.LaunchPluginHandler) LauncherPluginService mixin offering transform net.minecraft.world.level.biome.BiomeManager$NoiseBiomeSource
[19:18:45] [main/DEBUG] (cpw.mods.modlauncher.LaunchPluginHandler) LauncherPluginService runtime_enum_extender offering transform net.minecraft.world.level.biome.BiomeManager$NoiseBiomeSource
[19:18:45] [main/DEBUG] (cpw.mods.modlauncher.LaunchPluginHandler) LauncherPluginService unprotect offering transform net.minecraft.world.level.biome.BiomeManager$NoiseBiomeSource
[19:18:45] [main/DEBUG] (cpw.mods.modlauncher.LaunchPluginHandler) LauncherPluginService runtimedistcleaner offering transform net.minecraft.world.level.biome.BiomeManager$NoiseBiomeSource
[19:18:45] [main/DEBUG] (cpw.mods.modlauncher.LaunchPluginHandler) Final flags state for net.minecraft.world.level.biome.BiomeManager$NoiseBiomeSource is 0
[19:18:45] [main/DEBUG] (cpw.mods.modlauncher.LaunchPluginHandler) LaunchPluginService {AFTER=[org.spongepowered.asm.launch.MixinLaunchPlugin@5a1c0bcc, net.neoforged.fml.common.asm.RuntimeEnumExtender@2799f9a, juuxel.unprotect.UnprotectLaunchPlugin@3e6f3ad5, net.neoforged.fml.common.asm.RuntimeDistCleaner@5f27d271]}
[19:18:45] [main/DEBUG] (cpw.mods.modlauncher.LaunchPluginHandler) Final flags state for net.minecraft.world.level.chunk.LightChunk is 0
[19:18:45] [main/DEBUG] (cpw.mods.modlauncher.LaunchPluginHandler) LauncherPluginService mixin offering transform net.minecraft.world.level.chunk.LightChunk
[19:18:45] [main/DEBUG] (cpw.mods.modlauncher.LaunchPluginHandler) LauncherPluginService runtime_enum_extender offering transform net.minecraft.world.level.chunk.LightChunk
[19:18:45] [main/DEBUG] (cpw.mods.modlauncher.LaunchPluginHandler) LauncherPluginService unprotect offering transform net.minecraft.world.level.chunk.LightChunk
[19:18:45] [main/DEBUG] (cpw.mods.modlauncher.LaunchPluginHandler) LauncherPluginService runtimedistcleaner offering transform net.minecraft.world.level.chunk.LightChunk
[19:18:45] [main/DEBUG] (cpw.mods.modlauncher.LaunchPluginHandler) Final flags state for net.minecraft.world.level.chunk.LightChunk is 0
[19:18:45] [main/DEBUG] (cpw.mods.modlauncher.LaunchPluginHandler) LaunchPluginService {AFTER=[org.spongepowered.asm.launch.MixinLaunchPlugin@5a1c0bcc, net.neoforged.fml.common.asm.RuntimeEnumExtender@2799f9a, juuxel.unprotect.UnprotectLaunchPlugin@3e6f3ad5, net.neoforged.fml.common.asm.RuntimeDistCleaner@5f27d271]}
[19:18:45] [main/DEBUG] (cpw.mods.modlauncher.LaunchPluginHandler) Final flags state for net.minecraft.world.level.chunk.StructureAccess is 0
[19:18:45] [main/DEBUG] (cpw.mods.modlauncher.LaunchPluginHandler) LauncherPluginService mixin offering transform net.minecraft.world.level.chunk.StructureAccess
[19:18:45] [main/DEBUG] (cpw.mods.modlauncher.LaunchPluginHandler) LauncherPluginService runtime_enum_extender offering transform net.minecraft.world.level.chunk.StructureAccess
[19:18:45] [main/DEBUG] (cpw.mods.modlauncher.LaunchPluginHandler) LauncherPluginService unprotect offering transform net.minecraft.world.level.chunk.StructureAccess
[19:18:45] [main/DEBUG] (cpw.mods.modlauncher.LaunchPluginHandler) LauncherPluginService runtimedistcleaner offering transform net.minecraft.world.level.chunk.StructureAccess
[19:18:45] [main/DEBUG] (cpw.mods.modlauncher.LaunchPluginHandler) Final flags state for net.minecraft.world.level.chunk.StructureAccess is 0
[19:18:45] [main/DEBUG] (cpw.mods.modlauncher.LaunchPluginHandler) LaunchPluginService {AFTER=[org.spongepowered.asm.launch.MixinLaunchPlugin@5a1c0bcc, net.neoforged.fml.common.asm.RuntimeEnumExtender@2799f9a, juuxel.unprotect.UnprotectLaunchPlugin@3e6f3ad5, net.neoforged.fml.common.asm.RuntimeDistCleaner@5f27d271]}
[19:18:45] [main/DEBUG] (cpw.mods.modlauncher.LaunchPluginHandler) Final flags state for net.minecraft.world.level.chunk.LevelChunk is 0
[19:18:45] [main/DEBUG] (cpw.mods.modlauncher.LaunchPluginHandler) LauncherPluginService mixin offering transform net.minecraft.world.level.chunk.LevelChunk
[19:18:45] [main/DEBUG] (cpw.mods.modlauncher.LaunchPluginHandler) LauncherPluginService runtime_enum_extender offering transform net.minecraft.world.level.chunk.LevelChunk
[19:18:45] [main/DEBUG] (cpw.mods.modlauncher.LaunchPluginHandler) LauncherPluginService unprotect offering transform net.minecraft.world.level.chunk.LevelChunk
[19:18:45] [main/DEBUG] (cpw.mods.modlauncher.LaunchPluginHandler) LauncherPluginService unprotect transformed net.minecraft.world.level.chunk.LevelChunk with class compute flags 2
[19:18:45] [main/DEBUG] (cpw.mods.modlauncher.LaunchPluginHandler) LauncherPluginService runtimedistcleaner offering transform net.minecraft.world.level.chunk.LevelChunk
[19:18:45] [main/DEBUG] (cpw.mods.modlauncher.LaunchPluginHandler) Final flags state for net.minecraft.world.level.chunk.LevelChunk is 2
[19:18:45] [main/DEBUG] (cpw.mods.modlauncher.LaunchPluginHandler) LaunchPluginService {AFTER=[org.spongepowered.asm.launch.MixinLaunchPlugin@5a1c0bcc, net.neoforged.fml.common.asm.RuntimeEnumExtender@2799f9a, juuxel.unprotect.UnprotectLaunchPlugin@3e6f3ad5, net.neoforged.fml.common.asm.RuntimeDistCleaner@5f27d271]}
[19:18:45] [main/DEBUG] (cpw.mods.modlauncher.LaunchPluginHandler) Final flags state for net.minecraft.world.ticks.ProtoChunkTicks is 0
[19:18:45] [main/DEBUG] (cpw.mods.modlauncher.LaunchPluginHandler) LauncherPluginService mixin offering transform net.minecraft.world.ticks.ProtoChunkTicks
[19:18:45] [main/DEBUG] (cpw.mods.modlauncher.LaunchPluginHandler) LauncherPluginService runtime_enum_extender offering transform net.minecraft.world.ticks.ProtoChunkTicks
[19:18:45] [main/DEBUG] (cpw.mods.modlauncher.LaunchPluginHandler) LauncherPluginService unprotect offering transform net.minecraft.world.ticks.ProtoChunkTicks
[19:18:45] [main/DEBUG] (cpw.mods.modlauncher.LaunchPluginHandler) LauncherPluginService runtimedistcleaner offering transform net.minecraft.world.ticks.ProtoChunkTicks
[19:18:45] [main/DEBUG] (cpw.mods.modlauncher.LaunchPluginHandler) Final flags state for net.minecraft.world.ticks.ProtoChunkTicks is 0
[19:18:45] [main/DEBUG] (cpw.mods.modlauncher.LaunchPluginHandler) LaunchPluginService {AFTER=[org.spongepowered.asm.launch.MixinLaunchPlugin@5a1c0bcc, net.neoforged.fml.common.asm.RuntimeEnumExtender@2799f9a, juuxel.unprotect.UnprotectLaunchPlugin@3e6f3ad5, net.neoforged.fml.common.asm.RuntimeDistCleaner@5f27d271]}
[19:18:45] [main/DEBUG] (cpw.mods.modlauncher.LaunchPluginHandler) Final flags state for net.minecraft.world.ticks.SerializableTickContainer is 0
[19:18:45] [main/DEBUG] (cpw.mods.modlauncher.LaunchPluginHandler) LauncherPluginService mixin offering transform net.minecraft.world.ticks.SerializableTickContainer
[19:18:45] [main/DEBUG] (cpw.mods.modlauncher.LaunchPluginHandler) LauncherPluginService runtime_enum_extender offering transform net.minecraft.world.ticks.SerializableTickContainer
[19:18:45] [main/DEBUG] (cpw.mods.modlauncher.LaunchPluginHandler) LauncherPluginService unprotect offering transform net.minecraft.world.ticks.SerializableTickContainer
[19:18:45] [main/DEBUG] (cpw.mods.modlauncher.LaunchPluginHandler) LauncherPluginService runtimedistcleaner offering transform net.minecraft.world.ticks.SerializableTickContainer
[19:18:45] [main/DEBUG] (cpw.mods.modlauncher.LaunchPluginHandler) Final flags state for net.minecraft.world.ticks.SerializableTickContainer is 0
[19:18:45] [main/DEBUG] (cpw.mods.modlauncher.LaunchPluginHandler) LaunchPluginService {AFTER=[org.spongepowered.asm.launch.MixinLaunchPlugin@5a1c0bcc, net.neoforged.fml.common.asm.RuntimeEnumExtender@2799f9a, juuxel.unprotect.UnprotectLaunchPlugin@3e6f3ad5, net.neoforged.fml.common.asm.RuntimeDistCleaner@5f27d271]}
[19:18:45] [main/DEBUG] (cpw.mods.modlauncher.LaunchPluginHandler) Final flags state for net.minecraft.world.ticks.TickContainerAccess is 0
[19:18:45] [main/DEBUG] (cpw.mods.modlauncher.LaunchPluginHandler) LauncherPluginService mixin offering transform net.minecraft.world.ticks.TickContainerAccess
[19:18:45] [main/DEBUG] (cpw.mods.modlauncher.LaunchPluginHandler) LauncherPluginService runtime_enum_extender offering transform net.minecraft.world.ticks.TickContainerAccess
[19:18:45] [main/DEBUG] (cpw.mods.modlauncher.LaunchPluginHandler) LauncherPluginService unprotect offering transform net.minecraft.world.ticks.TickContainerAccess
[19:18:45] [main/DEBUG] (cpw.mods.modlauncher.LaunchPluginHandler) LauncherPluginService runtimedistcleaner offering transform net.minecraft.world.ticks.TickContainerAccess
[19:18:45] [main/DEBUG] (cpw.mods.modlauncher.LaunchPluginHandler) Final flags state for net.minecraft.world.ticks.TickContainerAccess is 0
[19:18:45] [main/DEBUG] (cpw.mods.modlauncher.LaunchPluginHandler) LaunchPluginService {AFTER=[org.spongepowered.asm.launch.MixinLaunchPlugin@5a1c0bcc, net.neoforged.fml.common.asm.RuntimeEnumExtender@2799f9a, juuxel.unprotect.UnprotectLaunchPlugin@3e6f3ad5, net.neoforged.fml.common.asm.RuntimeDistCleaner@5f27d271]}
[19:18:45] [main/DEBUG] (cpw.mods.modlauncher.LaunchPluginHandler) Final flags state for net.minecraft.world.ticks.TickAccess is 0
[19:18:45] [main/DEBUG] (cpw.mods.modlauncher.LaunchPluginHandler) LauncherPluginService mixin offering transform net.minecraft.world.ticks.TickAccess
[19:18:45] [main/DEBUG] (cpw.mods.modlauncher.LaunchPluginHandler) LauncherPluginService runtime_enum_extender offering transform net.minecraft.world.ticks.TickAccess
[19:18:45] [main/DEBUG] (cpw.mods.modlauncher.LaunchPluginHandler) LauncherPluginService unprotect offering transform net.minecraft.world.ticks.TickAccess
[19:18:45] [main/DEBUG] (cpw.mods.modlauncher.LaunchPluginHandler) LauncherPluginService runtimedistcleaner offering transform net.minecraft.world.ticks.TickAccess
[19:18:45] [main/DEBUG] (cpw.mods.modlauncher.LaunchPluginHandler) Final flags state for net.minecraft.world.ticks.TickAccess is 0
[19:18:45] [main/DEBUG] (cpw.mods.modlauncher.LaunchPluginHandler) LaunchPluginService {AFTER=[org.spongepowered.asm.launch.MixinLaunchPlugin@5a1c0bcc, net.neoforged.fml.common.asm.RuntimeEnumExtender@2799f9a, juuxel.unprotect.UnprotectLaunchPlugin@3e6f3ad5, net.neoforged.fml.common.asm.RuntimeDistCleaner@5f27d271]}
[19:18:45] [main/DEBUG] (cpw.mods.modlauncher.LaunchPluginHandler) Final flags state for net.minecraft.world.ticks.LevelChunkTicks is 0
[19:18:45] [main/DEBUG] (cpw.mods.modlauncher.LaunchPluginHandler) LauncherPluginService mixin offering transform net.minecraft.world.ticks.LevelChunkTicks
[19:18:45] [main/DEBUG] (cpw.mods.modlauncher.LaunchPluginHandler) LauncherPluginService runtime_enum_extender offering transform net.minecraft.world.ticks.LevelChunkTicks
[19:18:45] [main/DEBUG] (cpw.mods.modlauncher.LaunchPluginHandler) LauncherPluginService unprotect offering transform net.minecraft.world.ticks.LevelChunkTicks
[19:18:45] [main/DEBUG] (cpw.mods.modlauncher.LaunchPluginHandler) LauncherPluginService runtimedistcleaner offering transform net.minecraft.world.ticks.LevelChunkTicks
[19:18:45] [main/DEBUG] (cpw.mods.modlauncher.LaunchPluginHandler) Final flags state for net.minecraft.world.ticks.LevelChunkTicks is 0
[19:18:45] [main/DEBUG] (cpw.mods.modlauncher.LaunchPluginHandler) LaunchPluginService {AFTER=[org.spongepowered.asm.launch.MixinLaunchPlugin@5a1c0bcc, net.neoforged.fml.common.asm.RuntimeEnumExtender@2799f9a, juuxel.unprotect.UnprotectLaunchPlugin@3e6f3ad5, net.neoforged.fml.common.asm.RuntimeDistCleaner@5f27d271]}
[19:18:45] [main/DEBUG] (cpw.mods.modlauncher.LaunchPluginHandler) Final flags state for net.minecraft.world.level.chunk.PalettedContainer is 0
[19:18:45] [main/DEBUG] (cpw.mods.modlauncher.LaunchPluginHandler) LauncherPluginService mixin offering transform net.minecraft.world.level.chunk.PalettedContainer
[19:18:45] [main/DEBUG] (cpw.mods.modlauncher.LaunchPluginHandler) LauncherPluginService runtime_enum_extender offering transform net.minecraft.world.level.chunk.PalettedContainer
[19:18:45] [main/DEBUG] (cpw.mods.modlauncher.LaunchPluginHandler) LauncherPluginService unprotect offering transform net.minecraft.world.level.chunk.PalettedContainer
[19:18:45] [main/DEBUG] (cpw.mods.modlauncher.LaunchPluginHandler) LauncherPluginService unprotect transformed net.minecraft.world.level.chunk.PalettedContainer with class compute flags 2
[19:18:45] [main/DEBUG] (cpw.mods.modlauncher.LaunchPluginHandler) LauncherPluginService runtimedistcleaner offering transform net.minecraft.world.level.chunk.PalettedContainer
[19:18:45] [main/DEBUG] (cpw.mods.modlauncher.LaunchPluginHandler) Final flags state for net.minecraft.world.level.chunk.PalettedContainer is 2
[19:18:45] [main/DEBUG] (cpw.mods.modlauncher.LaunchPluginHandler) LaunchPluginService {AFTER=[org.spongepowered.asm.launch.MixinLaunchPlugin@5a1c0bcc, net.neoforged.fml.common.asm.RuntimeEnumExtender@2799f9a, juuxel.unprotect.UnprotectLaunchPlugin@3e6f3ad5, net.neoforged.fml.common.asm.RuntimeDistCleaner@5f27d271]}
[19:18:45] [main/DEBUG] (cpw.mods.modlauncher.LaunchPluginHandler) Final flags state for net.minecraft.world.level.chunk.PaletteResize is 0
[19:18:45] [main/DEBUG] (cpw.mods.modlauncher.LaunchPluginHandler) LauncherPluginService mixin offering transform net.minecraft.world.level.chunk.PaletteResize
[19:18:45] [main/DEBUG] (cpw.mods.modlauncher.LaunchPluginHandler) LauncherPluginService runtime_enum_extender offering transform net.minecraft.world.level.chunk.PaletteResize
[19:18:45] [main/DEBUG] (cpw.mods.modlauncher.LaunchPluginHandler) LauncherPluginService unprotect offering transform net.minecraft.world.level.chunk.PaletteResize
[19:18:45] [main/DEBUG] (cpw.mods.modlauncher.LaunchPluginHandler) LauncherPluginService unprotect transformed net.minecraft.world.level.chunk.PaletteResize with class compute flags 2
[19:18:45] [main/DEBUG] (cpw.mods.modlauncher.LaunchPluginHandler) LauncherPluginService runtimedistcleaner offering transform net.minecraft.world.level.chunk.PaletteResize
[19:18:45] [main/DEBUG] (cpw.mods.modlauncher.LaunchPluginHandler) Final flags state for net.minecraft.world.level.chunk.PaletteResize is 2
[19:18:45] [main/DEBUG] (cpw.mods.modlauncher.LaunchPluginHandler) LaunchPluginService {AFTER=[org.spongepowered.asm.launch.MixinLaunchPlugin@5a1c0bcc, net.neoforged.fml.common.asm.RuntimeEnumExtender@2799f9a, juuxel.unprotect.UnprotectLaunchPlugin@3e6f3ad5, net.neoforged.fml.common.asm.RuntimeDistCleaner@5f27d271]}
[19:18:45] [main/DEBUG] (cpw.mods.modlauncher.LaunchPluginHandler) Final flags state for net.minecraft.world.level.chunk.PalettedContainerRO is 0
[19:18:45] [main/DEBUG] (cpw.mods.modlauncher.LaunchPluginHandler) LauncherPluginService mixin offering transform net.minecraft.world.level.chunk.PalettedContainerRO
[19:18:45] [main/DEBUG] (cpw.mods.modlauncher.LaunchPluginHandler) LauncherPluginService runtime_enum_extender offering transform net.minecraft.world.level.chunk.PalettedContainerRO
[19:18:45] [main/DEBUG] (cpw.mods.modlauncher.LaunchPluginHandler) LauncherPluginService unprotect offering transform net.minecraft.world.level.chunk.PalettedContainerRO
[19:18:45] [main/DEBUG] (cpw.mods.modlauncher.LaunchPluginHandler) LauncherPluginService runtimedistcleaner offering transform net.minecraft.world.level.chunk.PalettedContainerRO
[19:18:45] [main/DEBUG] (cpw.mods.modlauncher.LaunchPluginHandler) Final flags state for net.minecraft.world.level.chunk.PalettedContainerRO is 0
[19:18:45] [main/DEBUG] (cpw.mods.modlauncher.LaunchPluginHandler) LaunchPluginService {AFTER=[net.neoforged.fml.common.asm.RuntimeEnumExtender@2799f9a, net.neoforged.fml.common.asm.RuntimeDistCleaner@5f27d271]}
[19:18:45] [main/DEBUG] (cpw.mods.modlauncher.LaunchPluginHandler) Final flags state for dev.architectury.event.events.common.BlockEvent$FallingLand is 0
[19:18:45] [main/DEBUG] (cpw.mods.modlauncher.LaunchPluginHandler) LauncherPluginService runtime_enum_extender offering transform dev.architectury.event.events.common.BlockEvent$FallingLand
[19:18:45] [main/DEBUG] (cpw.mods.modlauncher.LaunchPluginHandler) LauncherPluginService runtimedistcleaner offering transform dev.architectury.event.events.common.BlockEvent$FallingLand
[19:18:45] [main/DEBUG] (cpw.mods.modlauncher.LaunchPluginHandler) Final flags state for dev.architectury.event.events.common.BlockEvent$FallingLand is 0
[19:18:45] [main/DEBUG] (cpw.mods.modlauncher.LaunchPluginHandler) LaunchPluginService {BEFORE=[net.neoforged.accesstransformer.ml.AccessTransformerService@597050fa], AFTER=[net.neoforged.fml.common.asm.RuntimeEnumExtender@2799f9a, juuxel.unprotect.UnprotectLaunchPlugin@3e6f3ad5, net.neoforged.fml.common.asm.RuntimeDistCleaner@5f27d271]}
[19:18:45] [main/DEBUG] (cpw.mods.modlauncher.LaunchPluginHandler) LauncherPluginService accesstransformer offering transform net.minecraft.world.entity.Entity
[19:18:45] [main/DEBUG] (net.neoforged.accesstransformer.AccessTransformer) Transforming net.minecraft.world.entity.Entity FIELD ENTITY_COUNTER to access PROTECTED and LEAVE
[19:18:45] [main/DEBUG] (net.neoforged.accesstransformer.AccessTransformer) Transforming net.minecraft.world.entity.Entity METHOD getEncodeId()Ljava/lang/String; to access PUBLIC and LEAVE
[19:18:45] [main/DEBUG] (cpw.mods.modlauncher.LaunchPluginHandler) LauncherPluginService accesstransformer transformed net.minecraft.world.entity.Entity with class compute flags 256
[19:18:45] [main/DEBUG] (cpw.mods.modlauncher.LaunchPluginHandler) Final flags state for net.minecraft.world.entity.Entity is 256
[19:18:45] [main/DEBUG] (cpw.mods.modlauncher.LaunchPluginHandler) LauncherPluginService runtime_enum_extender offering transform net.minecraft.world.entity.Entity
[19:18:45] [main/DEBUG] (cpw.mods.modlauncher.LaunchPluginHandler) LauncherPluginService unprotect offering transform net.minecraft.world.entity.Entity
[19:18:45] [main/DEBUG] (cpw.mods.modlauncher.LaunchPluginHandler) LauncherPluginService unprotect transformed net.minecraft.world.entity.Entity with class compute flags 2
[19:18:45] [main/DEBUG] (cpw.mods.modlauncher.LaunchPluginHandler) LauncherPluginService runtimedistcleaner offering transform net.minecraft.world.entity.Entity
[19:18:45] [main/DEBUG] (cpw.mods.modlauncher.LaunchPluginHandler) Final flags state for net.minecraft.world.entity.Entity is 2
[19:18:45] [main/DEBUG] (cpw.mods.modlauncher.LaunchPluginHandler) LaunchPluginService {AFTER=[net.neoforged.fml.common.asm.RuntimeEnumExtender@2799f9a, net.neoforged.fml.common.asm.RuntimeDistCleaner@5f27d271]}
[19:18:45] [main/DEBUG] (cpw.mods.modlauncher.LaunchPluginHandler) Final flags state for dev.architectury.event.forge.EventHandlerImplCommon$LevelEventAttachment is 0
[19:18:45] [main/DEBUG] (cpw.mods.modlauncher.LaunchPluginHandler) LauncherPluginService runtime_enum_extender offering transform dev.architectury.event.forge.EventHandlerImplCommon$LevelEventAttachment
[19:18:45] [main/DEBUG] (cpw.mods.modlauncher.LaunchPluginHandler) LauncherPluginService runtimedistcleaner offering transform dev.architectury.event.forge.EventHandlerImplCommon$LevelEventAttachment
[19:18:45] [main/DEBUG] (cpw.mods.modlauncher.LaunchPluginHandler) Final flags state for dev.architectury.event.forge.EventHandlerImplCommon$LevelEventAttachment is 0
[19:18:45] [main/DEBUG] (cpw.mods.modlauncher.LaunchPluginHandler) LaunchPluginService {AFTER=[net.neoforged.fml.common.asm.RuntimeEnumExtender@2799f9a, juuxel.unprotect.UnprotectLaunchPlugin@3e6f3ad5, net.neoforged.fml.common.asm.RuntimeDistCleaner@5f27d271]}
[19:18:45] [main/DEBUG] (cpw.mods.modlauncher.LaunchPluginHandler) Final flags state for net.minecraft.server.packs.resources.PreparableReloadListener$PreparationBarrier is 0
[19:18:45] [main/DEBUG] (cpw.mods.modlauncher.LaunchPluginHandler) LauncherPluginService runtime_enum_extender offering transform net.minecraft.server.packs.resources.PreparableReloadListener$PreparationBarrier
[19:18:45] [main/DEBUG] (cpw.mods.modlauncher.LaunchPluginHandler) LauncherPluginService unprotect offering transform net.minecraft.server.packs.resources.PreparableReloadListener$PreparationBarrier
[19:18:45] [main/DEBUG] (cpw.mods.modlauncher.LaunchPluginHandler) LauncherPluginService runtimedistcleaner offering transform net.minecraft.server.packs.resources.PreparableReloadListener$PreparationBarrier
[19:18:45] [main/DEBUG] (cpw.mods.modlauncher.LaunchPluginHandler) Final flags state for net.minecraft.server.packs.resources.PreparableReloadListener$PreparationBarrier is 0
[19:18:45] [main/DEBUG] (cpw.mods.modlauncher.LaunchPluginHandler) LaunchPluginService {AFTER=[net.neoforged.fml.common.asm.RuntimeEnumExtender@2799f9a, net.neoforged.fml.common.asm.RuntimeDistCleaner@5f27d271]}
[19:18:45] [main/DEBUG] (cpw.mods.modlauncher.LaunchPluginHandler) Final flags state for dev.architectury.event.events.client.ClientCommandRegistrationEvent$ClientCommandSourceStack is 0
[19:18:45] [main/DEBUG] (cpw.mods.modlauncher.LaunchPluginHandler) LauncherPluginService runtime_enum_extender offering transform dev.architectury.event.events.client.ClientCommandRegistrationEvent$ClientCommandSourceStack
[19:18:45] [main/DEBUG] (cpw.mods.modlauncher.LaunchPluginHandler) LauncherPluginService runtimedistcleaner offering transform dev.architectury.event.events.client.ClientCommandRegistrationEvent$ClientCommandSourceStack
[19:18:45] [main/DEBUG] (cpw.mods.modlauncher.LaunchPluginHandler) Final flags state for dev.architectury.event.events.client.ClientCommandRegistrationEvent$ClientCommandSourceStack is 0
[19:18:45] [main/DEBUG] (cpw.mods.modlauncher.LaunchPluginHandler) LaunchPluginService {AFTER=[net.neoforged.fml.common.asm.RuntimeEnumExtender@2799f9a, net.neoforged.fml.common.asm.RuntimeDistCleaner@5f27d271]}
[19:18:45] [main/DEBUG] (cpw.mods.modlauncher.LaunchPluginHandler) Final flags state for dev.architectury.event.events.client.ClientTickEvent$ClientLevel is 0
[19:18:45] [main/DEBUG] (cpw.mods.modlauncher.LaunchPluginHandler) LauncherPluginService runtime_enum_extender offering transform dev.architectury.event.events.client.ClientTickEvent$ClientLevel
[19:18:45] [main/DEBUG] (cpw.mods.modlauncher.LaunchPluginHandler) LauncherPluginService runtimedistcleaner offering transform dev.architectury.event.events.client.ClientTickEvent$ClientLevel
[19:18:45] [main/DEBUG] (net.neoforged.fml.common.asm.RuntimeDistCleaner) Removing Class Annotation: dev/architectury/event/events/client/ClientTickEvent$ClientLevel @Lnet/neoforged/api/distmarker/OnlyIn;
[19:18:45] [main/DEBUG] (cpw.mods.modlauncher.LaunchPluginHandler) LauncherPluginService runtimedistcleaner transformed dev.architectury.event.events.client.ClientTickEvent$ClientLevel with class compute flags 256
[19:18:45] [main/DEBUG] (cpw.mods.modlauncher.LaunchPluginHandler) Final flags state for dev.architectury.event.events.client.ClientTickEvent$ClientLevel is 256
[19:18:45] [main/DEBUG] (cpw.mods.modlauncher.LaunchPluginHandler) LaunchPluginService {BEFORE=[net.neoforged.accesstransformer.ml.AccessTransformerService@597050fa], AFTER=[net.neoforged.fml.common.asm.RuntimeEnumExtender@2799f9a, juuxel.unprotect.UnprotectLaunchPlugin@3e6f3ad5, net.neoforged.fml.common.asm.RuntimeDistCleaner@5f27d271]}
[19:18:45] [main/DEBUG] (cpw.mods.modlauncher.LaunchPluginHandler) LauncherPluginService accesstransformer offering transform net.minecraft.world.level.Level
[19:18:45] [main/DEBUG] (net.neoforged.accesstransformer.AccessTransformer) Transforming net.minecraft.world.level.Level FIELD oRainLevel to access PUBLIC and LEAVE
[19:18:45] [main/DEBUG] (net.neoforged.accesstransformer.AccessTransformer) Transforming net.minecraft.world.level.Level FIELD rainLevel to access PUBLIC and LEAVE
[19:18:45] [main/DEBUG] (net.neoforged.accesstransformer.AccessTransformer) Transforming net.minecraft.world.level.Level FIELD oThunderLevel to access PUBLIC and LEAVE
[19:18:45] [main/DEBUG] (net.neoforged.accesstransformer.AccessTransformer) Transforming net.minecraft.world.level.Level FIELD thunderLevel to access PUBLIC and LEAVE
[19:18:45] [main/DEBUG] (cpw.mods.modlauncher.LaunchPluginHandler) LauncherPluginService accesstransformer transformed net.minecraft.world.level.Level with class compute flags 256
[19:18:45] [main/DEBUG] (cpw.mods.modlauncher.LaunchPluginHandler) Final flags state for net.minecraft.world.level.Level is 256
[19:18:45] [main/DEBUG] (cpw.mods.modlauncher.LaunchPluginHandler) LauncherPluginService runtime_enum_extender offering transform net.minecraft.world.level.Level
[19:18:45] [main/DEBUG] (cpw.mods.modlauncher.LaunchPluginHandler) LauncherPluginService unprotect offering transform net.minecraft.world.level.Level
[19:18:45] [main/DEBUG] (cpw.mods.modlauncher.LaunchPluginHandler) LauncherPluginService unprotect transformed net.minecraft.world.level.Level with class compute flags 2
[19:18:45] [main/DEBUG] (cpw.mods.modlauncher.LaunchPluginHandler) LauncherPluginService runtimedistcleaner offering transform net.minecraft.world.level.Level
[19:18:45] [main/DEBUG] (cpw.mods.modlauncher.LaunchPluginHandler) Final flags state for net.minecraft.world.level.Level is 2
[19:18:45] [main/DEBUG] (cpw.mods.modlauncher.LaunchPluginHandler) LaunchPluginService {AFTER=[net.neoforged.fml.common.asm.RuntimeEnumExtender@2799f9a, net.neoforged.fml.common.asm.RuntimeDistCleaner@5f27d271]}
[19:18:45] [main/DEBUG] (cpw.mods.modlauncher.LaunchPluginHandler) Final flags state for dev.architectury.event.events.client.ClientLifecycleEvent$ClientState is 0
[19:18:45] [main/DEBUG] (cpw.mods.modlauncher.LaunchPluginHandler) LauncherPluginService runtime_enum_extender offering transform dev.architectury.event.events.client.ClientLifecycleEvent$ClientState
[19:18:45] [main/DEBUG] (cpw.mods.modlauncher.LaunchPluginHandler) LauncherPluginService runtimedistcleaner offering transform dev.architectury.event.events.client.ClientLifecycleEvent$ClientState
[19:18:45] [main/DEBUG] (net.neoforged.fml.common.asm.RuntimeDistCleaner) Removing Class Annotation: dev/architectury/event/events/client/ClientLifecycleEvent$ClientState @Lnet/neoforged/api/distmarker/OnlyIn;
[19:18:45] [main/DEBUG] (cpw.mods.modlauncher.LaunchPluginHandler) LauncherPluginService runtimedistcleaner transformed dev.architectury.event.events.client.ClientLifecycleEvent$ClientState with class compute flags 256
[19:18:45] [main/DEBUG] (cpw.mods.modlauncher.LaunchPluginHandler) Final flags state for dev.architectury.event.events.client.ClientLifecycleEvent$ClientState is 256
[19:18:45] [main/DEBUG] (cpw.mods.modlauncher.LaunchPluginHandler) LaunchPluginService {AFTER=[net.neoforged.fml.common.asm.RuntimeEnumExtender@2799f9a, net.neoforged.fml.common.asm.RuntimeDistCleaner@5f27d271]}
[19:18:45] [main/DEBUG] (cpw.mods.modlauncher.LaunchPluginHandler) Final flags state for org.spongepowered.asm.mixin.injection.At$Shift is 0
[19:18:45] [main/DEBUG] (cpw.mods.modlauncher.LaunchPluginHandler) LauncherPluginService runtime_enum_extender offering transform org.spongepowered.asm.mixin.injection.At$Shift
[19:18:45] [main/DEBUG] (cpw.mods.modlauncher.LaunchPluginHandler) LauncherPluginService runtimedistcleaner offering transform org.spongepowered.asm.mixin.injection.At$Shift
[19:18:45] [main/DEBUG] (cpw.mods.modlauncher.LaunchPluginHandler) Final flags state for org.spongepowered.asm.mixin.injection.At$Shift is 0
[19:18:45] [main/DEBUG] (cpw.mods.modlauncher.LaunchPluginHandler) LaunchPluginService {AFTER=[net.neoforged.fml.common.asm.RuntimeEnumExtender@2799f9a, net.neoforged.fml.common.asm.RuntimeDistCleaner@5f27d271]}
[19:18:45] [main/DEBUG] (cpw.mods.modlauncher.LaunchPluginHandler) Final flags state for net.neoforged.neoforge.event.level.ChunkDataEvent$Load is 0
[19:18:45] [main/DEBUG] (cpw.mods.modlauncher.LaunchPluginHandler) LauncherPluginService runtime_enum_extender offering transform net.neoforged.neoforge.event.level.ChunkDataEvent$Load
[19:18:45] [main/DEBUG] (cpw.mods.modlauncher.LaunchPluginHandler) LauncherPluginService runtimedistcleaner offering transform net.neoforged.neoforge.event.level.ChunkDataEvent$Load
[19:18:45] [main/DEBUG] (cpw.mods.modlauncher.LaunchPluginHandler) Final flags state for net.neoforged.neoforge.event.level.ChunkDataEvent$Load is 0
[19:18:45] [main/DEBUG] (cpw.mods.modlauncher.LaunchPluginHandler) LaunchPluginService {AFTER=[net.neoforged.fml.common.asm.RuntimeEnumExtender@2799f9a, net.neoforged.fml.common.asm.RuntimeDistCleaner@5f27d271]}
[19:18:45] [main/DEBUG] (cpw.mods.modlauncher.LaunchPluginHandler) Final flags state for dev.architectury.event.events.common.LightningEvent$Strike is 0
[19:18:45] [main/DEBUG] (cpw.mods.modlauncher.LaunchPluginHandler) LauncherPluginService runtime_enum_extender offering transform dev.architectury.event.events.common.LightningEvent$Strike
[19:18:45] [main/DEBUG] (cpw.mods.modlauncher.LaunchPluginHandler) LauncherPluginService runtimedistcleaner offering transform dev.architectury.event.events.common.LightningEvent$Strike
[19:18:45] [main/DEBUG] (cpw.mods.modlauncher.LaunchPluginHandler) Final flags state for dev.architectury.event.events.common.LightningEvent$Strike is 0
[19:18:45] [main/DEBUG] (cpw.mods.modlauncher.LaunchPluginHandler) LaunchPluginService {AFTER=[net.neoforged.fml.common.asm.RuntimeEnumExtender@2799f9a, juuxel.unprotect.UnprotectLaunchPlugin@3e6f3ad5, net.neoforged.fml.common.asm.RuntimeDistCleaner@5f27d271]}
[19:18:45] [main/DEBUG] (cpw.mods.modlauncher.LaunchPluginHandler) Final flags state for net.minecraft.world.level.levelgen.NoiseChunk$BlockStateFiller is 0
[19:18:45] [main/DEBUG] (cpw.mods.modlauncher.LaunchPluginHandler) LauncherPluginService runtime_enum_extender offering transform net.minecraft.world.level.levelgen.NoiseChunk$BlockStateFiller
[19:18:45] [main/DEBUG] (cpw.mods.modlauncher.LaunchPluginHandler) LauncherPluginService unprotect offering transform net.minecraft.world.level.levelgen.NoiseChunk$BlockStateFiller
[19:18:45] [main/DEBUG] (cpw.mods.modlauncher.LaunchPluginHandler) LauncherPluginService runtimedistcleaner offering transform net.minecraft.world.level.levelgen.NoiseChunk$BlockStateFiller
[19:18:45] [main/DEBUG] (cpw.mods.modlauncher.LaunchPluginHandler) Final flags state for net.minecraft.world.level.levelgen.NoiseChunk$BlockStateFiller is 0
[19:18:45] [main/DEBUG] (cpw.mods.modlauncher.LaunchPluginHandler) LaunchPluginService {AFTER=[net.neoforged.fml.common.asm.RuntimeEnumExtender@2799f9a, juuxel.unprotect.UnprotectLaunchPlugin@3e6f3ad5, net.neoforged.fml.common.asm.RuntimeDistCleaner@5f27d271]}
[19:18:45] [main/DEBUG] (cpw.mods.modlauncher.LaunchPluginHandler) Final flags state for net.minecraft.world.level.levelgen.DensityFunction$FunctionContext is 0
[19:18:45] [main/DEBUG] (cpw.mods.modlauncher.LaunchPluginHandler) LauncherPluginService runtime_enum_extender offering transform net.minecraft.world.level.levelgen.DensityFunction$FunctionContext
[19:18:45] [main/DEBUG] (cpw.mods.modlauncher.LaunchPluginHandler) LauncherPluginService unprotect offering transform net.minecraft.world.level.levelgen.DensityFunction$FunctionContext
[19:18:45] [main/DEBUG] (cpw.mods.modlauncher.LaunchPluginHandler) LauncherPluginService runtimedistcleaner offering transform net.minecraft.world.level.levelgen.DensityFunction$FunctionContext
[19:18:45] [main/DEBUG] (cpw.mods.modlauncher.LaunchPluginHandler) Final flags state for net.minecraft.world.level.levelgen.DensityFunction$FunctionContext is 0
[19:18:45] [main/DEBUG] (cpw.mods.modlauncher.LaunchPluginHandler) LaunchPluginService {AFTER=[net.neoforged.fml.common.asm.RuntimeEnumExtender@2799f9a, net.neoforged.fml.common.asm.RuntimeDistCleaner@5f27d271]}
[19:18:45] [main/DEBUG] (cpw.mods.modlauncher.LaunchPluginHandler) Final flags state for java.lang.invoke.MethodHandles$Lookup is 0
[19:18:45] [main/DEBUG] (cpw.mods.modlauncher.LaunchPluginHandler) LauncherPluginService runtime_enum_extender offering transform java.lang.invoke.MethodHandles$Lookup
[19:18:45] [main/DEBUG] (cpw.mods.modlauncher.LaunchPluginHandler) LauncherPluginService runtimedistcleaner offering transform java.lang.invoke.MethodHandles$Lookup
[19:18:45] [main/DEBUG] (cpw.mods.modlauncher.LaunchPluginHandler) Final flags state for java.lang.invoke.MethodHandles$Lookup is 0
[19:18:45] [main/DEBUG] (mixin) Prepared 18 mixins in 0.272 sec (15.1ms avg) (0ms load, 0ms transform, 0ms plugin)
[19:18:45] [main/DEBUG] (cpw.mods.modlauncher.LaunchPluginHandler) LauncherPluginService runtime_enum_extender offering transform net.neoforged.neoforge.client.loading.NeoForgeLoadingOverlay
[19:18:45] [main/DEBUG] (cpw.mods.modlauncher.LaunchPluginHandler) LauncherPluginService runtimedistcleaner offering transform net.neoforged.neoforge.client.loading.NeoForgeLoadingOverlay
[19:18:45] [main/DEBUG] (cpw.mods.modlauncher.LaunchPluginHandler) Final flags state for net.neoforged.neoforge.client.loading.NeoForgeLoadingOverlay is 0
[19:18:46] [main/DEBUG] (cpw.mods.modlauncher.LaunchPluginHandler) LaunchPluginService {AFTER=[org.spongepowered.asm.launch.MixinLaunchPlugin@5a1c0bcc, net.neoforged.fml.common.asm.RuntimeEnumExtender@2799f9a, juuxel.unprotect.UnprotectLaunchPlugin@3e6f3ad5, net.neoforged.fml.common.asm.RuntimeDistCleaner@5f27d271]}
[19:18:46] [main/DEBUG] (cpw.mods.modlauncher.LaunchPluginHandler) Final flags state for net.minecraft.client.gui.screens.LoadingOverlay is 0
[19:18:46] [main/DEBUG] (cpw.mods.modlauncher.LaunchPluginHandler) LauncherPluginService mixin offering transform net.minecraft.client.gui.screens.LoadingOverlay
[19:18:46] [main/DEBUG] (cpw.mods.modlauncher.LaunchPluginHandler) LauncherPluginService runtime_enum_extender offering transform net.minecraft.client.gui.screens.LoadingOverlay
[19:18:46] [main/DEBUG] (cpw.mods.modlauncher.LaunchPluginHandler) LauncherPluginService unprotect offering transform net.minecraft.client.gui.screens.LoadingOverlay
[19:18:46] [main/DEBUG] (cpw.mods.modlauncher.LaunchPluginHandler) LauncherPluginService unprotect transformed net.minecraft.client.gui.screens.LoadingOverlay with class compute flags 2
[19:18:46] [main/DEBUG] (cpw.mods.modlauncher.LaunchPluginHandler) LauncherPluginService runtimedistcleaner offering transform net.minecraft.client.gui.screens.LoadingOverlay
[19:18:46] [main/DEBUG] (net.neoforged.fml.common.asm.RuntimeDistCleaner) Removing Class Annotation: net/minecraft/client/gui/screens/LoadingOverlay @Lnet/neoforged/api/distmarker/OnlyIn;
[19:18:46] [main/DEBUG] (cpw.mods.modlauncher.LaunchPluginHandler) LauncherPluginService runtimedistcleaner transformed net.minecraft.client.gui.screens.LoadingOverlay with class compute flags 256
[19:18:46] [main/DEBUG] (cpw.mods.modlauncher.LaunchPluginHandler) Final flags state for net.minecraft.client.gui.screens.LoadingOverlay is 258
[19:18:46] [main/DEBUG] (cpw.mods.modlauncher.LaunchPluginHandler) LaunchPluginService {AFTER=[org.spongepowered.asm.launch.MixinLaunchPlugin@5a1c0bcc, net.neoforged.fml.common.asm.RuntimeEnumExtender@2799f9a, juuxel.unprotect.UnprotectLaunchPlugin@3e6f3ad5, net.neoforged.fml.common.asm.RuntimeDistCleaner@5f27d271]}
[19:18:46] [main/DEBUG] (cpw.mods.modlauncher.LaunchPluginHandler) Final flags state for net.minecraft.client.gui.screens.Overlay is 0
[19:18:46] [main/DEBUG] (cpw.mods.modlauncher.LaunchPluginHandler) LauncherPluginService mixin offering transform net.minecraft.client.gui.screens.Overlay
[19:18:46] [main/DEBUG] (cpw.mods.modlauncher.LaunchPluginHandler) LauncherPluginService runtime_enum_extender offering transform net.minecraft.client.gui.screens.Overlay
[19:18:46] [main/DEBUG] (cpw.mods.modlauncher.LaunchPluginHandler) LauncherPluginService unprotect offering transform net.minecraft.client.gui.screens.Overlay
[19:18:46] [main/DEBUG] (cpw.mods.modlauncher.LaunchPluginHandler) LauncherPluginService runtimedistcleaner offering transform net.minecraft.client.gui.screens.Overlay
[19:18:46] [main/DEBUG] (net.neoforged.fml.common.asm.RuntimeDistCleaner) Removing Class Annotation: net/minecraft/client/gui/screens/Overlay @Lnet/neoforged/api/distmarker/OnlyIn;
[19:18:46] [main/DEBUG] (cpw.mods.modlauncher.LaunchPluginHandler) LauncherPluginService runtimedistcleaner transformed net.minecraft.client.gui.screens.Overlay with class compute flags 256
[19:18:46] [main/DEBUG] (cpw.mods.modlauncher.LaunchPluginHandler) Final flags state for net.minecraft.client.gui.screens.Overlay is 256
[19:18:46] [main/DEBUG] (cpw.mods.modlauncher.LaunchPluginHandler) LaunchPluginService {AFTER=[org.spongepowered.asm.launch.MixinLaunchPlugin@5a1c0bcc, net.neoforged.fml.common.asm.RuntimeEnumExtender@2799f9a, juuxel.unprotect.UnprotectLaunchPlugin@3e6f3ad5, net.neoforged.fml.common.asm.RuntimeDistCleaner@5f27d271]}
[19:18:46] [main/DEBUG] (cpw.mods.modlauncher.LaunchPluginHandler) Final flags state for net.minecraft.client.gui.components.Renderable is 0
[19:18:46] [main/DEBUG] (cpw.mods.modlauncher.LaunchPluginHandler) LauncherPluginService mixin offering transform net.minecraft.client.gui.components.Renderable
[19:18:46] [main/DEBUG] (cpw.mods.modlauncher.LaunchPluginHandler) LauncherPluginService runtime_enum_extender offering transform net.minecraft.client.gui.components.Renderable
[19:18:46] [main/DEBUG] (cpw.mods.modlauncher.LaunchPluginHandler) LauncherPluginService unprotect offering transform net.minecraft.client.gui.components.Renderable
[19:18:46] [main/DEBUG] (cpw.mods.modlauncher.LaunchPluginHandler) LauncherPluginService runtimedistcleaner offering transform net.minecraft.client.gui.components.Renderable
[19:18:46] [main/DEBUG] (net.neoforged.fml.common.asm.RuntimeDistCleaner) Removing Class Annotation: net/minecraft/client/gui/components/Renderable @Lnet/neoforged/api/distmarker/OnlyIn;
[19:18:46] [main/DEBUG] (cpw.mods.modlauncher.LaunchPluginHandler) LauncherPluginService runtimedistcleaner transformed net.minecraft.client.gui.components.Renderable with class compute flags 256
[19:18:46] [main/DEBUG] (cpw.mods.modlauncher.LaunchPluginHandler) Final flags state for net.minecraft.client.gui.components.Renderable is 256
[19:18:46] [main/DEBUG] (cpw.mods.modlauncher.LaunchPluginHandler) LaunchPluginService {AFTER=[org.spongepowered.asm.launch.MixinLaunchPlugin@5a1c0bcc, net.neoforged.fml.common.asm.RuntimeEnumExtender@2799f9a, juuxel.unprotect.UnprotectLaunchPlugin@3e6f3ad5, net.neoforged.fml.common.asm.RuntimeDistCleaner@5f27d271]}
[19:18:46] [main/DEBUG] (cpw.mods.modlauncher.LaunchPluginHandler) Final flags state for net.minecraft.client.renderer.texture.AbstractTexture is 0
[19:18:46] [main/DEBUG] (cpw.mods.modlauncher.LaunchPluginHandler) LauncherPluginService mixin offering transform net.minecraft.client.renderer.texture.AbstractTexture
[19:18:46] [main/DEBUG] (cpw.mods.modlauncher.LaunchPluginHandler) LauncherPluginService runtime_enum_extender offering transform net.minecraft.client.renderer.texture.AbstractTexture
[19:18:46] [main/DEBUG] (cpw.mods.modlauncher.LaunchPluginHandler) LauncherPluginService unprotect offering transform net.minecraft.client.renderer.texture.AbstractTexture
[19:18:46] [main/DEBUG] (cpw.mods.modlauncher.LaunchPluginHandler) LauncherPluginService unprotect transformed net.minecraft.client.renderer.texture.AbstractTexture with class compute flags 2
[19:18:46] [main/DEBUG] (cpw.mods.modlauncher.LaunchPluginHandler) LauncherPluginService runtimedistcleaner offering transform net.minecraft.client.renderer.texture.AbstractTexture
[19:18:46] [main/DEBUG] (net.neoforged.fml.common.asm.RuntimeDistCleaner) Removing Class Annotation: net/minecraft/client/renderer/texture/AbstractTexture @Lnet/neoforged/api/distmarker/OnlyIn;
[19:18:46] [main/DEBUG] (cpw.mods.modlauncher.LaunchPluginHandler) LauncherPluginService runtimedistcleaner transformed net.minecraft.client.renderer.texture.AbstractTexture with class compute flags 256
[19:18:46] [main/DEBUG] (cpw.mods.modlauncher.LaunchPluginHandler) Final flags state for net.minecraft.client.renderer.texture.AbstractTexture is 258
[19:18:46] [main/DEBUG] (cpw.mods.modlauncher.LaunchPluginHandler) LaunchPluginService {AFTER=[org.spongepowered.asm.launch.MixinLaunchPlugin@5a1c0bcc, net.neoforged.fml.common.asm.RuntimeEnumExtender@2799f9a, juuxel.unprotect.UnprotectLaunchPlugin@3e6f3ad5, net.neoforged.fml.common.asm.RuntimeDistCleaner@5f27d271]}
[19:18:46] [main/DEBUG] (cpw.mods.modlauncher.LaunchPluginHandler) Final flags state for net.minecraft.client.gui.screens.LoadingOverlay$LogoTexture is 0
[19:18:46] [main/DEBUG] (cpw.mods.modlauncher.LaunchPluginHandler) LauncherPluginService mixin offering transform net.minecraft.client.gui.screens.LoadingOverlay$LogoTexture
[19:18:46] [main/DEBUG] (cpw.mods.modlauncher.LaunchPluginHandler) LauncherPluginService runtime_enum_extender offering transform net.minecraft.client.gui.screens.LoadingOverlay$LogoTexture
[19:18:46] [main/DEBUG] (cpw.mods.modlauncher.LaunchPluginHandler) LauncherPluginService unprotect offering transform net.minecraft.client.gui.screens.LoadingOverlay$LogoTexture
[19:18:46] [main/DEBUG] (cpw.mods.modlauncher.LaunchPluginHandler) LauncherPluginService unprotect transformed net.minecraft.client.gui.screens.LoadingOverlay$LogoTexture with class compute flags 2
[19:18:46] [main/DEBUG] (cpw.mods.modlauncher.LaunchPluginHandler) LauncherPluginService runtimedistcleaner offering transform net.minecraft.client.gui.screens.LoadingOverlay$LogoTexture
[19:18:46] [main/DEBUG] (net.neoforged.fml.common.asm.RuntimeDistCleaner) Removing Class Annotation: net/minecraft/client/gui/screens/LoadingOverlay$LogoTexture @Lnet/neoforged/api/distmarker/OnlyIn;
[19:18:46] [main/DEBUG] (cpw.mods.modlauncher.LaunchPluginHandler) LauncherPluginService runtimedistcleaner transformed net.minecraft.client.gui.screens.LoadingOverlay$LogoTexture with class compute flags 256
[19:18:46] [main/DEBUG] (cpw.mods.modlauncher.LaunchPluginHandler) Final flags state for net.minecraft.client.gui.screens.LoadingOverlay$LogoTexture is 258
[19:18:46] [main/DEBUG] (cpw.mods.modlauncher.LaunchPluginHandler) LaunchPluginService {AFTER=[org.spongepowered.asm.launch.MixinLaunchPlugin@5a1c0bcc, net.neoforged.fml.common.asm.RuntimeEnumExtender@2799f9a, juuxel.unprotect.UnprotectLaunchPlugin@3e6f3ad5, net.neoforged.fml.common.asm.RuntimeDistCleaner@5f27d271]}
[19:18:46] [main/DEBUG] (cpw.mods.modlauncher.LaunchPluginHandler) Final flags state for net.minecraft.client.renderer.texture.SimpleTexture is 0
[19:18:46] [main/DEBUG] (cpw.mods.modlauncher.LaunchPluginHandler) LauncherPluginService mixin offering transform net.minecraft.client.renderer.texture.SimpleTexture
[19:18:46] [main/DEBUG] (cpw.mods.modlauncher.LaunchPluginHandler) LauncherPluginService runtime_enum_extender offering transform net.minecraft.client.renderer.texture.SimpleTexture
[19:18:46] [main/DEBUG] (cpw.mods.modlauncher.LaunchPluginHandler) LauncherPluginService unprotect offering transform net.minecraft.client.renderer.texture.SimpleTexture
[19:18:46] [main/DEBUG] (cpw.mods.modlauncher.LaunchPluginHandler) LauncherPluginService unprotect transformed net.minecraft.client.renderer.texture.SimpleTexture with class compute flags 2
[19:18:46] [main/DEBUG] (cpw.mods.modlauncher.LaunchPluginHandler) LauncherPluginService runtimedistcleaner offering transform net.minecraft.client.renderer.texture.SimpleTexture
[19:18:46] [main/DEBUG] (net.neoforged.fml.common.asm.RuntimeDistCleaner) Removing Class Annotation: net/minecraft/client/renderer/texture/SimpleTexture @Lnet/neoforged/api/distmarker/OnlyIn;
[19:18:46] [main/DEBUG] (cpw.mods.modlauncher.LaunchPluginHandler) LauncherPluginService runtimedistcleaner transformed net.minecraft.client.renderer.texture.SimpleTexture with class compute flags 256
[19:18:46] [main/DEBUG] (cpw.mods.modlauncher.LaunchPluginHandler) Final flags state for net.minecraft.client.renderer.texture.SimpleTexture is 258
[19:18:46] [main/DEBUG] (cpw.mods.modlauncher.LaunchPluginHandler) LaunchPluginService {AFTER=[org.spongepowered.asm.launch.MixinLaunchPlugin@5a1c0bcc, net.neoforged.fml.common.asm.RuntimeEnumExtender@2799f9a, juuxel.unprotect.UnprotectLaunchPlugin@3e6f3ad5, net.neoforged.fml.common.asm.RuntimeDistCleaner@5f27d271]}
[19:18:46] [main/DEBUG] (cpw.mods.modlauncher.LaunchPluginHandler) Final flags state for com.mojang.blaze3d.vertex.BufferVertexConsumer is 0
[19:18:46] [main/DEBUG] (cpw.mods.modlauncher.LaunchPluginHandler) LauncherPluginService mixin offering transform com.mojang.blaze3d.vertex.BufferVertexConsumer
[19:18:46] [main/DEBUG] (cpw.mods.modlauncher.LaunchPluginHandler) LauncherPluginService runtime_enum_extender offering transform com.mojang.blaze3d.vertex.BufferVertexConsumer
[19:18:46] [main/DEBUG] (cpw.mods.modlauncher.LaunchPluginHandler) LauncherPluginService unprotect offering transform com.mojang.blaze3d.vertex.BufferVertexConsumer
[19:18:46] [main/DEBUG] (cpw.mods.modlauncher.LaunchPluginHandler) LauncherPluginService runtimedistcleaner offering transform com.mojang.blaze3d.vertex.BufferVertexConsumer
[19:18:46] [main/DEBUG] (net.neoforged.fml.common.asm.RuntimeDistCleaner) Removing Class Annotation: com/mojang/blaze3d/vertex/BufferVertexConsumer @Lnet/neoforged/api/distmarker/OnlyIn;
[19:18:46] [main/DEBUG] (cpw.mods.modlauncher.LaunchPluginHandler) LauncherPluginService runtimedistcleaner transformed com.mojang.blaze3d.vertex.BufferVertexConsumer with class compute flags 256
[19:18:46] [main/DEBUG] (cpw.mods.modlauncher.LaunchPluginHandler) Final flags state for com.mojang.blaze3d.vertex.BufferVertexConsumer is 256
[19:18:46] [main/DEBUG] (cpw.mods.modlauncher.LaunchPluginHandler) LaunchPluginService {AFTER=[org.spongepowered.asm.launch.MixinLaunchPlugin@5a1c0bcc, net.neoforged.fml.common.asm.RuntimeEnumExtender@2799f9a, juuxel.unprotect.UnprotectLaunchPlugin@3e6f3ad5, net.neoforged.fml.common.asm.RuntimeDistCleaner@5f27d271]}
[19:18:46] [main/DEBUG] (cpw.mods.modlauncher.LaunchPluginHandler) Final flags state for com.mojang.blaze3d.vertex.VertexConsumer is 0
[19:18:46] [main/DEBUG] (cpw.mods.modlauncher.LaunchPluginHandler) LauncherPluginService mixin offering transform com.mojang.blaze3d.vertex.VertexConsumer
[19:18:46] [main/DEBUG] (cpw.mods.modlauncher.LaunchPluginHandler) LauncherPluginService runtime_enum_extender offering transform com.mojang.blaze3d.vertex.VertexConsumer
[19:18:46] [main/DEBUG] (cpw.mods.modlauncher.LaunchPluginHandler) LauncherPluginService unprotect offering transform com.mojang.blaze3d.vertex.VertexConsumer
[19:18:46] [main/DEBUG] (cpw.mods.modlauncher.LaunchPluginHandler) LauncherPluginService runtimedistcleaner offering transform com.mojang.blaze3d.vertex.VertexConsumer
[19:18:46] [main/DEBUG] (net.neoforged.fml.common.asm.RuntimeDistCleaner) Removing Class Annotation: com/mojang/blaze3d/vertex/VertexConsumer @Lnet/neoforged/api/distmarker/OnlyIn;
[19:18:46] [main/DEBUG] (cpw.mods.modlauncher.LaunchPluginHandler) LauncherPluginService runtimedistcleaner transformed com.mojang.blaze3d.vertex.VertexConsumer with class compute flags 256
[19:18:46] [main/DEBUG] (cpw.mods.modlauncher.LaunchPluginHandler) Final flags state for com.mojang.blaze3d.vertex.VertexConsumer is 256
[19:18:46] [main/DEBUG] (cpw.mods.modlauncher.LaunchPluginHandler) LaunchPluginService {AFTER=[org.spongepowered.asm.launch.MixinLaunchPlugin@5a1c0bcc, net.neoforged.fml.common.asm.RuntimeEnumExtender@2799f9a, net.neoforged.fml.common.asm.RuntimeDistCleaner@5f27d271]}
[19:18:46] [main/DEBUG] (cpw.mods.modlauncher.LaunchPluginHandler) Final flags state for net.neoforged.neoforge.client.extensions.IVertexConsumerExtension is 0
[19:18:46] [main/DEBUG] (cpw.mods.modlauncher.LaunchPluginHandler) LauncherPluginService mixin offering transform net.neoforged.neoforge.client.extensions.IVertexConsumerExtension
[19:18:46] [main/DEBUG] (cpw.mods.modlauncher.LaunchPluginHandler) LauncherPluginService runtime_enum_extender offering transform net.neoforged.neoforge.client.extensions.IVertexConsumerExtension
[19:18:46] [main/DEBUG] (cpw.mods.modlauncher.LaunchPluginHandler) LauncherPluginService runtimedistcleaner offering transform net.neoforged.neoforge.client.extensions.IVertexConsumerExtension
[19:18:46] [main/DEBUG] (cpw.mods.modlauncher.LaunchPluginHandler) Final flags state for net.neoforged.neoforge.client.extensions.IVertexConsumerExtension is 0
[19:18:46] [main/DEBUG] (cpw.mods.modlauncher.LaunchPluginHandler) LaunchPluginService {AFTER=[org.spongepowered.asm.launch.MixinLaunchPlugin@5a1c0bcc, net.neoforged.fml.common.asm.RuntimeEnumExtender@2799f9a, juuxel.unprotect.UnprotectLaunchPlugin@3e6f3ad5, net.neoforged.fml.common.asm.RuntimeDistCleaner@5f27d271]}
[19:18:46] [main/DEBUG] (cpw.mods.modlauncher.LaunchPluginHandler) Final flags state for net.minecraft.client.gui.GuiGraphics is 0
[19:18:46] [main/DEBUG] (cpw.mods.modlauncher.LaunchPluginHandler) LauncherPluginService mixin offering transform net.minecraft.client.gui.GuiGraphics
[19:18:46] [main/DEBUG] (cpw.mods.modlauncher.LaunchPluginHandler) LauncherPluginService runtime_enum_extender offering transform net.minecraft.client.gui.GuiGraphics
[19:18:46] [main/DEBUG] (cpw.mods.modlauncher.LaunchPluginHandler) LauncherPluginService unprotect offering transform net.minecraft.client.gui.GuiGraphics
[19:18:46] [main/DEBUG] (cpw.mods.modlauncher.LaunchPluginHandler) LauncherPluginService unprotect transformed net.minecraft.client.gui.GuiGraphics with class compute flags 2
[19:18:46] [main/DEBUG] (cpw.mods.modlauncher.LaunchPluginHandler) LauncherPluginService runtimedistcleaner offering transform net.minecraft.client.gui.GuiGraphics
[19:18:46] [main/DEBUG] (net.neoforged.fml.common.asm.RuntimeDistCleaner) Removing Class Annotation: net/minecraft/client/gui/GuiGraphics @Lnet/neoforged/api/distmarker/OnlyIn;
[19:18:46] [main/DEBUG] (cpw.mods.modlauncher.LaunchPluginHandler) LauncherPluginService runtimedistcleaner transformed net.minecraft.client.gui.GuiGraphics with class compute flags 256
[19:18:46] [main/DEBUG] (cpw.mods.modlauncher.LaunchPluginHandler) Final flags state for net.minecraft.client.gui.GuiGraphics is 258
[19:18:46] [main/DEBUG] (cpw.mods.modlauncher.LaunchPluginHandler) LaunchPluginService {AFTER=[org.spongepowered.asm.launch.MixinLaunchPlugin@5a1c0bcc, net.neoforged.fml.common.asm.RuntimeEnumExtender@2799f9a, net.neoforged.fml.common.asm.RuntimeDistCleaner@5f27d271]}
[19:18:46] [main/DEBUG] (cpw.mods.modlauncher.LaunchPluginHandler) Final flags state for net.neoforged.neoforge.client.extensions.IGuiGraphicsExtension is 0
[19:18:46] [main/DEBUG] (cpw.mods.modlauncher.LaunchPluginHandler) LauncherPluginService mixin offering transform net.neoforged.neoforge.client.extensions.IGuiGraphicsExtension
[19:18:46] [main/DEBUG] (cpw.mods.modlauncher.LaunchPluginHandler) LauncherPluginService runtime_enum_extender offering transform net.neoforged.neoforge.client.extensions.IGuiGraphicsExtension
[19:18:46] [main/DEBUG] (cpw.mods.modlauncher.LaunchPluginHandler) LauncherPluginService runtimedistcleaner offering transform net.neoforged.neoforge.client.extensions.IGuiGraphicsExtension
[19:18:46] [main/DEBUG] (cpw.mods.modlauncher.LaunchPluginHandler) Final flags state for net.neoforged.neoforge.client.extensions.IGuiGraphicsExtension is 0
[19:18:46] [main/DEBUG] (cpw.mods.modlauncher.LaunchPluginHandler) LaunchPluginService {BEFORE=[net.neoforged.accesstransformer.ml.AccessTransformerService@597050fa], AFTER=[org.spongepowered.asm.launch.MixinLaunchPlugin@5a1c0bcc, net.neoforged.fml.common.asm.RuntimeEnumExtender@2799f9a, juuxel.unprotect.UnprotectLaunchPlugin@3e6f3ad5, net.neoforged.fml.common.asm.RuntimeDistCleaner@5f27d271]}
[19:18:46] [main/DEBUG] (cpw.mods.modlauncher.LaunchPluginHandler) LauncherPluginService accesstransformer offering transform net.minecraft.client.Minecraft
[19:18:46] [main/DEBUG] (net.neoforged.accesstransformer.AccessTransformer) Transforming net.minecraft.client.Minecraft FIELD textureManager to access PUBLIC and LEAVE
[19:18:46] [main/DEBUG] (net.neoforged.accesstransformer.AccessTransformer) Transforming net.minecraft.client.Minecraft METHOD createSearchTrees()V to access PUBLIC and LEAVE
[19:18:46] [main/DEBUG] (cpw.mods.modlauncher.LaunchPluginHandler) LauncherPluginService accesstransformer transformed net.minecraft.client.Minecraft with class compute flags 256
[19:18:46] [main/DEBUG] (cpw.mods.modlauncher.LaunchPluginHandler) Final flags state for net.minecraft.client.Minecraft is 256
[19:18:46] [main/DEBUG] (cpw.mods.modlauncher.LaunchPluginHandler) LauncherPluginService mixin offering transform net.minecraft.client.Minecraft
[19:18:46] [main/INFO] (MixinExtras|Service) Initializing MixinExtras via com.llamalad7.mixinextras.service.MixinExtrasServiceImpl(version=0.3.5).
[19:18:46] [main/DEBUG] (cpw.mods.modlauncher.LaunchPluginHandler) LaunchPluginService {AFTER=[org.spongepowered.asm.launch.MixinLaunchPlugin@5a1c0bcc, net.neoforged.fml.common.asm.RuntimeEnumExtender@2799f9a, net.neoforged.fml.common.asm.RuntimeDistCleaner@5f27d271]}
[19:18:46] [main/DEBUG] (cpw.mods.modlauncher.LaunchPluginHandler) Final flags state for com.llamalad7.mixinextras.sugar.impl.SugarWrapper is 0
[19:18:46] [main/DEBUG] (cpw.mods.modlauncher.LaunchPluginHandler) LauncherPluginService mixin offering transform com.llamalad7.mixinextras.sugar.impl.SugarWrapper
[19:18:46] [main/DEBUG] (cpw.mods.modlauncher.LaunchPluginHandler) LauncherPluginService runtime_enum_extender offering transform com.llamalad7.mixinextras.sugar.impl.SugarWrapper
[19:18:46] [main/DEBUG] (cpw.mods.modlauncher.LaunchPluginHandler) LauncherPluginService runtimedistcleaner offering transform com.llamalad7.mixinextras.sugar.impl.SugarWrapper
[19:18:46] [main/DEBUG] (cpw.mods.modlauncher.LaunchPluginHandler) Final flags state for com.llamalad7.mixinextras.sugar.impl.SugarWrapper is 0
[19:18:46] [main/DEBUG] (mixin) Registering new injector for @SugarWrapper with com.llamalad7.mixinextras.sugar.impl.SugarWrapperInjectionInfo
[19:18:46] [main/DEBUG] (cpw.mods.modlauncher.LaunchPluginHandler) LaunchPluginService {AFTER=[org.spongepowered.asm.launch.MixinLaunchPlugin@5a1c0bcc, net.neoforged.fml.common.asm.RuntimeEnumExtender@2799f9a, net.neoforged.fml.common.asm.RuntimeDistCleaner@5f27d271]}
[19:18:46] [main/DEBUG] (cpw.mods.modlauncher.LaunchPluginHandler) Final flags state for com.llamalad7.mixinextras.wrapper.factory.FactoryRedirectWrapper is 0
[19:18:46] [main/DEBUG] (cpw.mods.modlauncher.LaunchPluginHandler) LauncherPluginService mixin offering transform com.llamalad7.mixinextras.wrapper.factory.FactoryRedirectWrapper
[19:18:46] [main/DEBUG] (cpw.mods.modlauncher.LaunchPluginHandler) LauncherPluginService runtime_enum_extender offering transform com.llamalad7.mixinextras.wrapper.factory.FactoryRedirectWrapper
[19:18:46] [main/DEBUG] (cpw.mods.modlauncher.LaunchPluginHandler) LauncherPluginService runtimedistcleaner offering transform com.llamalad7.mixinextras.wrapper.factory.FactoryRedirectWrapper
[19:18:46] [main/DEBUG] (cpw.mods.modlauncher.LaunchPluginHandler) Final flags state for com.llamalad7.mixinextras.wrapper.factory.FactoryRedirectWrapper is 0
[19:18:46] [main/DEBUG] (mixin) Registering new injector for @FactoryRedirectWrapper with com.llamalad7.mixinextras.wrapper.factory.FactoryRedirectWrapperInjectionInfo
[19:18:46] [main/DEBUG] (cpw.mods.modlauncher.LaunchPluginHandler) LaunchPluginService {AFTER=[org.spongepowered.asm.launch.MixinLaunchPlugin@5a1c0bcc, net.neoforged.fml.common.asm.RuntimeEnumExtender@2799f9a, net.neoforged.fml.common.asm.RuntimeDistCleaner@5f27d271]}
[19:18:46] [main/DEBUG] (cpw.mods.modlauncher.LaunchPluginHandler) Final flags state for com.llamalad7.mixinextras.lib.apache.commons.tuple.Pair is 0
[19:18:46] [main/DEBUG] (cpw.mods.modlauncher.LaunchPluginHandler) LauncherPluginService mixin offering transform com.llamalad7.mixinextras.lib.apache.commons.tuple.Pair
[19:18:46] [main/DEBUG] (cpw.mods.modlauncher.LaunchPluginHandler) LauncherPluginService runtime_enum_extender offering transform com.llamalad7.mixinextras.lib.apache.commons.tuple.Pair
[19:18:46] [main/DEBUG] (cpw.mods.modlauncher.LaunchPluginHandler) LauncherPluginService runtimedistcleaner offering transform com.llamalad7.mixinextras.lib.apache.commons.tuple.Pair
[19:18:46] [main/DEBUG] (cpw.mods.modlauncher.LaunchPluginHandler) Final flags state for com.llamalad7.mixinextras.lib.apache.commons.tuple.Pair is 0
[19:18:46] [main/DEBUG] (cpw.mods.modlauncher.LaunchPluginHandler) LaunchPluginService {AFTER=[org.spongepowered.asm.launch.MixinLaunchPlugin@5a1c0bcc, net.neoforged.fml.common.asm.RuntimeEnumExtender@2799f9a, net.neoforged.fml.common.asm.RuntimeDistCleaner@5f27d271]}
[19:18:46] [main/DEBUG] (cpw.mods.modlauncher.LaunchPluginHandler) Final flags state for com.llamalad7.mixinextras.lib.apache.commons.tuple.ImmutablePair is 0
[19:18:46] [main/DEBUG] (cpw.mods.modlauncher.LaunchPluginHandler) LauncherPluginService mixin offering transform com.llamalad7.mixinextras.lib.apache.commons.tuple.ImmutablePair
[19:18:46] [main/DEBUG] (cpw.mods.modlauncher.LaunchPluginHandler) LauncherPluginService runtime_enum_extender offering transform com.llamalad7.mixinextras.lib.apache.commons.tuple.ImmutablePair
[19:18:46] [main/DEBUG] (cpw.mods.modlauncher.LaunchPluginHandler) LauncherPluginService runtimedistcleaner offering transform com.llamalad7.mixinextras.lib.apache.commons.tuple.ImmutablePair
[19:18:46] [main/DEBUG] (cpw.mods.modlauncher.LaunchPluginHandler) Final flags state for com.llamalad7.mixinextras.lib.apache.commons.tuple.ImmutablePair is 0
[19:18:46] [main/DEBUG] (cpw.mods.modlauncher.LaunchPluginHandler) LaunchPluginService {AFTER=[org.spongepowered.asm.launch.MixinLaunchPlugin@5a1c0bcc, net.neoforged.fml.common.asm.RuntimeEnumExtender@2799f9a, net.neoforged.fml.common.asm.RuntimeDistCleaner@5f27d271]}
[19:18:46] [main/DEBUG] (cpw.mods.modlauncher.LaunchPluginHandler) Final flags state for com.llamalad7.mixinextras.sugar.impl.SugarInjector is 0
[19:18:46] [main/DEBUG] (cpw.mods.modlauncher.LaunchPluginHandler) LauncherPluginService mixin offering transform com.llamalad7.mixinextras.sugar.impl.SugarInjector
[19:18:46] [main/DEBUG] (cpw.mods.modlauncher.LaunchPluginHandler) LauncherPluginService runtime_enum_extender offering transform com.llamalad7.mixinextras.sugar.impl.SugarInjector
[19:18:46] [main/DEBUG] (cpw.mods.modlauncher.LaunchPluginHandler) LauncherPluginService runtimedistcleaner offering transform com.llamalad7.mixinextras.sugar.impl.SugarInjector
[19:18:46] [main/DEBUG] (cpw.mods.modlauncher.LaunchPluginHandler) Final flags state for com.llamalad7.mixinextras.sugar.impl.SugarInjector is 0
[19:18:46] [main/DEBUG] (cpw.mods.modlauncher.LaunchPluginHandler) LaunchPluginService {AFTER=[org.spongepowered.asm.launch.MixinLaunchPlugin@5a1c0bcc, net.neoforged.fml.common.asm.RuntimeEnumExtender@2799f9a, net.neoforged.fml.common.asm.RuntimeDistCleaner@5f27d271]}
[19:18:46] [main/DEBUG] (cpw.mods.modlauncher.LaunchPluginHandler) Final flags state for com.llamalad7.mixinextras.sugar.impl.SugarApplicationException is 0
[19:18:46] [main/DEBUG] (cpw.mods.modlauncher.LaunchPluginHandler) LauncherPluginService mixin offering transform com.llamalad7.mixinextras.sugar.impl.SugarApplicationException
[19:18:46] [main/DEBUG] (cpw.mods.modlauncher.LaunchPluginHandler) LauncherPluginService runtime_enum_extender offering transform com.llamalad7.mixinextras.sugar.impl.SugarApplicationException
[19:18:46] [main/DEBUG] (cpw.mods.modlauncher.LaunchPluginHandler) LauncherPluginService runtimedistcleaner offering transform com.llamalad7.mixinextras.sugar.impl.SugarApplicationException
[19:18:46] [main/DEBUG] (cpw.mods.modlauncher.LaunchPluginHandler) Final flags state for com.llamalad7.mixinextras.sugar.impl.SugarApplicationException is 0
[19:18:46] [main/DEBUG] (mixin) Mixing MixinMinecraft from architectury.mixins.json into net.minecraft.client.Minecraft
[19:18:46] [main/DEBUG] (cpw.mods.modlauncher.LaunchPluginHandler) LaunchPluginService {AFTER=[net.neoforged.fml.common.asm.RuntimeEnumExtender@2799f9a, juuxel.unprotect.UnprotectLaunchPlugin@3e6f3ad5, net.neoforged.fml.common.asm.RuntimeDistCleaner@5f27d271]}
[19:18:46] [main/DEBUG] (cpw.mods.modlauncher.LaunchPluginHandler) Final flags state for net.minecraft.util.thread.ReentrantBlockableEventLoop is 0
[19:18:46] [main/DEBUG] (cpw.mods.modlauncher.LaunchPluginHandler) LauncherPluginService runtime_enum_extender offering transform net.minecraft.util.thread.ReentrantBlockableEventLoop
[19:18:46] [main/DEBUG] (cpw.mods.modlauncher.LaunchPluginHandler) LauncherPluginService unprotect offering transform net.minecraft.util.thread.ReentrantBlockableEventLoop
[19:18:46] [main/DEBUG] (cpw.mods.modlauncher.LaunchPluginHandler) LauncherPluginService unprotect transformed net.minecraft.util.thread.ReentrantBlockableEventLoop with class compute flags 2
[19:18:46] [main/DEBUG] (cpw.mods.modlauncher.LaunchPluginHandler) LauncherPluginService runtimedistcleaner offering transform net.minecraft.util.thread.ReentrantBlockableEventLoop
[19:18:46] [main/DEBUG] (cpw.mods.modlauncher.LaunchPluginHandler) Final flags state for net.minecraft.util.thread.ReentrantBlockableEventLoop is 2
[19:18:46] [main/DEBUG] (cpw.mods.modlauncher.LaunchPluginHandler) LaunchPluginService {BEFORE=[net.neoforged.accesstransformer.ml.AccessTransformerService@597050fa], AFTER=[net.neoforged.fml.common.asm.RuntimeEnumExtender@2799f9a, juuxel.unprotect.UnprotectLaunchPlugin@3e6f3ad5, net.neoforged.fml.common.asm.RuntimeDistCleaner@5f27d271]}
[19:18:46] [main/DEBUG] (cpw.mods.modlauncher.LaunchPluginHandler) LauncherPluginService accesstransformer offering transform net.minecraft.util.thread.BlockableEventLoop
[19:18:46] [main/DEBUG] (net.neoforged.accesstransformer.AccessTransformer) Transforming net.minecraft.util.thread.BlockableEventLoop METHOD submitAsync(Ljava/lang/Runnable;)Ljava/util/concurrent/CompletableFuture; to access PUBLIC and LEAVE
[19:18:46] [main/DEBUG] (cpw.mods.modlauncher.LaunchPluginHandler) LauncherPluginService accesstransformer transformed net.minecraft.util.thread.BlockableEventLoop with class compute flags 256
[19:18:46] [main/DEBUG] (cpw.mods.modlauncher.LaunchPluginHandler) Final flags state for net.minecraft.util.thread.BlockableEventLoop is 256
[19:18:46] [main/DEBUG] (cpw.mods.modlauncher.LaunchPluginHandler) LauncherPluginService runtime_enum_extender offering transform net.minecraft.util.thread.BlockableEventLoop
[19:18:46] [main/DEBUG] (cpw.mods.modlauncher.LaunchPluginHandler) LauncherPluginService unprotect offering transform net.minecraft.util.thread.BlockableEventLoop
[19:18:46] [main/DEBUG] (cpw.mods.modlauncher.LaunchPluginHandler) LauncherPluginService unprotect transformed net.minecraft.util.thread.BlockableEventLoop with class compute flags 2
[19:18:46] [main/DEBUG] (cpw.mods.modlauncher.LaunchPluginHandler) LauncherPluginService runtimedistcleaner offering transform net.minecraft.util.thread.BlockableEventLoop
[19:18:46] [main/DEBUG] (cpw.mods.modlauncher.LaunchPluginHandler) Final flags state for net.minecraft.util.thread.BlockableEventLoop is 2
[19:18:46] [main/DEBUG] (mixin) architectury.mixins.json:MixinMinecraft from mod architectury: Class version 61 required is higher than the class version supported by the current version of Mixin (JAVA_16 supports class version 60)
[19:18:46] [main/DEBUG] (cpw.mods.modlauncher.LaunchPluginHandler) LaunchPluginService {AFTER=[net.neoforged.fml.common.asm.RuntimeEnumExtender@2799f9a, net.neoforged.fml.common.asm.RuntimeDistCleaner@5f27d271]}
[19:18:46] [main/DEBUG] (cpw.mods.modlauncher.LaunchPluginHandler) Final flags state for dev.architectury.event.events.client.ClientLifecycleEvent is 0
[19:18:46] [main/DEBUG] (cpw.mods.modlauncher.LaunchPluginHandler) LauncherPluginService runtime_enum_extender offering transform dev.architectury.event.events.client.ClientLifecycleEvent
[19:18:46] [main/DEBUG] (cpw.mods.modlauncher.LaunchPluginHandler) LauncherPluginService runtimedistcleaner offering transform dev.architectury.event.events.client.ClientLifecycleEvent
[19:18:46] [main/DEBUG] (net.neoforged.fml.common.asm.RuntimeDistCleaner) Removing Class Annotation: dev/architectury/event/events/client/ClientLifecycleEvent @Lnet/neoforged/api/distmarker/OnlyIn;
[19:18:46] [main/DEBUG] (cpw.mods.modlauncher.LaunchPluginHandler) LauncherPluginService runtimedistcleaner transformed dev.architectury.event.events.client.ClientLifecycleEvent with class compute flags 256
[19:18:46] [main/DEBUG] (cpw.mods.modlauncher.LaunchPluginHandler) Final flags state for dev.architectury.event.events.client.ClientLifecycleEvent is 256
[19:18:46] [main/DEBUG] (cpw.mods.modlauncher.LaunchPluginHandler) LaunchPluginService {AFTER=[net.neoforged.fml.common.asm.RuntimeEnumExtender@2799f9a, net.neoforged.fml.common.asm.RuntimeDistCleaner@5f27d271]}
[19:18:46] [main/DEBUG] (cpw.mods.modlauncher.LaunchPluginHandler) Final flags state for dev.architectury.event.Event is 0
[19:18:46] [main/DEBUG] (cpw.mods.modlauncher.LaunchPluginHandler) LauncherPluginService runtime_enum_extender offering transform dev.architectury.event.Event
[19:18:46] [main/DEBUG] (cpw.mods.modlauncher.LaunchPluginHandler) LauncherPluginService runtimedistcleaner offering transform dev.architectury.event.Event
[19:18:46] [main/DEBUG] (cpw.mods.modlauncher.LaunchPluginHandler) Final flags state for dev.architectury.event.Event is 0
[19:18:46] [main/DEBUG] (cpw.mods.modlauncher.LaunchPluginHandler) LaunchPluginService {AFTER=[net.neoforged.fml.common.asm.RuntimeEnumExtender@2799f9a, net.neoforged.fml.common.asm.RuntimeDistCleaner@5f27d271]}
[19:18:46] [main/DEBUG] (cpw.mods.modlauncher.LaunchPluginHandler) Final flags state for dev.architectury.event.events.common.LifecycleEvent$InstanceState is 0
[19:18:46] [main/DEBUG] (cpw.mods.modlauncher.LaunchPluginHandler) LauncherPluginService runtime_enum_extender offering transform dev.architectury.event.events.common.LifecycleEvent$InstanceState
[19:18:46] [main/DEBUG] (cpw.mods.modlauncher.LaunchPluginHandler) LauncherPluginService runtimedistcleaner offering transform dev.architectury.event.events.common.LifecycleEvent$InstanceState
[19:18:46] [main/DEBUG] (cpw.mods.modlauncher.LaunchPluginHandler) Final flags state for dev.architectury.event.events.common.LifecycleEvent$InstanceState is 0
[19:18:46] [main/DEBUG] (cpw.mods.modlauncher.LaunchPluginHandler) LaunchPluginService {AFTER=[net.neoforged.fml.common.asm.RuntimeEnumExtender@2799f9a, juuxel.unprotect.UnprotectLaunchPlugin@3e6f3ad5, net.neoforged.fml.common.asm.RuntimeDistCleaner@5f27d271]}
[19:18:46] [main/DEBUG] (cpw.mods.modlauncher.LaunchPluginHandler) Final flags state for net.minecraft.util.profiling.metrics.ProfilerMeasured is 0
[19:18:46] [main/DEBUG] (cpw.mods.modlauncher.LaunchPluginHandler) LauncherPluginService runtime_enum_extender offering transform net.minecraft.util.profiling.metrics.ProfilerMeasured
[19:18:46] [main/DEBUG] (cpw.mods.modlauncher.LaunchPluginHandler) LauncherPluginService unprotect offering transform net.minecraft.util.profiling.metrics.ProfilerMeasured
[19:18:46] [main/DEBUG] (cpw.mods.modlauncher.LaunchPluginHandler) LauncherPluginService runtimedistcleaner offering transform net.minecraft.util.profiling.metrics.ProfilerMeasured
[19:18:46] [main/DEBUG] (cpw.mods.modlauncher.LaunchPluginHandler) Final flags state for net.minecraft.util.profiling.metrics.ProfilerMeasured is 0
[19:18:46] [main/DEBUG] (cpw.mods.modlauncher.LaunchPluginHandler) LaunchPluginService {AFTER=[net.neoforged.fml.common.asm.RuntimeEnumExtender@2799f9a, net.neoforged.fml.common.asm.RuntimeDistCleaner@5f27d271]}
[19:18:46] [main/DEBUG] (cpw.mods.modlauncher.LaunchPluginHandler) Final flags state for java.util.concurrent.Executor is 0
[19:18:46] [main/DEBUG] (cpw.mods.modlauncher.LaunchPluginHandler) LauncherPluginService runtime_enum_extender offering transform java.util.concurrent.Executor
[19:18:46] [main/DEBUG] (cpw.mods.modlauncher.LaunchPluginHandler) LauncherPluginService runtimedistcleaner offering transform java.util.concurrent.Executor
[19:18:46] [main/DEBUG] (cpw.mods.modlauncher.LaunchPluginHandler) Final flags state for java.util.concurrent.Executor is 0
[19:18:46] [main/DEBUG] (cpw.mods.modlauncher.LaunchPluginHandler) LaunchPluginService {AFTER=[net.neoforged.fml.common.asm.RuntimeEnumExtender@2799f9a, juuxel.unprotect.UnprotectLaunchPlugin@3e6f3ad5, net.neoforged.fml.common.asm.RuntimeDistCleaner@5f27d271]}
[19:18:46] [main/DEBUG] (cpw.mods.modlauncher.LaunchPluginHandler) Final flags state for net.minecraft.util.thread.ProcessorHandle is 0
[19:18:46] [main/DEBUG] (cpw.mods.modlauncher.LaunchPluginHandler) LauncherPluginService runtime_enum_extender offering transform net.minecraft.util.thread.ProcessorHandle
[19:18:46] [main/DEBUG] (cpw.mods.modlauncher.LaunchPluginHandler) LauncherPluginService unprotect offering transform net.minecraft.util.thread.ProcessorHandle
[19:18:46] [main/DEBUG] (cpw.mods.modlauncher.LaunchPluginHandler) LauncherPluginService unprotect transformed net.minecraft.util.thread.ProcessorHandle with class compute flags 2
[19:18:46] [main/DEBUG] (cpw.mods.modlauncher.LaunchPluginHandler) LauncherPluginService runtimedistcleaner offering transform net.minecraft.util.thread.ProcessorHandle
[19:18:46] [main/DEBUG] (cpw.mods.modlauncher.LaunchPluginHandler) Final flags state for net.minecraft.util.thread.ProcessorHandle is 2
[19:18:46] [main/DEBUG] (cpw.mods.modlauncher.LaunchPluginHandler) LaunchPluginService {AFTER=[net.neoforged.fml.common.asm.RuntimeEnumExtender@2799f9a, net.neoforged.fml.common.asm.RuntimeDistCleaner@5f27d271]}
[19:18:46] [main/DEBUG] (cpw.mods.modlauncher.LaunchPluginHandler) Final flags state for java.lang.AutoCloseable is 0
[19:18:46] [main/DEBUG] (cpw.mods.modlauncher.LaunchPluginHandler) LauncherPluginService runtime_enum_extender offering transform java.lang.AutoCloseable
[19:18:46] [main/DEBUG] (cpw.mods.modlauncher.LaunchPluginHandler) LauncherPluginService runtimedistcleaner offering transform java.lang.AutoCloseable
[19:18:46] [main/DEBUG] (cpw.mods.modlauncher.LaunchPluginHandler) Final flags state for java.lang.AutoCloseable is 0
[19:18:46] [main/DEBUG] (cpw.mods.modlauncher.LaunchPluginHandler) LaunchPluginService {AFTER=[net.neoforged.fml.common.asm.RuntimeEnumExtender@2799f9a, net.neoforged.fml.common.asm.RuntimeDistCleaner@5f27d271]}
[19:18:46] [main/DEBUG] (cpw.mods.modlauncher.LaunchPluginHandler) Final flags state for net.neoforged.neoforge.client.extensions.IMinecraftExtension is 0
[19:18:46] [main/DEBUG] (cpw.mods.modlauncher.LaunchPluginHandler) LauncherPluginService runtime_enum_extender offering transform net.neoforged.neoforge.client.extensions.IMinecraftExtension
[19:18:46] [main/DEBUG] (cpw.mods.modlauncher.LaunchPluginHandler) LauncherPluginService runtimedistcleaner offering transform net.neoforged.neoforge.client.extensions.IMinecraftExtension
[19:18:46] [main/DEBUG] (cpw.mods.modlauncher.LaunchPluginHandler) Final flags state for net.neoforged.neoforge.client.extensions.IMinecraftExtension is 0
[19:18:46] [main/DEBUG] (cpw.mods.modlauncher.LaunchPluginHandler) LaunchPluginService {AFTER=[net.neoforged.fml.common.asm.RuntimeEnumExtender@2799f9a, juuxel.unprotect.UnprotectLaunchPlugin@3e6f3ad5, net.neoforged.fml.common.asm.RuntimeDistCleaner@5f27d271]}
[19:18:46] [main/DEBUG] (cpw.mods.modlauncher.LaunchPluginHandler) Final flags state for com.mojang.blaze3d.platform.WindowEventHandler is 0
[19:18:46] [main/DEBUG] (cpw.mods.modlauncher.LaunchPluginHandler) LauncherPluginService runtime_enum_extender offering transform com.mojang.blaze3d.platform.WindowEventHandler
[19:18:46] [main/DEBUG] (cpw.mods.modlauncher.LaunchPluginHandler) LauncherPluginService unprotect offering transform com.mojang.blaze3d.platform.WindowEventHandler
[19:18:46] [main/DEBUG] (cpw.mods.modlauncher.LaunchPluginHandler) LauncherPluginService runtimedistcleaner offering transform com.mojang.blaze3d.platform.WindowEventHandler
[19:18:46] [main/DEBUG] (net.neoforged.fml.common.asm.RuntimeDistCleaner) Removing Class Annotation: com/mojang/blaze3d/platform/WindowEventHandler @Lnet/neoforged/api/distmarker/OnlyIn;
[19:18:46] [main/DEBUG] (cpw.mods.modlauncher.LaunchPluginHandler) LauncherPluginService runtimedistcleaner transformed com.mojang.blaze3d.platform.WindowEventHandler with class compute flags 256
[19:18:46] [main/DEBUG] (cpw.mods.modlauncher.LaunchPluginHandler) Final flags state for com.mojang.blaze3d.platform.WindowEventHandler is 256
[19:18:46] [main/DEBUG] (cpw.mods.modlauncher.LaunchPluginHandler) LaunchPluginService {AFTER=[net.neoforged.fml.common.asm.RuntimeEnumExtender@2799f9a, net.neoforged.fml.common.asm.RuntimeDistCleaner@5f27d271]}
[19:18:46] [main/DEBUG] (cpw.mods.modlauncher.LaunchPluginHandler) Final flags state for org.spongepowered.asm.mixin.injection.callback.CallbackInfo is 0
[19:18:46] [main/DEBUG] (cpw.mods.modlauncher.LaunchPluginHandler) LauncherPluginService runtime_enum_extender offering transform org.spongepowered.asm.mixin.injection.callback.CallbackInfo
[19:18:46] [main/DEBUG] (cpw.mods.modlauncher.LaunchPluginHandler) LauncherPluginService runtimedistcleaner offering transform org.spongepowered.asm.mixin.injection.callback.CallbackInfo
[19:18:46] [main/DEBUG] (cpw.mods.modlauncher.LaunchPluginHandler) Final flags state for org.spongepowered.asm.mixin.injection.callback.CallbackInfo is 0
[19:18:46] [main/DEBUG] (mixin) architectury.mixins.json:MixinMinecraft from mod architectury->@Inject::onStart(Lorg/spongepowered/asm/mixin/injection/callback/CallbackInfo;)V doesn't use it's CallbackInfo
[19:18:46] [main/DEBUG] (mixin) architectury.mixins.json:MixinMinecraft from mod architectury->@Inject::onStart(Lorg/spongepowered/asm/mixin/injection/callback/CallbackInfo;)V has 0 override(s) in child classes
[19:18:46] [main/DEBUG] (mixin) architectury.mixins.json:MixinMinecraft from mod architectury->@Inject::onStart(Lorg/spongepowered/asm/mixin/injection/callback/CallbackInfo;)V won't be passed a CallbackInfo as a result
[19:18:46] [main/DEBUG] (mixin) architectury.mixins.json:MixinMinecraft from mod architectury->@Inject::onStopping(Lorg/spongepowered/asm/mixin/injection/callback/CallbackInfo;)V doesn't use it's CallbackInfo
[19:18:46] [main/DEBUG] (mixin) architectury.mixins.json:MixinMinecraft from mod architectury->@Inject::onStopping(Lorg/spongepowered/asm/mixin/injection/callback/CallbackInfo;)V has 0 override(s) in child classes
[19:18:46] [main/DEBUG] (mixin) architectury.mixins.json:MixinMinecraft from mod architectury->@Inject::onStopping(Lorg/spongepowered/asm/mixin/injection/callback/CallbackInfo;)V won't be passed a CallbackInfo as a result
[19:18:46] [main/DEBUG] (cpw.mods.modlauncher.LaunchPluginHandler) LauncherPluginService mixin transformed net.minecraft.client.Minecraft with class compute flags 2
[19:18:46] [main/DEBUG] (cpw.mods.modlauncher.LaunchPluginHandler) LauncherPluginService runtime_enum_extender offering transform net.minecraft.client.Minecraft
[19:18:46] [main/DEBUG] (cpw.mods.modlauncher.LaunchPluginHandler) LauncherPluginService unprotect offering transform net.minecraft.client.Minecraft
[19:18:46] [main/DEBUG] (cpw.mods.modlauncher.LaunchPluginHandler) LauncherPluginService unprotect transformed net.minecraft.client.Minecraft with class compute flags 2
[19:18:46] [main/DEBUG] (cpw.mods.modlauncher.LaunchPluginHandler) LauncherPluginService runtimedistcleaner offering transform net.minecraft.client.Minecraft
[19:18:46] [main/DEBUG] (net.neoforged.fml.common.asm.RuntimeDistCleaner) Removing Class Annotation: net/minecraft/client/Minecraft @Lnet/neoforged/api/distmarker/OnlyIn;
[19:18:46] [main/DEBUG] (cpw.mods.modlauncher.LaunchPluginHandler) LauncherPluginService runtimedistcleaner transformed net.minecraft.client.Minecraft with class compute flags 256
[19:18:46] [main/DEBUG] (cpw.mods.modlauncher.LaunchPluginHandler) Final flags state for net.minecraft.client.Minecraft is 258
[19:18:46] [main/DEBUG] (cpw.mods.modlauncher.LaunchPluginHandler) LaunchPluginService {AFTER=[org.spongepowered.asm.launch.MixinLaunchPlugin@5a1c0bcc, net.neoforged.fml.common.asm.RuntimeEnumExtender@2799f9a, juuxel.unprotect.UnprotectLaunchPlugin@3e6f3ad5, net.neoforged.fml.common.asm.RuntimeDistCleaner@5f27d271]}
[19:18:46] [main/DEBUG] (cpw.mods.modlauncher.LaunchPluginHandler) Final flags state for com.mojang.blaze3d.platform.WindowEventHandler is 0
[19:18:46] [main/DEBUG] (cpw.mods.modlauncher.LaunchPluginHandler) LauncherPluginService mixin offering transform com.mojang.blaze3d.platform.WindowEventHandler
[19:18:46] [main/DEBUG] (cpw.mods.modlauncher.LaunchPluginHandler) LauncherPluginService runtime_enum_extender offering transform com.mojang.blaze3d.platform.WindowEventHandler
[19:18:46] [main/DEBUG] (cpw.mods.modlauncher.LaunchPluginHandler) LauncherPluginService unprotect offering transform com.mojang.blaze3d.platform.WindowEventHandler
[19:18:46] [main/DEBUG] (cpw.mods.modlauncher.LaunchPluginHandler) LauncherPluginService runtimedistcleaner offering transform com.mojang.blaze3d.platform.WindowEventHandler
[19:18:46] [main/DEBUG] (net.neoforged.fml.common.asm.RuntimeDistCleaner) Removing Class Annotation: com/mojang/blaze3d/platform/WindowEventHandler @Lnet/neoforged/api/distmarker/OnlyIn;
[19:18:46] [main/DEBUG] (cpw.mods.modlauncher.LaunchPluginHandler) LauncherPluginService runtimedistcleaner transformed com.mojang.blaze3d.platform.WindowEventHandler with class compute flags 256
[19:18:46] [main/DEBUG] (cpw.mods.modlauncher.LaunchPluginHandler) Final flags state for com.mojang.blaze3d.platform.WindowEventHandler is 256
[19:18:46] [main/DEBUG] (cpw.mods.modlauncher.LaunchPluginHandler) LaunchPluginService {AFTER=[org.spongepowered.asm.launch.MixinLaunchPlugin@5a1c0bcc, net.neoforged.fml.common.asm.RuntimeEnumExtender@2799f9a, net.neoforged.fml.common.asm.RuntimeDistCleaner@5f27d271]}
[19:18:46] [main/DEBUG] (cpw.mods.modlauncher.LaunchPluginHandler) Final flags state for net.neoforged.neoforge.client.extensions.IMinecraftExtension is 0
[19:18:46] [main/DEBUG] (cpw.mods.modlauncher.LaunchPluginHandler) LauncherPluginService mixin offering transform net.neoforged.neoforge.client.extensions.IMinecraftExtension
[19:18:46] [main/DEBUG] (cpw.mods.modlauncher.LaunchPluginHandler) LauncherPluginService runtime_enum_extender offering transform net.neoforged.neoforge.client.extensions.IMinecraftExtension
[19:18:46] [main/DEBUG] (cpw.mods.modlauncher.LaunchPluginHandler) LauncherPluginService runtimedistcleaner offering transform net.neoforged.neoforge.client.extensions.IMinecraftExtension
[19:18:46] [main/DEBUG] (cpw.mods.modlauncher.LaunchPluginHandler) Final flags state for net.neoforged.neoforge.client.extensions.IMinecraftExtension is 0
[19:18:46] [main/DEBUG] (cpw.mods.modlauncher.LaunchPluginHandler) LaunchPluginService {AFTER=[org.spongepowered.asm.launch.MixinLaunchPlugin@5a1c0bcc, net.neoforged.fml.common.asm.RuntimeEnumExtender@2799f9a, juuxel.unprotect.UnprotectLaunchPlugin@3e6f3ad5, net.neoforged.fml.common.asm.RuntimeDistCleaner@5f27d271]}
[19:18:46] [main/DEBUG] (cpw.mods.modlauncher.LaunchPluginHandler) Final flags state for net.minecraft.util.thread.ReentrantBlockableEventLoop is 0
[19:18:46] [main/DEBUG] (cpw.mods.modlauncher.LaunchPluginHandler) LauncherPluginService mixin offering transform net.minecraft.util.thread.ReentrantBlockableEventLoop
[19:18:46] [main/DEBUG] (cpw.mods.modlauncher.LaunchPluginHandler) LauncherPluginService runtime_enum_extender offering transform net.minecraft.util.thread.ReentrantBlockableEventLoop
[19:18:46] [main/DEBUG] (cpw.mods.modlauncher.LaunchPluginHandler) LauncherPluginService unprotect offering transform net.minecraft.util.thread.ReentrantBlockableEventLoop
[19:18:46] [main/DEBUG] (cpw.mods.modlauncher.LaunchPluginHandler) LauncherPluginService unprotect transformed net.minecraft.util.thread.ReentrantBlockableEventLoop with class compute flags 2
[19:18:46] [main/DEBUG] (cpw.mods.modlauncher.LaunchPluginHandler) LauncherPluginService runtimedistcleaner offering transform net.minecraft.util.thread.ReentrantBlockableEventLoop
[19:18:46] [main/DEBUG] (cpw.mods.modlauncher.LaunchPluginHandler) Final flags state for net.minecraft.util.thread.ReentrantBlockableEventLoop is 2
[19:18:46] [main/DEBUG] (cpw.mods.modlauncher.LaunchPluginHandler) LaunchPluginService {BEFORE=[net.neoforged.accesstransformer.ml.AccessTransformerService@597050fa], AFTER=[org.spongepowered.asm.launch.MixinLaunchPlugin@5a1c0bcc, net.neoforged.fml.common.asm.RuntimeEnumExtender@2799f9a, juuxel.unprotect.UnprotectLaunchPlugin@3e6f3ad5, net.neoforged.fml.common.asm.RuntimeDistCleaner@5f27d271]}
[19:18:46] [main/DEBUG] (cpw.mods.modlauncher.LaunchPluginHandler) LauncherPluginService accesstransformer offering transform net.minecraft.util.thread.BlockableEventLoop
[19:18:46] [main/DEBUG] (net.neoforged.accesstransformer.AccessTransformer) Transforming net.minecraft.util.thread.BlockableEventLoop METHOD submitAsync(Ljava/lang/Runnable;)Ljava/util/concurrent/CompletableFuture; to access PUBLIC and LEAVE
[19:18:46] [main/DEBUG] (cpw.mods.modlauncher.LaunchPluginHandler) LauncherPluginService accesstransformer transformed net.minecraft.util.thread.BlockableEventLoop with class compute flags 256
[19:18:46] [main/DEBUG] (cpw.mods.modlauncher.LaunchPluginHandler) Final flags state for net.minecraft.util.thread.BlockableEventLoop is 256
[19:18:46] [main/DEBUG] (cpw.mods.modlauncher.LaunchPluginHandler) LauncherPluginService mixin offering transform net.minecraft.util.thread.BlockableEventLoop
[19:18:46] [main/DEBUG] (cpw.mods.modlauncher.LaunchPluginHandler) LauncherPluginService runtime_enum_extender offering transform net.minecraft.util.thread.BlockableEventLoop
[19:18:46] [main/DEBUG] (cpw.mods.modlauncher.LaunchPluginHandler) LauncherPluginService unprotect offering transform net.minecraft.util.thread.BlockableEventLoop
[19:18:46] [main/DEBUG] (cpw.mods.modlauncher.LaunchPluginHandler) LauncherPluginService unprotect transformed net.minecraft.util.thread.BlockableEventLoop with class compute flags 2
[19:18:46] [main/DEBUG] (cpw.mods.modlauncher.LaunchPluginHandler) LauncherPluginService runtimedistcleaner offering transform net.minecraft.util.thread.BlockableEventLoop
[19:18:46] [main/DEBUG] (cpw.mods.modlauncher.LaunchPluginHandler) Final flags state for net.minecraft.util.thread.BlockableEventLoop is 2
[19:18:46] [main/DEBUG] (cpw.mods.modlauncher.LaunchPluginHandler) LaunchPluginService {AFTER=[org.spongepowered.asm.launch.MixinLaunchPlugin@5a1c0bcc, net.neoforged.fml.common.asm.RuntimeEnumExtender@2799f9a, juuxel.unprotect.UnprotectLaunchPlugin@3e6f3ad5, net.neoforged.fml.common.asm.RuntimeDistCleaner@5f27d271]}
[19:18:46] [main/DEBUG] (cpw.mods.modlauncher.LaunchPluginHandler) Final flags state for net.minecraft.util.profiling.metrics.ProfilerMeasured is 0
[19:18:46] [main/DEBUG] (cpw.mods.modlauncher.LaunchPluginHandler) LauncherPluginService mixin offering transform net.minecraft.util.profiling.metrics.ProfilerMeasured
[19:18:46] [main/DEBUG] (cpw.mods.modlauncher.LaunchPluginHandler) LauncherPluginService runtime_enum_extender offering transform net.minecraft.util.profiling.metrics.ProfilerMeasured
[19:18:46] [main/DEBUG] (cpw.mods.modlauncher.LaunchPluginHandler) LauncherPluginService unprotect offering transform net.minecraft.util.profiling.metrics.ProfilerMeasured
[19:18:46] [main/DEBUG] (cpw.mods.modlauncher.LaunchPluginHandler) LauncherPluginService runtimedistcleaner offering transform net.minecraft.util.profiling.metrics.ProfilerMeasured
[19:18:46] [main/DEBUG] (cpw.mods.modlauncher.LaunchPluginHandler) Final flags state for net.minecraft.util.profiling.metrics.ProfilerMeasured is 0
[19:18:46] [main/DEBUG] (cpw.mods.modlauncher.LaunchPluginHandler) LaunchPluginService {AFTER=[org.spongepowered.asm.launch.MixinLaunchPlugin@5a1c0bcc, net.neoforged.fml.common.asm.RuntimeEnumExtender@2799f9a, juuxel.unprotect.UnprotectLaunchPlugin@3e6f3ad5, net.neoforged.fml.common.asm.RuntimeDistCleaner@5f27d271]}
[19:18:46] [main/DEBUG] (cpw.mods.modlauncher.LaunchPluginHandler) Final flags state for net.minecraft.util.thread.ProcessorHandle is 0
[19:18:46] [main/DEBUG] (cpw.mods.modlauncher.LaunchPluginHandler) LauncherPluginService mixin offering transform net.minecraft.util.thread.ProcessorHandle
[19:18:46] [main/DEBUG] (cpw.mods.modlauncher.LaunchPluginHandler) LauncherPluginService runtime_enum_extender offering transform net.minecraft.util.thread.ProcessorHandle
[19:18:46] [main/DEBUG] (cpw.mods.modlauncher.LaunchPluginHandler) LauncherPluginService unprotect offering transform net.minecraft.util.thread.ProcessorHandle
[19:18:46] [main/DEBUG] (cpw.mods.modlauncher.LaunchPluginHandler) LauncherPluginService unprotect transformed net.minecraft.util.thread.ProcessorHandle with class compute flags 2
[19:18:46] [main/DEBUG] (cpw.mods.modlauncher.LaunchPluginHandler) LauncherPluginService runtimedistcleaner offering transform net.minecraft.util.thread.ProcessorHandle
[19:18:46] [main/DEBUG] (cpw.mods.modlauncher.LaunchPluginHandler) Final flags state for net.minecraft.util.thread.ProcessorHandle is 2
[28Apr2025 19:18:46.180] [main/DEBUG] [io.netty.util.internal.logging.InternalLoggerFactory/]: Using SLF4J as the default logging framework
[28Apr2025 19:18:46.181] [main/DEBUG] [io.netty.util.ResourceLeakDetector/]: -Dio.netty.leakDetection.level: simple
[28Apr2025 19:18:46.181] [main/DEBUG] [io.netty.util.ResourceLeakDetector/]: -Dio.netty.leakDetection.targetRecords: 4
[28Apr2025 19:18:46.259] [main/DEBUG] [oshi.util.FileUtil/]: No oshi.properties file found from ClassLoader cpw.mods.modlauncher.TransformingClassLoader@793f2b41
[28Apr2025 19:18:46.381] [main/DEBUG] [oshi.util.FileUtil/]: No oshi.architecture.properties file found from ClassLoader cpw.mods.modlauncher.TransformingClassLoader@793f2b41
[28Apr2025 19:18:46.476] [pool-11-thread-1/DEBUG] [mixin/]: Mixing inject.MixinGameEvent from architectury-common.mixins.json into net.minecraft.world.level.gameevent.GameEvent
[28Apr2025 19:18:46.477] [pool-11-thread-1/DEBUG] [mixin/]: architectury-common.mixins.json:inject.MixinGameEvent from mod architectury: Class version 61 required is higher than the class version supported by the current version of Mixin (JAVA_16 supports class version 60)
[28Apr2025 19:18:46.483] [pool-11-thread-1/DEBUG] [mixin/]: Mixing inject.MixinFluid from architectury-common.mixins.json into net.minecraft.world.level.material.Fluid
[28Apr2025 19:18:46.483] [pool-11-thread-1/DEBUG] [mixin/]: architectury-common.mixins.json:inject.MixinFluid from mod architectury: Class version 61 required is higher than the class version supported by the current version of Mixin (JAVA_16 supports class version 60)
[28Apr2025 19:18:46.487] [pool-11-thread-1/DEBUG] [mixin/]: Mixing inject.MixinBlock from architectury-common.mixins.json into net.minecraft.world.level.block.Block
[28Apr2025 19:18:46.488] [pool-11-thread-1/DEBUG] [mixin/]: architectury-common.mixins.json:inject.MixinBlock from mod architectury: Class version 61 required is higher than the class version supported by the current version of Mixin (JAVA_16 supports class version 60)
[28Apr2025 19:18:46.500] [pool-11-thread-1/DEBUG] [net.neoforged.coremod.transformer.CoreModBaseTransformer/COREMOD]: Transforming net/minecraft/world/entity/EntityType
[28Apr2025 19:18:46.520] [pool-11-thread-1/DEBUG] [mixin/]: Mixing inject.MixinEntityType from architectury-common.mixins.json into net.minecraft.world.entity.EntityType
[28Apr2025 19:18:46.520] [pool-11-thread-1/DEBUG] [mixin/]: architectury-common.mixins.json:inject.MixinEntityType from mod architectury: Class version 61 required is higher than the class version supported by the current version of Mixin (JAVA_16 supports class version 60)
[28Apr2025 19:18:46.523] [pool-11-thread-1/DEBUG] [mixin/]: Mixing inject.MixinItem from architectury-common.mixins.json into net.minecraft.world.item.Item
[28Apr2025 19:18:46.523] [pool-11-thread-1/DEBUG] [mixin/]: architectury-common.mixins.json:inject.MixinItem from mod architectury: Class version 61 required is higher than the class version supported by the current version of Mixin (JAVA_16 supports class version 60)
[28Apr2025 19:18:46.528] [pool-11-thread-1/DEBUG] [mixin/]: architectury-common.mixins.json:inject.MixinItem from mod architectury->@Inject::init(Lnet/minecraft/world/item/Item$Properties;Lorg/spongepowered/asm/mixin/injection/callback/CallbackInfo;)V doesn't use it's CallbackInfo
[28Apr2025 19:18:46.528] [pool-11-thread-1/DEBUG] [mixin/]: architectury-common.mixins.json:inject.MixinItem from mod architectury->@Inject::init(Lnet/minecraft/world/item/Item$Properties;Lorg/spongepowered/asm/mixin/injection/callback/CallbackInfo;)V has 0 override(s) in child classes
[28Apr2025 19:18:46.528] [pool-11-thread-1/DEBUG] [mixin/]: architectury-common.mixins.json:inject.MixinItem from mod architectury->@Inject::init(Lnet/minecraft/world/item/Item$Properties;Lorg/spongepowered/asm/mixin/injection/callback/CallbackInfo;)V won't be passed a CallbackInfo as a result
[28Apr2025 19:18:46.707] [pool-11-thread-1/DEBUG] [net.neoforged.coremod.transformer.CoreModBaseTransformer/COREMOD]: Transforming net/minecraft/world/level/block/LiquidBlock
[28Apr2025 19:18:46.707] [pool-11-thread-1/DEBUG] [mixin/]: Mixing inject.MixinLiquidBlock from architectury-common.mixins.json into net.minecraft.world.level.block.LiquidBlock
[28Apr2025 19:18:46.707] [pool-11-thread-1/DEBUG] [mixin/]: architectury-common.mixins.json:inject.MixinLiquidBlock from mod architectury: Class version 61 required is higher than the class version supported by the current version of Mixin (JAVA_16 supports class version 60)
[28Apr2025 19:18:46.818] [pool-11-thread-1/DEBUG] [net.neoforged.coremod.transformer.CoreModBaseTransformer/COREMOD]: Transforming net/minecraft/world/level/block/StairBlock
[28Apr2025 19:18:46.841] [pool-11-thread-1/DEBUG] [net.neoforged.coremod.transformer.CoreModBaseTransformer/COREMOD]: Transforming net/minecraft/world/level/block/FlowerPotBlock
[28Apr2025 19:18:46.911] [pool-11-thread-1/DEBUG] [mixin/]: Mixing MixinFallingBlockEntity from architectury.mixins.json into net.minecraft.world.entity.item.FallingBlockEntity
[28Apr2025 19:18:46.911] [pool-11-thread-1/DEBUG] [mixin/]: architectury.mixins.json:MixinFallingBlockEntity from mod architectury: Class version 61 required is higher than the class version supported by the current version of Mixin (JAVA_16 supports class version 60)
[28Apr2025 19:18:46.928] [pool-11-thread-1/DEBUG] [mixin/]: architectury.mixins.json:MixinFallingBlockEntity from mod architectury->@Inject::handleLand(Lorg/spongepowered/asm/mixin/injection/callback/CallbackInfo;Lnet/minecraft/world/level/block/Block;Lnet/minecraft/core/BlockPos;ZZDLnet/minecraft/world/level/block/state/BlockState;)V doesn't use it's CallbackInfo
[28Apr2025 19:18:46.928] [pool-11-thread-1/DEBUG] [mixin/]: architectury.mixins.json:MixinFallingBlockEntity from mod architectury->@Inject::handleLand(Lorg/spongepowered/asm/mixin/injection/callback/CallbackInfo;Lnet/minecraft/world/level/block/Block;Lnet/minecraft/core/BlockPos;ZZDLnet/minecraft/world/level/block/state/BlockState;)V has 0 override(s) in child classes
[28Apr2025 19:18:46.928] [pool-11-thread-1/DEBUG] [mixin/]: architectury.mixins.json:MixinFallingBlockEntity from mod architectury->@Inject::handleLand(Lorg/spongepowered/asm/mixin/injection/callback/CallbackInfo;Lnet/minecraft/world/level/block/Block;Lnet/minecraft/core/BlockPos;ZZDLnet/minecraft/world/level/block/state/BlockState;)V won't be passed a CallbackInfo as a result
[28Apr2025 19:18:47.181] [pool-11-thread-1/DEBUG] [net.neoforged.coremod.transformer.CoreModBaseTransformer/COREMOD]: Transforming net/minecraft/world/level/biome/Biome
[28Apr2025 19:18:47.407] [pool-11-thread-1/DEBUG] [mixin/]: Mixing MixinLightningBolt from architectury-common.mixins.json into net.minecraft.world.entity.LightningBolt
[28Apr2025 19:18:47.408] [pool-11-thread-1/DEBUG] [mixin/]: architectury-common.mixins.json:MixinLightningBolt from mod architectury: Class version 61 required is higher than the class version supported by the current version of Mixin (JAVA_16 supports class version 60)
[28Apr2025 19:18:47.412] [pool-11-thread-1/DEBUG] [mixin/]: architectury-common.mixins.json:MixinLightningBolt from mod architectury->@Inject::handleLightning(Lorg/spongepowered/asm/mixin/injection/callback/CallbackInfo;Ljava/util/List;)V doesn't use it's CallbackInfo
[28Apr2025 19:18:47.412] [pool-11-thread-1/DEBUG] [mixin/]: architectury-common.mixins.json:MixinLightningBolt from mod architectury->@Inject::handleLightning(Lorg/spongepowered/asm/mixin/injection/callback/CallbackInfo;Ljava/util/List;)V has 0 override(s) in child classes
[28Apr2025 19:18:47.412] [pool-11-thread-1/DEBUG] [mixin/]: architectury-common.mixins.json:MixinLightningBolt from mod architectury->@Inject::handleLightning(Lorg/spongepowered/asm/mixin/injection/callback/CallbackInfo;Ljava/util/List;)V won't be passed a CallbackInfo as a result
[28Apr2025 19:18:47.440] [pool-11-thread-1/DEBUG] [net.neoforged.coremod.transformer.CoreModBaseTransformer/COREMOD]: Transforming net/minecraft/world/entity/animal/frog/Tadpole
[28Apr2025 19:18:47.723] [pool-11-thread-1/DEBUG] [net.neoforged.coremod.transformer.CoreModBaseTransformer/COREMOD]: Transforming net/minecraft/world/item/BucketItem
[28Apr2025 19:18:47.723] [pool-11-thread-1/DEBUG] [mixin/]: Mixing inject.MixinBucketItem from architectury-common.mixins.json into net.minecraft.world.item.BucketItem
[28Apr2025 19:18:47.723] [pool-11-thread-1/DEBUG] [mixin/]: architectury-common.mixins.json:inject.MixinBucketItem from mod architectury: Class version 61 required is higher than the class version supported by the current version of Mixin (JAVA_16 supports class version 60)
[28Apr2025 19:18:47.751] [pool-11-thread-1/DEBUG] [mixin/]: Mixing inject.MixinItemProperties from architectury-common.mixins.json into net.minecraft.world.item.Item$Properties
[28Apr2025 19:18:47.751] [pool-11-thread-1/DEBUG] [mixin/]: architectury-common.mixins.json:inject.MixinItemProperties from mod architectury: Class version 61 required is higher than the class version supported by the current version of Mixin (JAVA_16 supports class version 60)
[28Apr2025 19:18:48.113] [pool-11-thread-1/DEBUG] [net.neoforged.coremod.transformer.CoreModBaseTransformer/COREMOD]: Transforming net/minecraft/world/entity/monster/Spider
[28Apr2025 19:18:48.133] [Datafixer Bootstrap/INFO] [com.mojang.datafixers.DataFixerBuilder/]: 198 Datafixer optimizations took 58 milliseconds
[28Apr2025 19:18:48.142] [pool-11-thread-1/DEBUG] [net.neoforged.coremod.transformer.CoreModBaseTransformer/COREMOD]: Transforming net/minecraft/world/entity/monster/Zombie
[28Apr2025 19:18:48.156] [pool-11-thread-1/DEBUG] [net.neoforged.coremod.transformer.CoreModBaseTransformer/COREMOD]: Transforming net/minecraft/world/entity/monster/ZombieVillager
[28Apr2025 19:18:48.180] [pool-11-thread-1/DEBUG] [net.neoforged.coremod.transformer.CoreModBaseTransformer/COREMOD]: Transforming net/minecraft/world/entity/monster/Evoker$EvokerSummonSpellGoal
[28Apr2025 19:18:48.258] [pool-11-thread-1/DEBUG] [net.neoforged.coremod.transformer.CoreModBaseTransformer/COREMOD]: Transforming net/minecraft/world/entity/animal/horse/SkeletonTrapGoal
[28Apr2025 19:18:48.268] [pool-11-thread-1/DEBUG] [net.neoforged.coremod.transformer.CoreModBaseTransformer/COREMOD]: Transforming net/minecraft/world/entity/monster/Strider
[28Apr2025 19:18:48.315] [pool-11-thread-1/DEBUG] [net.neoforged.coremod.transformer.CoreModBaseTransformer/COREMOD]: Transforming net/minecraft/world/entity/npc/Villager
[28Apr2025 19:18:48.346] [pool-11-thread-1/DEBUG] [mixin/]: Mixing inject.MixinFoodPropertiesBuilder from architectury-common.mixins.json into net.minecraft.world.food.FoodProperties$Builder
[28Apr2025 19:18:48.346] [pool-11-thread-1/DEBUG] [mixin/]: architectury-common.mixins.json:inject.MixinFoodPropertiesBuilder from mod architectury: Class version 61 required is higher than the class version supported by the current version of Mixin (JAVA_16 supports class version 60)
[28Apr2025 19:18:48.553] [pool-11-thread-1/DEBUG] [io.netty.util.internal.PlatformDependent0/]: -Dio.netty.noUnsafe: false
[28Apr2025 19:18:48.553] [pool-11-thread-1/DEBUG] [io.netty.util.internal.PlatformDependent0/]: Java version: 17
[28Apr2025 19:18:48.553] [pool-11-thread-1/DEBUG] [io.netty.util.internal.PlatformDependent0/]: sun.misc.Unsafe.theUnsafe: available
[28Apr2025 19:18:48.553] [pool-11-thread-1/DEBUG] [io.netty.util.internal.PlatformDependent0/]: sun.misc.Unsafe.copyMemory: available
[28Apr2025 19:18:48.553] [pool-11-thread-1/DEBUG] [io.netty.util.internal.PlatformDependent0/]: sun.misc.Unsafe.storeFence: available
[28Apr2025 19:18:48.554] [pool-11-thread-1/DEBUG] [io.netty.util.internal.PlatformDependent0/]: java.nio.Buffer.address: available
[28Apr2025 19:18:48.554] [pool-11-thread-1/DEBUG] [io.netty.util.internal.PlatformDependent0/]: java.nio.Bits.unaligned: available, true
[28Apr2025 19:18:48.555] [pool-11-thread-1/DEBUG] [io.netty.util.internal.PlatformDependent0/]: java.nio.DirectByteBuffer.<init>(long, {int,long}): unavailable
[28Apr2025 19:18:48.555] [pool-11-thread-1/DEBUG] [io.netty.util.internal.PlatformDependent/]: sun.misc.Unsafe: available
[28Apr2025 19:18:48.555] [pool-11-thread-1/DEBUG] [io.netty.util.internal.PlatformDependent/]: maxDirectMemory: 8543797248 bytes (maybe)
[28Apr2025 19:18:48.555] [pool-11-thread-1/DEBUG] [io.netty.util.internal.PlatformDependent/]: -Dio.netty.tmpdir: C:\Users\James.M\AppData\Local\Temp (java.io.tmpdir)
[28Apr2025 19:18:48.555] [pool-11-thread-1/DEBUG] [io.netty.util.internal.PlatformDependent/]: -Dio.netty.bitMode: 64 (sun.arch.data.model)
[28Apr2025 19:18:48.555] [pool-11-thread-1/DEBUG] [io.netty.util.internal.PlatformDependent/]: Platform: Windows
[28Apr2025 19:18:48.555] [pool-11-thread-1/DEBUG] [io.netty.util.internal.PlatformDependent/]: -Dio.netty.maxDirectMemory: -1 bytes
[28Apr2025 19:18:48.555] [pool-11-thread-1/DEBUG] [io.netty.util.internal.PlatformDependent/]: -Dio.netty.uninitializedArrayAllocationThreshold: -1
[28Apr2025 19:18:48.556] [pool-11-thread-1/DEBUG] [io.netty.util.internal.CleanerJava9/]: java.nio.ByteBuffer.cleaner(): available
[28Apr2025 19:18:48.556] [pool-11-thread-1/DEBUG] [io.netty.util.internal.PlatformDependent/]: -Dio.netty.noPreferDirect: false
[28Apr2025 19:18:48.862] [pool-11-thread-1/DEBUG] [net.neoforged.coremod.transformer.CoreModBaseTransformer/COREMOD]: Transforming net/minecraft/world/level/levelgen/structure/Structure
[28Apr2025 19:18:48.880] [pool-11-thread-1/DEBUG] [net.neoforged.coremod.transformer.CoreModBaseTransformer/COREMOD]: Transforming net/minecraft/world/level/levelgen/structure/structures/OceanRuinPieces$OceanRuinPiece
[28Apr2025 19:18:48.885] [pool-11-thread-1/DEBUG] [net.neoforged.coremod.transformer.CoreModBaseTransformer/COREMOD]: Transforming net/minecraft/world/level/levelgen/structure/structures/SwampHutPiece
[28Apr2025 19:18:48.888] [pool-11-thread-1/DEBUG] [net.neoforged.coremod.transformer.CoreModBaseTransformer/COREMOD]: Transforming net/minecraft/world/level/levelgen/structure/structures/OceanMonumentPieces$OceanMonumentPiece
[28Apr2025 19:18:48.898] [pool-11-thread-1/DEBUG] [net.neoforged.coremod.transformer.CoreModBaseTransformer/COREMOD]: Transforming net/minecraft/world/level/levelgen/structure/structures/WoodlandMansionPieces$WoodlandMansionPiece
[28Apr2025 19:18:49.145] [main/DEBUG] [mixin/]: Mixing MixinLevelEvent from architectury.mixins.json into net.neoforged.neoforge.event.level.LevelEvent
[28Apr2025 19:18:49.145] [main/DEBUG] [mixin/]: architectury.mixins.json:MixinLevelEvent from mod architectury: Class version 61 required is higher than the class version supported by the current version of Mixin (JAVA_16 supports class version 60)
[28Apr2025 19:18:49.283] [main/DEBUG] [mixin/]: Mixing client.MixinCommandSourceStack from architectury.mixins.json into net.minecraft.commands.CommandSourceStack
[28Apr2025 19:18:49.283] [main/DEBUG] [mixin/]: architectury.mixins.json:client.MixinCommandSourceStack from mod architectury: Class version 61 required is higher than the class version supported by the current version of Mixin (JAVA_16 supports class version 60)
[28Apr2025 19:18:49.342] [main/DEBUG] [net.neoforged.coremod.transformer.CoreModBaseTransformer/COREMOD]: Transforming net/minecraft/server/commands/SummonCommand
[28Apr2025 19:18:49.391] [main/DEBUG] [net.neoforged.coremod.transformer.CoreModBaseTransformer/COREMOD]: Transforming net/minecraft/server/commands/RaidCommand
[28Apr2025 19:18:49.435] [main/WARN] [net.minecraft.commands.Commands/]: Ambiguity between arguments [teleport, location] and [teleport, destination] with inputs: [0.1 -0.5 .9, 0 0 0]
[28Apr2025 19:18:49.436] [main/WARN] [net.minecraft.commands.Commands/]: Ambiguity between arguments [teleport, location] and [teleport, targets] with inputs: [0.1 -0.5 .9, 0 0 0]
[28Apr2025 19:18:49.438] [main/WARN] [net.minecraft.commands.Commands/]: Ambiguity between arguments [teleport, destination] and [teleport, targets] with inputs: [Player, 0123, @e, dd12be42-52a9-4a91-a8a1-11c01849e498]
[28Apr2025 19:18:49.439] [main/WARN] [net.minecraft.commands.Commands/]: Ambiguity between arguments [teleport, targets] and [teleport, destination] with inputs: [Player, 0123, dd12be42-52a9-4a91-a8a1-11c01849e498]
[28Apr2025 19:18:49.439] [main/WARN] [net.minecraft.commands.Commands/]: Ambiguity between arguments [teleport, targets, location] and [teleport, targets, destination] with inputs: [0.1 -0.5 .9, 0 0 0]
[28Apr2025 19:18:49.458] [Render thread/DEBUG] [mixin/]: Mixing MixinClientLevel from architectury.mixins.json into net.minecraft.client.multiplayer.ClientLevel
[28Apr2025 19:18:49.458] [Render thread/DEBUG] [mixin/]: architectury.mixins.json:MixinClientLevel from mod architectury: Class version 61 required is higher than the class version supported by the current version of Mixin (JAVA_16 supports class version 60)
[28Apr2025 19:18:49.461] [Render thread/DEBUG] [mixin/]: architectury.mixins.json:MixinClientLevel from mod architectury->@Inject::tickEntities(Lorg/spongepowered/asm/mixin/injection/callback/CallbackInfo;)V doesn't use it's CallbackInfo
[28Apr2025 19:18:49.461] [Render thread/DEBUG] [mixin/]: architectury.mixins.json:MixinClientLevel from mod architectury->@Inject::tickEntities(Lorg/spongepowered/asm/mixin/injection/callback/CallbackInfo;)V has 0 override(s) in child classes
[28Apr2025 19:18:49.461] [Render thread/DEBUG] [mixin/]: architectury.mixins.json:MixinClientLevel from mod architectury->@Inject::tickEntities(Lorg/spongepowered/asm/mixin/injection/callback/CallbackInfo;)V won't be passed a CallbackInfo as a result
[28Apr2025 19:18:49.461] [Render thread/DEBUG] [mixin/]: architectury.mixins.json:MixinClientLevel from mod architectury->@Inject::tickEntitiesPost(Lorg/spongepowered/asm/mixin/injection/callback/CallbackInfo;)V doesn't use it's CallbackInfo
[28Apr2025 19:18:49.461] [Render thread/DEBUG] [mixin/]: architectury.mixins.json:MixinClientLevel from mod architectury->@Inject::tickEntitiesPost(Lorg/spongepowered/asm/mixin/injection/callback/CallbackInfo;)V has 0 override(s) in child classes
[28Apr2025 19:18:49.461] [Render thread/DEBUG] [mixin/]: architectury.mixins.json:MixinClientLevel from mod architectury->@Inject::tickEntitiesPost(Lorg/spongepowered/asm/mixin/injection/callback/CallbackInfo;)V won't be passed a CallbackInfo as a result
[28Apr2025 19:18:49.521] [Render thread/WARN] [net.minecraft.server.packs.VanillaPackResourcesBuilder/]: Assets URL 'union:/C:/Users/James.M/.gradle/caches/fabric-loom/minecraftMaven/net/minecraft/neoforge-20.4.239-minecraft-merged/1.20.4-loom.mappings.1_20_4.layered+hash.40359-v2-neoforge-20.4.239/neoforge-20.4.239-minecraft-merged-1.20.4-loom.mappings.1_20_4.layered+hash.40359-v2-neoforge-20.4.239.jar%23188!/assets/.mcassetsroot' uses unexpected schema
[28Apr2025 19:18:49.521] [Render thread/WARN] [net.minecraft.server.packs.VanillaPackResourcesBuilder/]: Assets URL 'union:/C:/Users/James.M/.gradle/caches/fabric-loom/minecraftMaven/net/minecraft/neoforge-20.4.239-minecraft-merged/1.20.4-loom.mappings.1_20_4.layered+hash.40359-v2-neoforge-20.4.239/neoforge-20.4.239-minecraft-merged-1.20.4-loom.mappings.1_20_4.layered+hash.40359-v2-neoforge-20.4.239.jar%23188!/data/.mcassetsroot' uses unexpected schema
[28Apr2025 19:18:49.538] [Render thread/INFO] [com.mojang.authlib.yggdrasil.YggdrasilAuthenticationService/]: Environment: Environment[sessionHost=https://sessionserver.mojang.com, servicesHost=https://api.minecraftservices.com, name=PROD]
[28Apr2025 19:18:49.543] [Render thread/INFO] [net.minecraft.client.Minecraft/]: Setting user: Dev
[28Apr2025 19:18:49.584] [Render thread/INFO] [net.minecraft.client.Minecraft/]: Backend library: LWJGL version 3.3.2+13
[28Apr2025 19:18:49.671] [Render thread/DEBUG] [net.neoforged.neoforge.common.I18nExtension/CORE]: Loading I18N data entries: 6788
[28Apr2025 19:18:49.680] [Render thread/DEBUG] [net.neoforged.fml.ModWorkManager/LOADING]: Using 24 threads for parallel mod-loading
[28Apr2025 19:18:49.685] [Render thread/DEBUG] [net.neoforged.fml.javafmlmod.FMLModContainer/LOADING]: Creating FMLModContainer instance for generatedgenerated_2c4877d.generated_2c4877d
[28Apr2025 19:18:49.685] [Render thread/DEBUG] [net.neoforged.fml.javafmlmod.FMLModContainer/LOADING]: Creating FMLModContainer instance for dev.architectury.neoforge.ArchitecturyNeoForge
[28Apr2025 19:18:49.686] [Render thread/DEBUG] [net.neoforged.fml.javafmlmod.FMLModContainer/LOADING]: Creating FMLModContainer instance for com.fluffy.neoforge.VeinsNeoForge
[28Apr2025 19:18:49.686] [Render thread/DEBUG] [net.neoforged.fml.javafmlmod.FMLModContainer/LOADING]: Creating FMLModContainer instance for net.neoforged.neoforge.common.NeoForgeMod
[28Apr2025 19:18:49.694] [modloading-worker-0/DEBUG] [net.neoforged.neoforge.internal.versions.neoforge.NeoForgeVersion/CORE]: NeoForge Version package package net.neoforged.neoforge.internal.versions.neoforge, NeoForge, version 20.4 from cpw.mods.modlauncher.TransformingClassLoader@793f2b41
[28Apr2025 19:18:49.695] [modloading-worker-0/DEBUG] [net.neoforged.neoforge.internal.versions.neoforge.NeoForgeVersion/CORE]: Found NeoForge version 20.4.239
[28Apr2025 19:18:49.695] [modloading-worker-0/DEBUG] [net.neoforged.neoforge.internal.versions.neoforge.NeoForgeVersion/CORE]: Found NeoForge spec 20.4
[28Apr2025 19:18:49.695] [modloading-worker-0/DEBUG] [net.neoforged.neoforge.internal.versions.neoforge.NeoForgeVersion/CORE]: Found NeoForge group net.neoforged
[28Apr2025 19:18:49.695] [modloading-worker-0/DEBUG] [net.neoforged.fml.javafmlmod.AutomaticEventSubscriber/LOADING]: Attempting to inject @EventBusSubscriber classes into the eventbus for generated_2c4877d
[28Apr2025 19:18:49.695] [modloading-worker-0/DEBUG] [net.neoforged.neoforge.internal.versions.neoform.NeoFormVersion/CORE]: NeoForm Version package package net.neoforged.neoforge.internal.versions.neoform from cpw.mods.modlauncher.TransformingClassLoader@793f2b41
[28Apr2025 19:18:49.695] [modloading-worker-0/DEBUG] [net.neoforged.neoforge.internal.versions.neoform.NeoFormVersion/CORE]: Found MC version information 1.20.4
[28Apr2025 19:18:49.695] [modloading-worker-0/DEBUG] [net.neoforged.neoforge.internal.versions.neoform.NeoFormVersion/CORE]: Found NeoForm version information 20240627.114801
[28Apr2025 19:18:49.695] [modloading-worker-0/INFO] [net.neoforged.neoforge.common.NeoForgeMod/NEOFORGE-MOD]: NeoForge mod loading, version 20.4.239, for MC 1.20.4 with MCP 20240627.114801
[28Apr2025 19:18:49.695] [modloading-worker-0/DEBUG] [net.neoforged.neoforge.common.NeoForgeMod/NEOFORGE-MOD]: Loading Network data for FML net version: 20.4
[28Apr2025 19:18:49.709] [modloading-worker-0/DEBUG] [net.neoforged.fml.config.ConfigTracker/CONFIG]: Config file neoforge-client.toml for neoforge tracking
[28Apr2025 19:18:49.709] [modloading-worker-0/DEBUG] [net.neoforged.fml.config.ConfigTracker/CONFIG]: Config file neoforge-server.toml for neoforge tracking
[28Apr2025 19:18:49.709] [modloading-worker-0/DEBUG] [net.neoforged.fml.ModLoadingContext/]: Attempted to register an empty config for type COMMON on mod neoforge
[28Apr2025 19:18:49.744] [modloading-worker-0/DEBUG] [net.neoforged.fml.javafmlmod.AutomaticEventSubscriber/LOADING]: Attempting to inject @EventBusSubscriber classes into the eventbus for neoforge
[28Apr2025 19:18:49.744] [modloading-worker-0/INFO] [dev.architectury.networking.forge.NetworkManagerImpl/]: Registering S2C receiver with id architectury:spawn_entity_packet
[28Apr2025 19:18:49.745] [modloading-worker-0/DEBUG] [net.neoforged.fml.javafmlmod.AutomaticEventSubscriber/LOADING]: Attempting to inject @EventBusSubscriber classes into the eventbus for architectury
[28Apr2025 19:18:49.746] [modloading-worker-0/DEBUG] [net.neoforged.fml.javafmlmod.AutomaticEventSubscriber/LOADING]: Auto-subscribing dev.architectury.networking.forge.NetworkManagerImpl to FORGE
[28Apr2025 19:18:49.746] [modloading-worker-0/DEBUG] [net.neoforged.fml.javafmlmod.AutomaticEventSubscriber/LOADING]: Auto-subscribing net.neoforged.neoforge.attachment.AttachmentInternals to FORGE
[28Apr2025 19:18:49.747] [modloading-worker-0/DEBUG] [net.neoforged.fml.javafmlmod.AutomaticEventSubscriber/LOADING]: Auto-subscribing net.neoforged.neoforge.client.BlockEntityRenderBoundsDebugRenderer to FORGE
[28Apr2025 19:18:49.748] [modloading-worker-0/DEBUG] [net.neoforged.fml.javafmlmod.AutomaticEventSubscriber/LOADING]: Attempting to inject @EventBusSubscriber classes into the eventbus for veins
[28Apr2025 19:18:49.748] [modloading-worker-0/DEBUG] [net.neoforged.fml.javafmlmod.AutomaticEventSubscriber/LOADING]: Auto-subscribing net.neoforged.neoforge.client.ClientNeoForgeMod to MOD
[28Apr2025 19:18:49.749] [modloading-worker-0/DEBUG] [net.neoforged.fml.javafmlmod.AutomaticEventSubscriber/LOADING]: Auto-subscribing net.neoforged.neoforge.client.ClientHooks$ClientEvents to MOD
[28Apr2025 19:18:49.751] [modloading-worker-0/DEBUG] [net.neoforged.fml.javafmlmod.AutomaticEventSubscriber/LOADING]: Auto-subscribing net.neoforged.neoforge.client.model.data.ModelDataManager to FORGE
[28Apr2025 19:18:49.751] [modloading-worker-0/DEBUG] [net.neoforged.fml.javafmlmod.AutomaticEventSubscriber/LOADING]: Auto-subscribing net.neoforged.neoforge.network.ConfigurationInitialization to MOD
[28Apr2025 19:18:49.752] [modloading-worker-0/DEBUG] [net.neoforged.fml.javafmlmod.AutomaticEventSubscriber/LOADING]: Auto-subscribing net.neoforged.neoforge.network.filters.GenericPacketSplitter to MOD
[28Apr2025 19:18:49.824] [modloading-worker-0/DEBUG] [io.netty.buffer.AbstractByteBuf/]: -Dio.netty.buffer.checkAccessible: true
[28Apr2025 19:18:49.824] [modloading-worker-0/DEBUG] [io.netty.buffer.AbstractByteBuf/]: -Dio.netty.buffer.checkBounds: true
[28Apr2025 19:18:49.825] [modloading-worker-0/DEBUG] [io.netty.util.ResourceLeakDetectorFactory/]: Loaded default ResourceLeakDetector: io.netty.util.ResourceLeakDetector@5ca3dd10
[28Apr2025 19:18:49.830] [modloading-worker-0/DEBUG] [io.netty.util.internal.InternalThreadLocalMap/]: -Dio.netty.threadLocalMap.stringBuilder.initialSize: 1024
[28Apr2025 19:18:49.830] [modloading-worker-0/DEBUG] [io.netty.util.internal.InternalThreadLocalMap/]: -Dio.netty.threadLocalMap.stringBuilder.maxSize: 4096
[28Apr2025 19:18:49.832] [modloading-worker-0/DEBUG] [io.netty.buffer.PooledByteBufAllocator/]: -Dio.netty.allocator.numHeapArenas: 48
[28Apr2025 19:18:49.832] [modloading-worker-0/DEBUG] [io.netty.buffer.PooledByteBufAllocator/]: -Dio.netty.allocator.numDirectArenas: 48
[28Apr2025 19:18:49.832] [modloading-worker-0/DEBUG] [io.netty.buffer.PooledByteBufAllocator/]: -Dio.netty.allocator.pageSize: 8192
[28Apr2025 19:18:49.832] [modloading-worker-0/DEBUG] [io.netty.buffer.PooledByteBufAllocator/]: -Dio.netty.allocator.maxOrder: 9
[28Apr2025 19:18:49.832] [modloading-worker-0/DEBUG] [io.netty.buffer.PooledByteBufAllocator/]: -Dio.netty.allocator.chunkSize: 4194304
[28Apr2025 19:18:49.832] [modloading-worker-0/DEBUG] [io.netty.buffer.PooledByteBufAllocator/]: -Dio.netty.allocator.smallCacheSize: 256
[28Apr2025 19:18:49.832] [modloading-worker-0/DEBUG] [io.netty.buffer.PooledByteBufAllocator/]: -Dio.netty.allocator.normalCacheSize: 64
[28Apr2025 19:18:49.832] [modloading-worker-0/DEBUG] [io.netty.buffer.PooledByteBufAllocator/]: -Dio.netty.allocator.maxCachedBufferCapacity: 32768
[28Apr2025 19:18:49.832] [modloading-worker-0/DEBUG] [io.netty.buffer.PooledByteBufAllocator/]: -Dio.netty.allocator.cacheTrimInterval: 8192
[28Apr2025 19:18:49.832] [modloading-worker-0/DEBUG] [io.netty.buffer.PooledByteBufAllocator/]: -Dio.netty.allocator.cacheTrimIntervalMillis: 0
[28Apr2025 19:18:49.832] [modloading-worker-0/DEBUG] [io.netty.buffer.PooledByteBufAllocator/]: -Dio.netty.allocator.useCacheForAllThreads: false
[28Apr2025 19:18:49.832] [modloading-worker-0/DEBUG] [io.netty.buffer.PooledByteBufAllocator/]: -Dio.netty.allocator.maxCachedByteBuffersPerChunk: 1023
[28Apr2025 19:18:49.837] [modloading-worker-0/DEBUG] [io.netty.buffer.ByteBufUtil/]: -Dio.netty.allocator.type: pooled
[28Apr2025 19:18:49.837] [modloading-worker-0/DEBUG] [io.netty.buffer.ByteBufUtil/]: -Dio.netty.threadLocalDirectBufferSize: 0
[28Apr2025 19:18:49.837] [modloading-worker-0/DEBUG] [io.netty.buffer.ByteBufUtil/]: -Dio.netty.maxThreadLocalCharBufferSize: 16384
[28Apr2025 19:18:49.841] [modloading-worker-0/DEBUG] [net.neoforged.fml.javafmlmod.AutomaticEventSubscriber/LOADING]: Auto-subscribing net.neoforged.neoforge.network.NetworkInitialization to MOD
[28Apr2025 19:18:49.842] [modloading-worker-0/DEBUG] [net.neoforged.fml.javafmlmod.AutomaticEventSubscriber/LOADING]: Auto-subscribing net.neoforged.neoforge.common.DeferredSpawnEggItem$CommonHandler to MOD
[28Apr2025 19:18:49.842] [modloading-worker-0/DEBUG] [net.neoforged.fml.javafmlmod.AutomaticEventSubscriber/LOADING]: Auto-subscribing net.neoforged.neoforge.common.DeferredSpawnEggItem$ColorRegisterHandler to MOD
[28Apr2025 19:18:50.169] [Render thread/INFO] [net.neoforged.neoforge.gametest.GameTestHooks/]: Enabled Gametest Namespaces: []
[28Apr2025 19:18:50.238] [Render thread/INFO] [net.minecraft.server.packs.resources.ReloadableResourceManager/]: Reloading ResourceManager: mod_resources, mod:generated_2c4877d, mod:architectury, mod:veins, mod:neoforge, vanilla, file/Xray_Ultimate_1.21_v5.2.2.zip
[28Apr2025 19:18:50.251] [modloading-worker-0/DEBUG] [net.neoforged.fml.config.ConfigTracker/CONFIG]: Loading configs type CLIENT
[28Apr2025 19:18:50.252] [modloading-worker-0/DEBUG] [net.neoforged.fml.config.ConfigFileTypeHandler/CONFIG]: Built TOML config for C:\Users\James.M\Documents\Dev\Eclipse\Modding\Veins\neoforge\run\config\neoforge-client.toml
[28Apr2025 19:18:50.253] [modloading-worker-0/DEBUG] [net.neoforged.fml.config.ConfigFileTypeHandler/CONFIG]: Loaded TOML config file C:\Users\James.M\Documents\Dev\Eclipse\Modding\Veins\neoforge\run\config\neoforge-client.toml
[28Apr2025 19:18:50.256] [modloading-worker-0/DEBUG] [net.neoforged.fml.config.ConfigFileTypeHandler/CONFIG]: Watching TOML config file C:\Users\James.M\Documents\Dev\Eclipse\Modding\Veins\neoforge\run\config\neoforge-client.toml for changes
[28Apr2025 19:18:50.259] [modloading-worker-0/DEBUG] [net.neoforged.neoforge.common.NeoForgeConfig/FORGEMOD]: Loaded NeoForge config file neoforge-client.toml
[28Apr2025 19:18:50.260] [modloading-worker-0/DEBUG] [net.neoforged.fml.config.ConfigTracker/CONFIG]: Loading configs type COMMON
[28Apr2025 19:18:50.333] [Worker-Main-9/INFO] [net.minecraft.client.gui.font.providers.UnihexProvider/]: Found unifont_all_no_pua-15.1.04.hex, loading
[28Apr2025 19:18:50.366] [Render thread/DEBUG] [net.neoforged.fml.DeferredWorkQueue/LOADING]: Dispatching synchronous work for work queue COMMON_SETUP: 1 jobs
[28Apr2025 19:18:50.367] [Render thread/DEBUG] [net.neoforged.fml.DeferredWorkQueue/LOADING]: Synchronous work queue completed in 717.0 μs
[28Apr2025 19:18:50.776] [Worker-Main-10/WARN] [net.minecraft.server.packs.FilePackResources/]: Invalid path in datapack: forbidden_arcanus:models/block/just move it out of this folder- into the folder this folder is in -  if you want to see darkstone/darkstone.json, ignoring
[28Apr2025 19:18:51.346] [Worker-Main-18/WARN] [net.minecraft.client.resources.model.ModelBakery/]: Exception loading blockstate definition: 'minecraft:blockstates/trial_spawner.json' in resourcepack: 'file/Xray_Ultimate_1.21_v5.2.2.zip' for variant: 'ominous=true,trial_spawner_state=cooldown': Unknown blockstate property: 'ominous'
[28Apr2025 19:18:51.346] [Worker-Main-18/WARN] [net.minecraft.client.resources.model.ModelBakery/]: Exception loading blockstate definition: 'minecraft:blockstates/trial_spawner.json' in resourcepack: 'file/Xray_Ultimate_1.21_v5.2.2.zip' for variant: 'ominous=false,trial_spawner_state=inactive': Unknown blockstate property: 'ominous'
[28Apr2025 19:18:51.346] [Worker-Main-18/WARN] [net.minecraft.client.resources.model.ModelBakery/]: Exception loading blockstate definition: 'minecraft:blockstates/trial_spawner.json' in resourcepack: 'file/Xray_Ultimate_1.21_v5.2.2.zip' for variant: 'ominous=true,trial_spawner_state=waiting_for_reward_ejection': Unknown blockstate property: 'ominous'
[28Apr2025 19:18:51.346] [Worker-Main-18/WARN] [net.minecraft.client.resources.model.ModelBakery/]: Exception loading blockstate definition: 'minecraft:blockstates/trial_spawner.json' in resourcepack: 'file/Xray_Ultimate_1.21_v5.2.2.zip' for variant: 'ominous=false,trial_spawner_state=ejecting_reward': Unknown blockstate property: 'ominous'
[28Apr2025 19:18:51.346] [Worker-Main-18/WARN] [net.minecraft.client.resources.model.ModelBakery/]: Exception loading blockstate definition: 'minecraft:blockstates/trial_spawner.json' in resourcepack: 'file/Xray_Ultimate_1.21_v5.2.2.zip' for variant: 'ominous=true,trial_spawner_state=ejecting_reward': Unknown blockstate property: 'ominous'
[28Apr2025 19:18:51.346] [Worker-Main-18/WARN] [net.minecraft.client.resources.model.ModelBakery/]: Exception loading blockstate definition: 'minecraft:blockstates/trial_spawner.json' in resourcepack: 'file/Xray_Ultimate_1.21_v5.2.2.zip' for variant: 'ominous=true,trial_spawner_state=waiting_for_players': Unknown blockstate property: 'ominous'
[28Apr2025 19:18:51.346] [Worker-Main-18/WARN] [net.minecraft.client.resources.model.ModelBakery/]: Exception loading blockstate definition: 'minecraft:blockstates/trial_spawner.json' in resourcepack: 'file/Xray_Ultimate_1.21_v5.2.2.zip' for variant: 'ominous=false,trial_spawner_state=waiting_for_players': Unknown blockstate property: 'ominous'
[28Apr2025 19:18:51.346] [Worker-Main-18/WARN] [net.minecraft.client.resources.model.ModelBakery/]: Exception loading blockstate definition: 'minecraft:blockstates/trial_spawner.json' in resourcepack: 'file/Xray_Ultimate_1.21_v5.2.2.zip' for variant: 'ominous=false,trial_spawner_state=waiting_for_reward_ejection': Unknown blockstate property: 'ominous'
[28Apr2025 19:18:51.346] [Worker-Main-18/WARN] [net.minecraft.client.resources.model.ModelBakery/]: Exception loading blockstate definition: 'minecraft:blockstates/trial_spawner.json' in resourcepack: 'file/Xray_Ultimate_1.21_v5.2.2.zip' for variant: 'ominous=true,trial_spawner_state=active': Unknown blockstate property: 'ominous'
[28Apr2025 19:18:51.347] [Worker-Main-18/WARN] [net.minecraft.client.resources.model.ModelBakery/]: Exception loading blockstate definition: 'minecraft:blockstates/trial_spawner.json' in resourcepack: 'file/Xray_Ultimate_1.21_v5.2.2.zip' for variant: 'ominous=true,trial_spawner_state=inactive': Unknown blockstate property: 'ominous'
[28Apr2025 19:18:51.347] [Worker-Main-18/WARN] [net.minecraft.client.resources.model.ModelBakery/]: Exception loading blockstate definition: 'minecraft:blockstates/trial_spawner.json' in resourcepack: 'file/Xray_Ultimate_1.21_v5.2.2.zip' for variant: 'ominous=false,trial_spawner_state=active': Unknown blockstate property: 'ominous'
[28Apr2025 19:18:51.347] [Worker-Main-18/WARN] [net.minecraft.client.resources.model.ModelBakery/]: Exception loading blockstate definition: 'minecraft:blockstates/trial_spawner.json' in resourcepack: 'file/Xray_Ultimate_1.21_v5.2.2.zip' for variant: 'ominous=false,trial_spawner_state=cooldown': Unknown blockstate property: 'ominous'
[28Apr2025 19:18:51.791] [modloading-worker-0/INFO] [dev.architectury.networking.forge.NetworkManagerImpl/]: Registering S2C receiver with id architectury:sync_ids
[28Apr2025 19:18:51.793] [modloading-worker-0/INFO] [dev.architectury.networking.forge.NetworkManagerImpl/]: Registering C2S receiver with id architectury:sync_ids
[28Apr2025 19:18:51.829] [Render thread/DEBUG] [net.neoforged.neoforge.common.I18nExtension/CORE]: Loading I18N data entries: 6788
[28Apr2025 19:18:51.864] [Render thread/WARN] [net.minecraft.client.sounds.SoundEngine/]: Missing sound for event: minecraft:item.goat_horn.play
[28Apr2025 19:18:51.865] [Render thread/WARN] [net.minecraft.client.sounds.SoundEngine/]: Missing sound for event: minecraft:entity.goat.screaming.horn_break
[28Apr2025 19:18:51.865] [Render thread/WARN] [net.minecraft.client.sounds.SoundEngine/]: Missing sound for event: minecraft:entity.generic.wind_burst
[28Apr2025 19:18:51.902] [Render thread/INFO] [com.mojang.blaze3d.audio.Library/]: OpenAL initialized on device OpenAL Soft on Speakers (CA 2.0 BT SPEAKER Stereo)
[28Apr2025 19:18:51.902] [Render thread/INFO] [net.minecraft.client.sounds.SoundEngine/SOUNDS]: Sound engine started
[28Apr2025 19:18:51.964] [Render thread/INFO] [net.minecraft.client.renderer.texture.TextureAtlas/]: Created: 1024x512x4 minecraft:textures/atlas/blocks.png-atlas
[28Apr2025 19:18:51.967] [Render thread/INFO] [net.minecraft.client.renderer.texture.TextureAtlas/]: Created: 256x256x4 minecraft:textures/atlas/signs.png-atlas
[28Apr2025 19:18:51.968] [Render thread/INFO] [net.minecraft.client.renderer.texture.TextureAtlas/]: Created: 512x512x4 minecraft:textures/atlas/banner_patterns.png-atlas
[28Apr2025 19:18:51.969] [Render thread/INFO] [net.minecraft.client.renderer.texture.TextureAtlas/]: Created: 512x512x4 minecraft:textures/atlas/shield_patterns.png-atlas
[28Apr2025 19:18:51.969] [Render thread/INFO] [net.minecraft.client.renderer.texture.TextureAtlas/]: Created: 1024x1024x4 minecraft:textures/atlas/armor_trims.png-atlas
[28Apr2025 19:18:51.970] [Render thread/INFO] [net.minecraft.client.renderer.texture.TextureAtlas/]: Created: 256x256x4 minecraft:textures/atlas/chest.png-atlas
[28Apr2025 19:18:51.970] [Render thread/INFO] [net.minecraft.client.renderer.texture.TextureAtlas/]: Created: 128x64x4 minecraft:textures/atlas/decorated_pot.png-atlas
[28Apr2025 19:18:51.970] [Render thread/INFO] [net.minecraft.client.renderer.texture.TextureAtlas/]: Created: 512x256x4 minecraft:textures/atlas/shulker_boxes.png-atlas
[28Apr2025 19:18:51.970] [Render thread/INFO] [net.minecraft.client.renderer.texture.TextureAtlas/]: Created: 512x256x4 minecraft:textures/atlas/beds.png-atlas
[28Apr2025 19:18:52.110] [Render thread/WARN] [net.minecraft.client.renderer.ShaderInstance/]: Shader rendertype_entity_translucent_emissive could not find sampler named Sampler2 in the specified shader program.
[28Apr2025 19:18:52.139] [Render thread/INFO] [net.minecraft.client.renderer.texture.TextureAtlas/]: Created: 512x256x0 minecraft:textures/atlas/particles.png-atlas
[28Apr2025 19:18:52.140] [Render thread/INFO] [net.minecraft.client.renderer.texture.TextureAtlas/]: Created: 256x256x0 minecraft:textures/atlas/paintings.png-atlas
[28Apr2025 19:18:52.140] [Render thread/INFO] [net.minecraft.client.renderer.texture.TextureAtlas/]: Created: 128x128x0 minecraft:textures/atlas/mob_effects.png-atlas
[28Apr2025 19:18:52.140] [Render thread/INFO] [net.minecraft.client.renderer.texture.TextureAtlas/]: Created: 1024x512x0 minecraft:textures/atlas/gui.png-atlas
[28Apr2025 19:19:05.508] [Render thread/INFO] [net.minecraft.client.Minecraft/]: Stopping!
